2026-05-27 07:33:47 | INFO     | Parsing FASTA...
2026-05-27 07:33:47 | INFO     | Starting fasta parser
2026-05-27 07:33:47 | SUCCESS  | Found 547 valid sequences in data/test.fasta
2026-05-27 07:33:47 | SUCCESS  | Parsed 547 sequences.
2026-05-27 07:33:47 | INFO     | Finding ORFs...
2026-05-27 07:33:47 | INFO     | Starting ORF search (Minimal length: 150 nt)
2026-05-27 07:33:47 | DEBUG    | Searching ORFs in sequence Contig1...
2026-05-27 07:33:47 | INFO     | Success: 0 ORFs found in Contig1.
2026-05-27 07:33:47 | DEBUG    | Searching ORFs in sequence Contig2...
2026-05-27 07:33:47 | INFO     | Success: 8 ORFs found in Contig2.
2026-05-27 07:33:47 | DEBUG    | Searching ORFs in sequence Contig3...
2026-05-27 07:33:47 | INFO     | Success: 1 ORFs found in Contig3.
2026-05-27 07:33:47 | DEBUG    | Searching ORFs in sequence Contig4...
2026-05-27 07:33:47 | INFO     | Success: 2 ORFs found in Contig4.
2026-05-27 07:33:47 | DEBUG    | Searching ORFs in sequence Contig5...
2026-05-27 07:33:47 | INFO     | Success: 3 ORFs found in Contig5.
2026-05-27 07:33:47 | DEBUG    | Searching ORFs in sequence Contig6...
2026-05-27 07:33:47 | INFO     | Success: 3 ORFs found in Contig6.
2026-05-27 07:33:47 | DEBUG    | Searching ORFs in sequence Contig7...
2026-05-27 07:33:47 | INFO     | Success: 3 ORFs found in Contig7.
2026-05-27 07:33:47 | DEBUG    | Searching ORFs in sequence Contig8...
2026-05-27 07:33:47 | INFO     | Success: 3 ORFs found in Contig8.
2026-05-27 07:33:47 | DEBUG    | Searching ORFs in sequence Contig9...
2026-05-27 07:33:47 | INFO     | Success: 18 ORFs found in Contig9.
2026-05-27 07:33:47 | DEBUG    | Searching ORFs in sequence Contig10...
2026-05-27 07:33:47 | INFO     | Success: 2 ORFs found in Contig10.
2026-05-27 07:33:47 | DEBUG    | Searching ORFs in sequence Contig11...
2026-05-27 07:33:47 | INFO     | Success: 6 ORFs found in Contig11.
2026-05-27 07:33:47 | DEBUG    | Searching ORFs in sequence Contig12...
2026-05-27 07:33:47 | INFO     | Success: 1 ORFs found in Contig12.
2026-05-27 07:33:47 | DEBUG    | Searching ORFs in sequence Contig13...
2026-05-27 07:33:47 | INFO     | Success: 3 ORFs found in Contig13.
2026-05-27 07:33:47 | DEBUG    | Searching ORFs in sequence Contig14...
2026-05-27 07:33:47 | INFO     | Success: 2 ORFs found in Contig14.
2026-05-27 07:33:47 | DEBUG    | Searching ORFs in sequence Contig15...
2026-05-27 07:33:47 | INFO     | Success: 2 ORFs found in Contig15.
2026-05-27 07:33:47 | DEBUG    | Searching ORFs in sequence Contig16...
2026-05-27 07:33:47 | INFO     | Success: 4 ORFs found in Contig16.
2026-05-27 07:33:47 | DEBUG    | Searching ORFs in sequence Contig17...
2026-05-27 07:33:47 | INFO     | Success: 6 ORFs found in Contig17.
2026-05-27 07:33:47 | DEBUG    | Searching ORFs in sequence Contig18...
2026-05-27 07:33:47 | INFO     | Success: 2 ORFs found in Contig18.
2026-05-27 07:33:47 | DEBUG    | Searching ORFs in sequence Contig19...
2026-05-27 07:33:47 | INFO     | Success: 2 ORFs found in Contig19.
2026-05-27 07:33:47 | DEBUG    | Searching ORFs in sequence Contig20...
2026-05-27 07:33:47 | INFO     | Success: 11 ORFs found in Contig20.
2026-05-27 07:33:47 | DEBUG    | Searching ORFs in sequence Contig21...
2026-05-27 07:33:47 | INFO     | Success: 1 ORFs found in Contig21.
2026-05-27 07:33:47 | DEBUG    | Searching ORFs in sequence Contig22...
2026-05-27 07:33:47 | INFO     | Success: 3 ORFs found in Contig22.
2026-05-27 07:33:47 | DEBUG    | Searching ORFs in sequence Contig23...
2026-05-27 07:33:47 | INFO     | Success: 8 ORFs found in Contig23.
2026-05-27 07:33:47 | DEBUG    | Searching ORFs in sequence Contig24...
2026-05-27 07:33:47 | INFO     | Success: 0 ORFs found in Contig24.
2026-05-27 07:33:47 | DEBUG    | Searching ORFs in sequence Contig25...
2026-05-27 07:33:47 | INFO     | Success: 12 ORFs found in Contig25.
2026-05-27 07:33:47 | DEBUG    | Searching ORFs in sequence Contig26...
2026-05-27 07:33:47 | INFO     | Success: 13 ORFs found in Contig26.
2026-05-27 07:33:47 | DEBUG    | Searching ORFs in sequence Contig27...
2026-05-27 07:33:47 | INFO     | Success: 6 ORFs found in Contig27.
2026-05-27 07:33:47 | DEBUG    | Searching ORFs in sequence Contig28...
2026-05-27 07:33:47 | INFO     | Success: 8 ORFs found in Contig28.
2026-05-27 07:33:47 | DEBUG    | Searching ORFs in sequence Contig29...
2026-05-27 07:33:47 | INFO     | Success: 4 ORFs found in Contig29.
2026-05-27 07:33:47 | DEBUG    | Searching ORFs in sequence Contig30...
2026-05-27 07:33:47 | INFO     | Success: 20 ORFs found in Contig30.
2026-05-27 07:33:47 | DEBUG    | Searching ORFs in sequence Contig31...
2026-05-27 07:33:47 | INFO     | Success: 10 ORFs found in Contig31.
2026-05-27 07:33:47 | DEBUG    | Searching ORFs in sequence Contig32...
2026-05-27 07:33:47 | INFO     | Success: 2 ORFs found in Contig32.
2026-05-27 07:33:47 | DEBUG    | Searching ORFs in sequence Contig33...
2026-05-27 07:33:47 | INFO     | Success: 13 ORFs found in Contig33.
2026-05-27 07:33:47 | DEBUG    | Searching ORFs in sequence Contig34...
2026-05-27 07:33:47 | INFO     | Success: 2 ORFs found in Contig34.
2026-05-27 07:33:47 | DEBUG    | Searching ORFs in sequence Contig35...
2026-05-27 07:33:47 | INFO     | Success: 3 ORFs found in Contig35.
2026-05-27 07:33:47 | DEBUG    | Searching ORFs in sequence Contig36...
2026-05-27 07:33:47 | INFO     | Success: 6 ORFs found in Contig36.
2026-05-27 07:33:47 | DEBUG    | Searching ORFs in sequence Contig37...
2026-05-27 07:33:47 | INFO     | Success: 8 ORFs found in Contig37.
2026-05-27 07:33:47 | DEBUG    | Searching ORFs in sequence Contig38...
2026-05-27 07:33:47 | INFO     | Success: 1 ORFs found in Contig38.
2026-05-27 07:33:47 | DEBUG    | Searching ORFs in sequence Contig39...
2026-05-27 07:33:47 | INFO     | Success: 0 ORFs found in Contig39.
2026-05-27 07:33:47 | DEBUG    | Searching ORFs in sequence Contig40...
2026-05-27 07:33:47 | INFO     | Success: 14 ORFs found in Contig40.
2026-05-27 07:33:47 | DEBUG    | Searching ORFs in sequence Contig41...
2026-05-27 07:33:47 | INFO     | Success: 1 ORFs found in Contig41.
2026-05-27 07:33:47 | DEBUG    | Searching ORFs in sequence Contig42...
2026-05-27 07:33:47 | INFO     | Success: 2 ORFs found in Contig42.
2026-05-27 07:33:47 | DEBUG    | Searching ORFs in sequence Contig43...
2026-05-27 07:33:47 | INFO     | Success: 5 ORFs found in Contig43.
2026-05-27 07:33:47 | DEBUG    | Searching ORFs in sequence Contig44...
2026-05-27 07:33:47 | INFO     | Success: 8 ORFs found in Contig44.
2026-05-27 07:33:47 | DEBUG    | Searching ORFs in sequence Contig45...
2026-05-27 07:33:47 | INFO     | Success: 1 ORFs found in Contig45.
2026-05-27 07:33:47 | DEBUG    | Searching ORFs in sequence Contig46...
2026-05-27 07:33:47 | INFO     | Success: 0 ORFs found in Contig46.
2026-05-27 07:33:47 | DEBUG    | Searching ORFs in sequence Contig47...
2026-05-27 07:33:47 | INFO     | Success: 8 ORFs found in Contig47.
2026-05-27 07:33:47 | DEBUG    | Searching ORFs in sequence Contig48...
2026-05-27 07:33:47 | INFO     | Success: 3 ORFs found in Contig48.
2026-05-27 07:33:47 | DEBUG    | Searching ORFs in sequence Contig49...
2026-05-27 07:33:47 | INFO     | Success: 8 ORFs found in Contig49.
2026-05-27 07:33:47 | DEBUG    | Searching ORFs in sequence Contig50...
2026-05-27 07:33:47 | INFO     | Success: 13 ORFs found in Contig50.
2026-05-27 07:33:47 | DEBUG    | Searching ORFs in sequence Contig51...
2026-05-27 07:33:47 | INFO     | Success: 26 ORFs found in Contig51.
2026-05-27 07:33:47 | DEBUG    | Searching ORFs in sequence Contig52...
2026-05-27 07:33:47 | INFO     | Success: 5 ORFs found in Contig52.
2026-05-27 07:33:47 | DEBUG    | Searching ORFs in sequence Contig53...
2026-05-27 07:33:47 | INFO     | Success: 17 ORFs found in Contig53.
2026-05-27 07:33:47 | DEBUG    | Searching ORFs in sequence Contig54...
2026-05-27 07:33:47 | INFO     | Success: 3 ORFs found in Contig54.
2026-05-27 07:33:47 | DEBUG    | Searching ORFs in sequence Contig55...
2026-05-27 07:33:47 | INFO     | Success: 0 ORFs found in Contig55.
2026-05-27 07:33:47 | DEBUG    | Searching ORFs in sequence Contig56...
2026-05-27 07:33:47 | INFO     | Success: 2 ORFs found in Contig56.
2026-05-27 07:33:47 | DEBUG    | Searching ORFs in sequence Contig57...
2026-05-27 07:33:47 | INFO     | Success: 2 ORFs found in Contig57.
2026-05-27 07:33:47 | DEBUG    | Searching ORFs in sequence Contig58...
2026-05-27 07:33:47 | INFO     | Success: 5 ORFs found in Contig58.
2026-05-27 07:33:47 | DEBUG    | Searching ORFs in sequence Contig59...
2026-05-27 07:33:47 | INFO     | Success: 8 ORFs found in Contig59.
2026-05-27 07:33:47 | DEBUG    | Searching ORFs in sequence Contig60...
2026-05-27 07:33:47 | INFO     | Success: 1 ORFs found in Contig60.
2026-05-27 07:33:47 | DEBUG    | Searching ORFs in sequence Contig61...
2026-05-27 07:33:47 | INFO     | Success: 1 ORFs found in Contig61.
2026-05-27 07:33:47 | DEBUG    | Searching ORFs in sequence Contig62...
2026-05-27 07:33:47 | INFO     | Success: 1 ORFs found in Contig62.
2026-05-27 07:33:47 | DEBUG    | Searching ORFs in sequence Contig63...
2026-05-27 07:33:47 | INFO     | Success: 3 ORFs found in Contig63.
2026-05-27 07:33:47 | DEBUG    | Searching ORFs in sequence Contig64...
2026-05-27 07:33:47 | INFO     | Success: 0 ORFs found in Contig64.
2026-05-27 07:33:47 | DEBUG    | Searching ORFs in sequence Contig65...
2026-05-27 07:33:47 | INFO     | Success: 17 ORFs found in Contig65.
2026-05-27 07:33:47 | DEBUG    | Searching ORFs in sequence Contig66...
2026-05-27 07:33:47 | INFO     | Success: 32 ORFs found in Contig66.
2026-05-27 07:33:47 | DEBUG    | Searching ORFs in sequence Contig67...
2026-05-27 07:33:47 | INFO     | Success: 0 ORFs found in Contig67.
2026-05-27 07:33:47 | DEBUG    | Searching ORFs in sequence Contig68...
2026-05-27 07:33:47 | INFO     | Success: 2 ORFs found in Contig68.
2026-05-27 07:33:47 | DEBUG    | Searching ORFs in sequence Contig69...
2026-05-27 07:33:47 | INFO     | Success: 7 ORFs found in Contig69.
2026-05-27 07:33:47 | DEBUG    | Searching ORFs in sequence Contig70...
2026-05-27 07:33:47 | INFO     | Success: 9 ORFs found in Contig70.
2026-05-27 07:33:47 | DEBUG    | Searching ORFs in sequence Contig71...
2026-05-27 07:33:47 | INFO     | Success: 2 ORFs found in Contig71.
2026-05-27 07:33:47 | DEBUG    | Searching ORFs in sequence Contig72...
2026-05-27 07:33:47 | INFO     | Success: 4 ORFs found in Contig72.
2026-05-27 07:33:47 | DEBUG    | Searching ORFs in sequence Contig73...
2026-05-27 07:33:47 | INFO     | Success: 6 ORFs found in Contig73.
2026-05-27 07:33:47 | DEBUG    | Searching ORFs in sequence Contig74...
2026-05-27 07:33:47 | INFO     | Success: 0 ORFs found in Contig74.
2026-05-27 07:33:47 | DEBUG    | Searching ORFs in sequence Contig75...
2026-05-27 07:33:47 | INFO     | Success: 1 ORFs found in Contig75.
2026-05-27 07:33:47 | DEBUG    | Searching ORFs in sequence Contig76...
2026-05-27 07:33:47 | INFO     | Success: 2 ORFs found in Contig76.
2026-05-27 07:33:47 | DEBUG    | Searching ORFs in sequence Contig77...
2026-05-27 07:33:47 | INFO     | Success: 11 ORFs found in Contig77.
2026-05-27 07:33:47 | DEBUG    | Searching ORFs in sequence Contig78...
2026-05-27 07:33:47 | INFO     | Success: 6 ORFs found in Contig78.
2026-05-27 07:33:47 | DEBUG    | Searching ORFs in sequence Contig79...
2026-05-27 07:33:47 | INFO     | Success: 5 ORFs found in Contig79.
2026-05-27 07:33:47 | DEBUG    | Searching ORFs in sequence Contig80...
2026-05-27 07:33:47 | INFO     | Success: 2 ORFs found in Contig80.
2026-05-27 07:33:47 | DEBUG    | Searching ORFs in sequence Contig81...
2026-05-27 07:33:47 | INFO     | Success: 1 ORFs found in Contig81.
2026-05-27 07:33:47 | DEBUG    | Searching ORFs in sequence Contig82...
2026-05-27 07:33:47 | INFO     | Success: 5 ORFs found in Contig82.
2026-05-27 07:33:47 | DEBUG    | Searching ORFs in sequence Contig83...
2026-05-27 07:33:47 | INFO     | Success: 11 ORFs found in Contig83.
2026-05-27 07:33:47 | DEBUG    | Searching ORFs in sequence Contig84...
2026-05-27 07:33:47 | INFO     | Success: 3 ORFs found in Contig84.
2026-05-27 07:33:47 | DEBUG    | Searching ORFs in sequence Contig85...
2026-05-27 07:33:47 | INFO     | Success: 4 ORFs found in Contig85.
2026-05-27 07:33:47 | DEBUG    | Searching ORFs in sequence Contig86...
2026-05-27 07:33:47 | INFO     | Success: 3 ORFs found in Contig86.
2026-05-27 07:33:47 | DEBUG    | Searching ORFs in sequence Contig87...
2026-05-27 07:33:47 | INFO     | Success: 22 ORFs found in Contig87.
2026-05-27 07:33:47 | DEBUG    | Searching ORFs in sequence Contig88...
2026-05-27 07:33:47 | INFO     | Success: 10 ORFs found in Contig88.
2026-05-27 07:33:47 | DEBUG    | Searching ORFs in sequence Contig89...
2026-05-27 07:33:47 | INFO     | Success: 1 ORFs found in Contig89.
2026-05-27 07:33:47 | DEBUG    | Searching ORFs in sequence Contig90...
2026-05-27 07:33:47 | INFO     | Success: 0 ORFs found in Contig90.
2026-05-27 07:33:47 | DEBUG    | Searching ORFs in sequence Contig91...
2026-05-27 07:33:47 | INFO     | Success: 1 ORFs found in Contig91.
2026-05-27 07:33:47 | DEBUG    | Searching ORFs in sequence Contig92...
2026-05-27 07:33:47 | INFO     | Success: 2 ORFs found in Contig92.
2026-05-27 07:33:47 | DEBUG    | Searching ORFs in sequence Contig93...
2026-05-27 07:33:47 | INFO     | Success: 15 ORFs found in Contig93.
2026-05-27 07:33:47 | DEBUG    | Searching ORFs in sequence Contig94...
2026-05-27 07:33:47 | INFO     | Success: 3 ORFs found in Contig94.
2026-05-27 07:33:47 | DEBUG    | Searching ORFs in sequence Contig95...
2026-05-27 07:33:47 | INFO     | Success: 2 ORFs found in Contig95.
2026-05-27 07:33:47 | DEBUG    | Searching ORFs in sequence Contig96...
2026-05-27 07:33:47 | INFO     | Success: 2 ORFs found in Contig96.
2026-05-27 07:33:47 | DEBUG    | Searching ORFs in sequence Contig97...
2026-05-27 07:33:47 | INFO     | Success: 4 ORFs found in Contig97.
2026-05-27 07:33:47 | DEBUG    | Searching ORFs in sequence Contig98...
2026-05-27 07:33:47 | INFO     | Success: 8 ORFs found in Contig98.
2026-05-27 07:33:47 | DEBUG    | Searching ORFs in sequence Contig99...
2026-05-27 07:33:47 | INFO     | Success: 1 ORFs found in Contig99.
2026-05-27 07:33:47 | DEBUG    | Searching ORFs in sequence Contig100...
2026-05-27 07:33:47 | INFO     | Success: 6 ORFs found in Contig100.
2026-05-27 07:33:47 | DEBUG    | Searching ORFs in sequence Contig101...
2026-05-27 07:33:47 | INFO     | Success: 8 ORFs found in Contig101.
2026-05-27 07:33:47 | DEBUG    | Searching ORFs in sequence Contig102...
2026-05-27 07:33:47 | INFO     | Success: 4 ORFs found in Contig102.
2026-05-27 07:33:47 | DEBUG    | Searching ORFs in sequence Contig103...
2026-05-27 07:33:47 | INFO     | Success: 2 ORFs found in Contig103.
2026-05-27 07:33:47 | DEBUG    | Searching ORFs in sequence Contig104...
2026-05-27 07:33:47 | INFO     | Success: 4 ORFs found in Contig104.
2026-05-27 07:33:47 | DEBUG    | Searching ORFs in sequence Contig105...
2026-05-27 07:33:47 | INFO     | Success: 1 ORFs found in Contig105.
2026-05-27 07:33:47 | DEBUG    | Searching ORFs in sequence Contig106...
2026-05-27 07:33:47 | INFO     | Success: 1 ORFs found in Contig106.
2026-05-27 07:33:47 | DEBUG    | Searching ORFs in sequence Contig107...
2026-05-27 07:33:47 | INFO     | Success: 3 ORFs found in Contig107.
2026-05-27 07:33:47 | DEBUG    | Searching ORFs in sequence Contig108...
2026-05-27 07:33:47 | INFO     | Success: 2 ORFs found in Contig108.
2026-05-27 07:33:47 | DEBUG    | Searching ORFs in sequence Contig109...
2026-05-27 07:33:47 | INFO     | Success: 2 ORFs found in Contig109.
2026-05-27 07:33:47 | DEBUG    | Searching ORFs in sequence Contig110...
2026-05-27 07:33:47 | INFO     | Success: 2 ORFs found in Contig110.
2026-05-27 07:33:47 | DEBUG    | Searching ORFs in sequence Contig111...
2026-05-27 07:33:47 | INFO     | Success: 4 ORFs found in Contig111.
2026-05-27 07:33:47 | DEBUG    | Searching ORFs in sequence Contig112...
2026-05-27 07:33:47 | INFO     | Success: 15 ORFs found in Contig112.
2026-05-27 07:33:47 | DEBUG    | Searching ORFs in sequence Contig113...
2026-05-27 07:33:47 | INFO     | Success: 8 ORFs found in Contig113.
2026-05-27 07:33:47 | DEBUG    | Searching ORFs in sequence Contig114...
2026-05-27 07:33:47 | INFO     | Success: 2 ORFs found in Contig114.
2026-05-27 07:33:47 | DEBUG    | Searching ORFs in sequence Contig115...
2026-05-27 07:33:47 | INFO     | Success: 14 ORFs found in Contig115.
2026-05-27 07:33:47 | DEBUG    | Searching ORFs in sequence Contig116...
2026-05-27 07:33:47 | INFO     | Success: 20 ORFs found in Contig116.
2026-05-27 07:33:47 | DEBUG    | Searching ORFs in sequence Contig117...
2026-05-27 07:33:47 | INFO     | Success: 3 ORFs found in Contig117.
2026-05-27 07:33:47 | DEBUG    | Searching ORFs in sequence Contig118...
2026-05-27 07:33:47 | INFO     | Success: 2 ORFs found in Contig118.
2026-05-27 07:33:47 | DEBUG    | Searching ORFs in sequence Contig119...
2026-05-27 07:33:47 | INFO     | Success: 1 ORFs found in Contig119.
2026-05-27 07:33:47 | DEBUG    | Searching ORFs in sequence Contig120...
2026-05-27 07:33:47 | INFO     | Success: 2 ORFs found in Contig120.
2026-05-27 07:33:47 | DEBUG    | Searching ORFs in sequence Contig121...
2026-05-27 07:33:47 | INFO     | Success: 1 ORFs found in Contig121.
2026-05-27 07:33:47 | DEBUG    | Searching ORFs in sequence Contig122...
2026-05-27 07:33:47 | INFO     | Success: 7 ORFs found in Contig122.
2026-05-27 07:33:47 | DEBUG    | Searching ORFs in sequence Contig123...
2026-05-27 07:33:47 | INFO     | Success: 12 ORFs found in Contig123.
2026-05-27 07:33:47 | DEBUG    | Searching ORFs in sequence Contig124...
2026-05-27 07:33:47 | INFO     | Success: 17 ORFs found in Contig124.
2026-05-27 07:33:47 | DEBUG    | Searching ORFs in sequence Contig125...
2026-05-27 07:33:47 | INFO     | Success: 20 ORFs found in Contig125.
2026-05-27 07:33:47 | DEBUG    | Searching ORFs in sequence Contig126...
2026-05-27 07:33:47 | INFO     | Success: 7 ORFs found in Contig126.
2026-05-27 07:33:47 | DEBUG    | Searching ORFs in sequence Contig127...
2026-05-27 07:33:47 | INFO     | Success: 4 ORFs found in Contig127.
2026-05-27 07:33:47 | DEBUG    | Searching ORFs in sequence Contig128...
2026-05-27 07:33:47 | INFO     | Success: 9 ORFs found in Contig128.
2026-05-27 07:33:47 | DEBUG    | Searching ORFs in sequence Contig129...
2026-05-27 07:33:47 | INFO     | Success: 2 ORFs found in Contig129.
2026-05-27 07:33:47 | DEBUG    | Searching ORFs in sequence Contig130...
2026-05-27 07:33:47 | INFO     | Success: 2 ORFs found in Contig130.
2026-05-27 07:33:47 | DEBUG    | Searching ORFs in sequence Contig131...
2026-05-27 07:33:47 | INFO     | Success: 3 ORFs found in Contig131.
2026-05-27 07:33:47 | DEBUG    | Searching ORFs in sequence Contig132...
2026-05-27 07:33:47 | INFO     | Success: 11 ORFs found in Contig132.
2026-05-27 07:33:47 | DEBUG    | Searching ORFs in sequence Contig133...
2026-05-27 07:33:47 | INFO     | Success: 4 ORFs found in Contig133.
2026-05-27 07:33:47 | DEBUG    | Searching ORFs in sequence Contig134...
2026-05-27 07:33:47 | INFO     | Success: 9 ORFs found in Contig134.
2026-05-27 07:33:47 | DEBUG    | Searching ORFs in sequence Contig135...
2026-05-27 07:33:47 | INFO     | Success: 6 ORFs found in Contig135.
2026-05-27 07:33:47 | DEBUG    | Searching ORFs in sequence Contig136...
2026-05-27 07:33:47 | INFO     | Success: 8 ORFs found in Contig136.
2026-05-27 07:33:47 | DEBUG    | Searching ORFs in sequence Contig137...
2026-05-27 07:33:47 | INFO     | Success: 6 ORFs found in Contig137.
2026-05-27 07:33:47 | DEBUG    | Searching ORFs in sequence Contig138...
2026-05-27 07:33:47 | INFO     | Success: 3 ORFs found in Contig138.
2026-05-27 07:33:47 | DEBUG    | Searching ORFs in sequence Contig139...
2026-05-27 07:33:47 | INFO     | Success: 4 ORFs found in Contig139.
2026-05-27 07:33:47 | DEBUG    | Searching ORFs in sequence Contig140...
2026-05-27 07:33:47 | INFO     | Success: 1 ORFs found in Contig140.
2026-05-27 07:33:47 | DEBUG    | Searching ORFs in sequence Contig141...
2026-05-27 07:33:47 | INFO     | Success: 19 ORFs found in Contig141.
2026-05-27 07:33:47 | DEBUG    | Searching ORFs in sequence Contig142...
2026-05-27 07:33:47 | INFO     | Success: 4 ORFs found in Contig142.
2026-05-27 07:33:47 | DEBUG    | Searching ORFs in sequence Contig143...
2026-05-27 07:33:47 | INFO     | Success: 6 ORFs found in Contig143.
2026-05-27 07:33:47 | DEBUG    | Searching ORFs in sequence Contig144...
2026-05-27 07:33:47 | INFO     | Success: 7 ORFs found in Contig144.
2026-05-27 07:33:47 | DEBUG    | Searching ORFs in sequence Contig145...
2026-05-27 07:33:47 | INFO     | Success: 2 ORFs found in Contig145.
2026-05-27 07:33:47 | DEBUG    | Searching ORFs in sequence Contig146...
2026-05-27 07:33:47 | INFO     | Success: 4 ORFs found in Contig146.
2026-05-27 07:33:47 | DEBUG    | Searching ORFs in sequence Contig147...
2026-05-27 07:33:47 | INFO     | Success: 11 ORFs found in Contig147.
2026-05-27 07:33:47 | DEBUG    | Searching ORFs in sequence Contig148...
2026-05-27 07:33:47 | INFO     | Success: 5 ORFs found in Contig148.
2026-05-27 07:33:47 | DEBUG    | Searching ORFs in sequence Contig149...
2026-05-27 07:33:47 | INFO     | Success: 2 ORFs found in Contig149.
2026-05-27 07:33:47 | DEBUG    | Searching ORFs in sequence Contig150...
2026-05-27 07:33:47 | INFO     | Success: 0 ORFs found in Contig150.
2026-05-27 07:33:47 | DEBUG    | Searching ORFs in sequence Contig151...
2026-05-27 07:33:47 | INFO     | Success: 4 ORFs found in Contig151.
2026-05-27 07:33:47 | DEBUG    | Searching ORFs in sequence Contig152...
2026-05-27 07:33:47 | INFO     | Success: 3 ORFs found in Contig152.
2026-05-27 07:33:47 | DEBUG    | Searching ORFs in sequence Contig153...
2026-05-27 07:33:47 | INFO     | Success: 4 ORFs found in Contig153.
2026-05-27 07:33:47 | DEBUG    | Searching ORFs in sequence Contig154...
2026-05-27 07:33:47 | INFO     | Success: 23 ORFs found in Contig154.
2026-05-27 07:33:47 | DEBUG    | Searching ORFs in sequence Contig155...
2026-05-27 07:33:47 | INFO     | Success: 21 ORFs found in Contig155.
2026-05-27 07:33:47 | DEBUG    | Searching ORFs in sequence Contig156...
2026-05-27 07:33:47 | INFO     | Success: 20 ORFs found in Contig156.
2026-05-27 07:33:47 | DEBUG    | Searching ORFs in sequence Contig157...
2026-05-27 07:33:47 | INFO     | Success: 8 ORFs found in Contig157.
2026-05-27 07:33:47 | DEBUG    | Searching ORFs in sequence Contig158...
2026-05-27 07:33:47 | INFO     | Success: 19 ORFs found in Contig158.
2026-05-27 07:33:47 | DEBUG    | Searching ORFs in sequence Contig159...
2026-05-27 07:33:47 | INFO     | Success: 21 ORFs found in Contig159.
2026-05-27 07:33:47 | DEBUG    | Searching ORFs in sequence Contig160...
2026-05-27 07:33:47 | INFO     | Success: 8 ORFs found in Contig160.
2026-05-27 07:33:47 | DEBUG    | Searching ORFs in sequence Contig161...
2026-05-27 07:33:47 | INFO     | Success: 2 ORFs found in Contig161.
2026-05-27 07:33:47 | DEBUG    | Searching ORFs in sequence Contig162...
2026-05-27 07:33:47 | INFO     | Success: 4 ORFs found in Contig162.
2026-05-27 07:33:47 | DEBUG    | Searching ORFs in sequence Contig163...
2026-05-27 07:33:47 | INFO     | Success: 7 ORFs found in Contig163.
2026-05-27 07:33:47 | DEBUG    | Searching ORFs in sequence Contig164...
2026-05-27 07:33:47 | INFO     | Success: 3 ORFs found in Contig164.
2026-05-27 07:33:47 | DEBUG    | Searching ORFs in sequence Contig165...
2026-05-27 07:33:47 | INFO     | Success: 11 ORFs found in Contig165.
2026-05-27 07:33:47 | DEBUG    | Searching ORFs in sequence Contig166...
2026-05-27 07:33:47 | INFO     | Success: 3 ORFs found in Contig166.
2026-05-27 07:33:47 | DEBUG    | Searching ORFs in sequence Contig167...
2026-05-27 07:33:47 | INFO     | Success: 5 ORFs found in Contig167.
2026-05-27 07:33:47 | DEBUG    | Searching ORFs in sequence Contig168...
2026-05-27 07:33:47 | INFO     | Success: 5 ORFs found in Contig168.
2026-05-27 07:33:47 | DEBUG    | Searching ORFs in sequence Contig169...
2026-05-27 07:33:47 | INFO     | Success: 4 ORFs found in Contig169.
2026-05-27 07:33:47 | DEBUG    | Searching ORFs in sequence Contig170...
2026-05-27 07:33:47 | INFO     | Success: 17 ORFs found in Contig170.
2026-05-27 07:33:47 | DEBUG    | Searching ORFs in sequence Contig171...
2026-05-27 07:33:47 | INFO     | Success: 11 ORFs found in Contig171.
2026-05-27 07:33:47 | DEBUG    | Searching ORFs in sequence Contig172...
2026-05-27 07:33:47 | INFO     | Success: 2 ORFs found in Contig172.
2026-05-27 07:33:47 | DEBUG    | Searching ORFs in sequence Contig173...
2026-05-27 07:33:47 | INFO     | Success: 3 ORFs found in Contig173.
2026-05-27 07:33:47 | DEBUG    | Searching ORFs in sequence Contig174...
2026-05-27 07:33:47 | INFO     | Success: 12 ORFs found in Contig174.
2026-05-27 07:33:47 | DEBUG    | Searching ORFs in sequence Contig175...
2026-05-27 07:33:47 | INFO     | Success: 4 ORFs found in Contig175.
2026-05-27 07:33:47 | DEBUG    | Searching ORFs in sequence Contig176...
2026-05-27 07:33:47 | INFO     | Success: 2 ORFs found in Contig176.
2026-05-27 07:33:47 | DEBUG    | Searching ORFs in sequence Contig177...
2026-05-27 07:33:47 | INFO     | Success: 9 ORFs found in Contig177.
2026-05-27 07:33:47 | DEBUG    | Searching ORFs in sequence Contig178...
2026-05-27 07:33:47 | INFO     | Success: 16 ORFs found in Contig178.
2026-05-27 07:33:47 | DEBUG    | Searching ORFs in sequence Contig179...
2026-05-27 07:33:47 | INFO     | Success: 1 ORFs found in Contig179.
2026-05-27 07:33:47 | DEBUG    | Searching ORFs in sequence Contig180...
2026-05-27 07:33:47 | INFO     | Success: 4 ORFs found in Contig180.
2026-05-27 07:33:47 | DEBUG    | Searching ORFs in sequence Contig181...
2026-05-27 07:33:47 | INFO     | Success: 0 ORFs found in Contig181.
2026-05-27 07:33:47 | DEBUG    | Searching ORFs in sequence Contig182...
2026-05-27 07:33:47 | INFO     | Success: 22 ORFs found in Contig182.
2026-05-27 07:33:47 | DEBUG    | Searching ORFs in sequence Contig183...
2026-05-27 07:33:47 | INFO     | Success: 5 ORFs found in Contig183.
2026-05-27 07:33:47 | DEBUG    | Searching ORFs in sequence Contig184...
2026-05-27 07:33:47 | INFO     | Success: 4 ORFs found in Contig184.
2026-05-27 07:33:47 | DEBUG    | Searching ORFs in sequence Contig185...
2026-05-27 07:33:47 | INFO     | Success: 2 ORFs found in Contig185.
2026-05-27 07:33:47 | DEBUG    | Searching ORFs in sequence Contig186...
2026-05-27 07:33:47 | INFO     | Success: 8 ORFs found in Contig186.
2026-05-27 07:33:47 | DEBUG    | Searching ORFs in sequence Contig187...
2026-05-27 07:33:47 | INFO     | Success: 3 ORFs found in Contig187.
2026-05-27 07:33:47 | DEBUG    | Searching ORFs in sequence Contig188...
2026-05-27 07:33:47 | INFO     | Success: 8 ORFs found in Contig188.
2026-05-27 07:33:47 | DEBUG    | Searching ORFs in sequence Contig189...
2026-05-27 07:33:47 | INFO     | Success: 3 ORFs found in Contig189.
2026-05-27 07:33:47 | DEBUG    | Searching ORFs in sequence Contig190...
2026-05-27 07:33:47 | INFO     | Success: 3 ORFs found in Contig190.
2026-05-27 07:33:47 | DEBUG    | Searching ORFs in sequence Contig191...
2026-05-27 07:33:47 | INFO     | Success: 6 ORFs found in Contig191.
2026-05-27 07:33:47 | DEBUG    | Searching ORFs in sequence Contig192...
2026-05-27 07:33:47 | INFO     | Success: 1 ORFs found in Contig192.
2026-05-27 07:33:47 | DEBUG    | Searching ORFs in sequence Contig193...
2026-05-27 07:33:47 | INFO     | Success: 7 ORFs found in Contig193.
2026-05-27 07:33:47 | DEBUG    | Searching ORFs in sequence Contig194...
2026-05-27 07:33:47 | INFO     | Success: 1 ORFs found in Contig194.
2026-05-27 07:33:47 | DEBUG    | Searching ORFs in sequence Contig195...
2026-05-27 07:33:47 | INFO     | Success: 4 ORFs found in Contig195.
2026-05-27 07:33:47 | DEBUG    | Searching ORFs in sequence Contig196...
2026-05-27 07:33:47 | INFO     | Success: 4 ORFs found in Contig196.
2026-05-27 07:33:47 | DEBUG    | Searching ORFs in sequence Contig197...
2026-05-27 07:33:47 | INFO     | Success: 9 ORFs found in Contig197.
2026-05-27 07:33:47 | DEBUG    | Searching ORFs in sequence Contig198...
2026-05-27 07:33:47 | INFO     | Success: 1 ORFs found in Contig198.
2026-05-27 07:33:47 | DEBUG    | Searching ORFs in sequence Contig199...
2026-05-27 07:33:47 | INFO     | Success: 5 ORFs found in Contig199.
2026-05-27 07:33:47 | DEBUG    | Searching ORFs in sequence Contig200...
2026-05-27 07:33:47 | INFO     | Success: 8 ORFs found in Contig200.
2026-05-27 07:33:47 | DEBUG    | Searching ORFs in sequence Contig201...
2026-05-27 07:33:47 | INFO     | Success: 9 ORFs found in Contig201.
2026-05-27 07:33:47 | DEBUG    | Searching ORFs in sequence Contig202...
2026-05-27 07:33:47 | INFO     | Success: 3 ORFs found in Contig202.
2026-05-27 07:33:47 | DEBUG    | Searching ORFs in sequence Contig203...
2026-05-27 07:33:47 | INFO     | Success: 3 ORFs found in Contig203.
2026-05-27 07:33:47 | DEBUG    | Searching ORFs in sequence Contig204...
2026-05-27 07:33:47 | INFO     | Success: 2 ORFs found in Contig204.
2026-05-27 07:33:47 | DEBUG    | Searching ORFs in sequence Contig205...
2026-05-27 07:33:47 | INFO     | Success: 4 ORFs found in Contig205.
2026-05-27 07:33:47 | DEBUG    | Searching ORFs in sequence Contig206...
2026-05-27 07:33:47 | INFO     | Success: 4 ORFs found in Contig206.
2026-05-27 07:33:47 | DEBUG    | Searching ORFs in sequence Contig207...
2026-05-27 07:33:47 | INFO     | Success: 8 ORFs found in Contig207.
2026-05-27 07:33:47 | DEBUG    | Searching ORFs in sequence Contig208...
2026-05-27 07:33:47 | INFO     | Success: 6 ORFs found in Contig208.
2026-05-27 07:33:47 | DEBUG    | Searching ORFs in sequence Contig209...
2026-05-27 07:33:47 | INFO     | Success: 0 ORFs found in Contig209.
2026-05-27 07:33:47 | DEBUG    | Searching ORFs in sequence Contig210...
2026-05-27 07:33:47 | INFO     | Success: 9 ORFs found in Contig210.
2026-05-27 07:33:47 | DEBUG    | Searching ORFs in sequence Contig211...
2026-05-27 07:33:47 | INFO     | Success: 1 ORFs found in Contig211.
2026-05-27 07:33:47 | DEBUG    | Searching ORFs in sequence Contig212...
2026-05-27 07:33:47 | INFO     | Success: 5 ORFs found in Contig212.
2026-05-27 07:33:47 | DEBUG    | Searching ORFs in sequence Contig213...
2026-05-27 07:33:47 | INFO     | Success: 2 ORFs found in Contig213.
2026-05-27 07:33:47 | DEBUG    | Searching ORFs in sequence Contig214...
2026-05-27 07:33:47 | INFO     | Success: 2 ORFs found in Contig214.
2026-05-27 07:33:47 | DEBUG    | Searching ORFs in sequence Contig215...
2026-05-27 07:33:47 | INFO     | Success: 11 ORFs found in Contig215.
2026-05-27 07:33:47 | DEBUG    | Searching ORFs in sequence Contig216...
2026-05-27 07:33:47 | INFO     | Success: 9 ORFs found in Contig216.
2026-05-27 07:33:47 | DEBUG    | Searching ORFs in sequence Contig217...
2026-05-27 07:33:47 | INFO     | Success: 7 ORFs found in Contig217.
2026-05-27 07:33:47 | DEBUG    | Searching ORFs in sequence Contig218...
2026-05-27 07:33:47 | INFO     | Success: 7 ORFs found in Contig218.
2026-05-27 07:33:47 | DEBUG    | Searching ORFs in sequence Contig219...
2026-05-27 07:33:47 | INFO     | Success: 8 ORFs found in Contig219.
2026-05-27 07:33:47 | DEBUG    | Searching ORFs in sequence Contig220...
2026-05-27 07:33:47 | INFO     | Success: 7 ORFs found in Contig220.
2026-05-27 07:33:47 | DEBUG    | Searching ORFs in sequence Contig221...
2026-05-27 07:33:47 | INFO     | Success: 4 ORFs found in Contig221.
2026-05-27 07:33:47 | DEBUG    | Searching ORFs in sequence Contig222...
2026-05-27 07:33:47 | INFO     | Success: 2 ORFs found in Contig222.
2026-05-27 07:33:47 | DEBUG    | Searching ORFs in sequence Contig223...
2026-05-27 07:33:47 | INFO     | Success: 3 ORFs found in Contig223.
2026-05-27 07:33:47 | DEBUG    | Searching ORFs in sequence Contig224...
2026-05-27 07:33:47 | INFO     | Success: 3 ORFs found in Contig224.
2026-05-27 07:33:47 | DEBUG    | Searching ORFs in sequence Contig225...
2026-05-27 07:33:47 | INFO     | Success: 4 ORFs found in Contig225.
2026-05-27 07:33:47 | DEBUG    | Searching ORFs in sequence Contig226...
2026-05-27 07:33:47 | INFO     | Success: 16 ORFs found in Contig226.
2026-05-27 07:33:47 | DEBUG    | Searching ORFs in sequence Contig227...
2026-05-27 07:33:47 | INFO     | Success: 15 ORFs found in Contig227.
2026-05-27 07:33:47 | DEBUG    | Searching ORFs in sequence Contig228...
2026-05-27 07:33:47 | INFO     | Success: 14 ORFs found in Contig228.
2026-05-27 07:33:47 | DEBUG    | Searching ORFs in sequence Contig229...
2026-05-27 07:33:47 | INFO     | Success: 8 ORFs found in Contig229.
2026-05-27 07:33:47 | DEBUG    | Searching ORFs in sequence Contig230...
2026-05-27 07:33:47 | INFO     | Success: 8 ORFs found in Contig230.
2026-05-27 07:33:47 | DEBUG    | Searching ORFs in sequence Contig231...
2026-05-27 07:33:47 | INFO     | Success: 3 ORFs found in Contig231.
2026-05-27 07:33:47 | DEBUG    | Searching ORFs in sequence Contig232...
2026-05-27 07:33:47 | INFO     | Success: 1 ORFs found in Contig232.
2026-05-27 07:33:47 | DEBUG    | Searching ORFs in sequence Contig233...
2026-05-27 07:33:47 | INFO     | Success: 5 ORFs found in Contig233.
2026-05-27 07:33:47 | DEBUG    | Searching ORFs in sequence Contig234...
2026-05-27 07:33:47 | INFO     | Success: 27 ORFs found in Contig234.
2026-05-27 07:33:47 | DEBUG    | Searching ORFs in sequence Contig235...
2026-05-27 07:33:47 | INFO     | Success: 43 ORFs found in Contig235.
2026-05-27 07:33:47 | DEBUG    | Searching ORFs in sequence Contig236...
2026-05-27 07:33:47 | INFO     | Success: 7 ORFs found in Contig236.
2026-05-27 07:33:47 | DEBUG    | Searching ORFs in sequence Contig237...
2026-05-27 07:33:47 | INFO     | Success: 19 ORFs found in Contig237.
2026-05-27 07:33:47 | DEBUG    | Searching ORFs in sequence Contig238...
2026-05-27 07:33:47 | INFO     | Success: 3 ORFs found in Contig238.
2026-05-27 07:33:47 | DEBUG    | Searching ORFs in sequence Contig239...
2026-05-27 07:33:47 | INFO     | Success: 4 ORFs found in Contig239.
2026-05-27 07:33:47 | DEBUG    | Searching ORFs in sequence Contig240...
2026-05-27 07:33:47 | INFO     | Success: 30 ORFs found in Contig240.
2026-05-27 07:33:47 | DEBUG    | Searching ORFs in sequence Contig241...
2026-05-27 07:33:47 | INFO     | Success: 6 ORFs found in Contig241.
2026-05-27 07:33:47 | DEBUG    | Searching ORFs in sequence Contig242...
2026-05-27 07:33:47 | INFO     | Success: 4 ORFs found in Contig242.
2026-05-27 07:33:47 | DEBUG    | Searching ORFs in sequence Contig243...
2026-05-27 07:33:47 | INFO     | Success: 8 ORFs found in Contig243.
2026-05-27 07:33:47 | DEBUG    | Searching ORFs in sequence Contig244...
2026-05-27 07:33:47 | INFO     | Success: 8 ORFs found in Contig244.
2026-05-27 07:33:47 | DEBUG    | Searching ORFs in sequence Contig245...
2026-05-27 07:33:47 | INFO     | Success: 7 ORFs found in Contig245.
2026-05-27 07:33:47 | DEBUG    | Searching ORFs in sequence Contig246...
2026-05-27 07:33:47 | INFO     | Success: 9 ORFs found in Contig246.
2026-05-27 07:33:47 | DEBUG    | Searching ORFs in sequence Contig247...
2026-05-27 07:33:47 | INFO     | Success: 10 ORFs found in Contig247.
2026-05-27 07:33:47 | DEBUG    | Searching ORFs in sequence Contig248...
2026-05-27 07:33:47 | INFO     | Success: 1 ORFs found in Contig248.
2026-05-27 07:33:47 | DEBUG    | Searching ORFs in sequence Contig249...
2026-05-27 07:33:47 | INFO     | Success: 12 ORFs found in Contig249.
2026-05-27 07:33:47 | DEBUG    | Searching ORFs in sequence Contig250...
2026-05-27 07:33:47 | INFO     | Success: 4 ORFs found in Contig250.
2026-05-27 07:33:47 | DEBUG    | Searching ORFs in sequence Contig251...
2026-05-27 07:33:47 | INFO     | Success: 2 ORFs found in Contig251.
2026-05-27 07:33:47 | DEBUG    | Searching ORFs in sequence Contig252...
2026-05-27 07:33:47 | INFO     | Success: 28 ORFs found in Contig252.
2026-05-27 07:33:47 | DEBUG    | Searching ORFs in sequence Contig253...
2026-05-27 07:33:47 | INFO     | Success: 80 ORFs found in Contig253.
2026-05-27 07:33:47 | DEBUG    | Searching ORFs in sequence Contig254...
2026-05-27 07:33:47 | INFO     | Success: 14 ORFs found in Contig254.
2026-05-27 07:33:47 | DEBUG    | Searching ORFs in sequence Contig255...
2026-05-27 07:33:47 | INFO     | Success: 7 ORFs found in Contig255.
2026-05-27 07:33:47 | DEBUG    | Searching ORFs in sequence Contig256...
2026-05-27 07:33:47 | INFO     | Success: 6 ORFs found in Contig256.
2026-05-27 07:33:47 | DEBUG    | Searching ORFs in sequence Contig257...
2026-05-27 07:33:47 | INFO     | Success: 11 ORFs found in Contig257.
2026-05-27 07:33:47 | DEBUG    | Searching ORFs in sequence Contig258...
2026-05-27 07:33:47 | INFO     | Success: 23 ORFs found in Contig258.
2026-05-27 07:33:47 | DEBUG    | Searching ORFs in sequence Contig259...
2026-05-27 07:33:47 | INFO     | Success: 8 ORFs found in Contig259.
2026-05-27 07:33:47 | DEBUG    | Searching ORFs in sequence Contig260...
2026-05-27 07:33:47 | INFO     | Success: 5 ORFs found in Contig260.
2026-05-27 07:33:47 | DEBUG    | Searching ORFs in sequence Contig261...
2026-05-27 07:33:47 | INFO     | Success: 5 ORFs found in Contig261.
2026-05-27 07:33:47 | DEBUG    | Searching ORFs in sequence Contig262...
2026-05-27 07:33:47 | INFO     | Success: 4 ORFs found in Contig262.
2026-05-27 07:33:47 | DEBUG    | Searching ORFs in sequence Contig263...
2026-05-27 07:33:47 | INFO     | Success: 15 ORFs found in Contig263.
2026-05-27 07:33:47 | DEBUG    | Searching ORFs in sequence Contig264...
2026-05-27 07:33:48 | INFO     | Success: 10 ORFs found in Contig264.
2026-05-27 07:33:48 | DEBUG    | Searching ORFs in sequence Contig265...
2026-05-27 07:33:48 | INFO     | Success: 12 ORFs found in Contig265.
2026-05-27 07:33:48 | DEBUG    | Searching ORFs in sequence Contig266...
2026-05-27 07:33:48 | INFO     | Success: 28 ORFs found in Contig266.
2026-05-27 07:33:48 | DEBUG    | Searching ORFs in sequence Contig267...
2026-05-27 07:33:48 | INFO     | Success: 7 ORFs found in Contig267.
2026-05-27 07:33:48 | DEBUG    | Searching ORFs in sequence Contig268...
2026-05-27 07:33:48 | INFO     | Success: 18 ORFs found in Contig268.
2026-05-27 07:33:48 | DEBUG    | Searching ORFs in sequence Contig269...
2026-05-27 07:33:48 | INFO     | Success: 13 ORFs found in Contig269.
2026-05-27 07:33:48 | DEBUG    | Searching ORFs in sequence Contig270...
2026-05-27 07:33:48 | INFO     | Success: 6 ORFs found in Contig270.
2026-05-27 07:33:48 | DEBUG    | Searching ORFs in sequence Contig271...
2026-05-27 07:33:48 | INFO     | Success: 4 ORFs found in Contig271.
2026-05-27 07:33:48 | DEBUG    | Searching ORFs in sequence Contig272...
2026-05-27 07:33:48 | INFO     | Success: 2 ORFs found in Contig272.
2026-05-27 07:33:48 | DEBUG    | Searching ORFs in sequence Contig273...
2026-05-27 07:33:48 | INFO     | Success: 1 ORFs found in Contig273.
2026-05-27 07:33:48 | DEBUG    | Searching ORFs in sequence Contig274...
2026-05-27 07:33:48 | INFO     | Success: 26 ORFs found in Contig274.
2026-05-27 07:33:48 | DEBUG    | Searching ORFs in sequence Contig275...
2026-05-27 07:33:48 | INFO     | Success: 3 ORFs found in Contig275.
2026-05-27 07:33:48 | DEBUG    | Searching ORFs in sequence Contig276...
2026-05-27 07:33:48 | INFO     | Success: 18 ORFs found in Contig276.
2026-05-27 07:33:48 | DEBUG    | Searching ORFs in sequence Contig277...
2026-05-27 07:33:48 | INFO     | Success: 5 ORFs found in Contig277.
2026-05-27 07:33:48 | DEBUG    | Searching ORFs in sequence Contig278...
2026-05-27 07:33:48 | INFO     | Success: 10 ORFs found in Contig278.
2026-05-27 07:33:48 | DEBUG    | Searching ORFs in sequence Contig279...
2026-05-27 07:33:48 | INFO     | Success: 6 ORFs found in Contig279.
2026-05-27 07:33:48 | DEBUG    | Searching ORFs in sequence Contig280...
2026-05-27 07:33:48 | INFO     | Success: 3 ORFs found in Contig280.
2026-05-27 07:33:48 | DEBUG    | Searching ORFs in sequence Contig281...
2026-05-27 07:33:48 | INFO     | Success: 5 ORFs found in Contig281.
2026-05-27 07:33:48 | DEBUG    | Searching ORFs in sequence Contig282...
2026-05-27 07:33:48 | INFO     | Success: 15 ORFs found in Contig282.
2026-05-27 07:33:48 | DEBUG    | Searching ORFs in sequence Contig283...
2026-05-27 07:33:48 | INFO     | Success: 7 ORFs found in Contig283.
2026-05-27 07:33:48 | DEBUG    | Searching ORFs in sequence Contig284...
2026-05-27 07:33:48 | INFO     | Success: 5 ORFs found in Contig284.
2026-05-27 07:33:48 | DEBUG    | Searching ORFs in sequence Contig285...
2026-05-27 07:33:48 | INFO     | Success: 5 ORFs found in Contig285.
2026-05-27 07:33:48 | DEBUG    | Searching ORFs in sequence Contig286...
2026-05-27 07:33:48 | INFO     | Success: 15 ORFs found in Contig286.
2026-05-27 07:33:48 | DEBUG    | Searching ORFs in sequence Contig287...
2026-05-27 07:33:48 | INFO     | Success: 7 ORFs found in Contig287.
2026-05-27 07:33:48 | DEBUG    | Searching ORFs in sequence Contig288...
2026-05-27 07:33:48 | INFO     | Success: 31 ORFs found in Contig288.
2026-05-27 07:33:48 | DEBUG    | Searching ORFs in sequence Contig289...
2026-05-27 07:33:48 | INFO     | Success: 28 ORFs found in Contig289.
2026-05-27 07:33:48 | DEBUG    | Searching ORFs in sequence Contig290...
2026-05-27 07:33:48 | INFO     | Success: 27 ORFs found in Contig290.
2026-05-27 07:33:48 | DEBUG    | Searching ORFs in sequence Contig291...
2026-05-27 07:33:48 | INFO     | Success: 28 ORFs found in Contig291.
2026-05-27 07:33:48 | DEBUG    | Searching ORFs in sequence Contig292...
2026-05-27 07:33:48 | INFO     | Success: 0 ORFs found in Contig292.
2026-05-27 07:33:48 | DEBUG    | Searching ORFs in sequence Contig293...
2026-05-27 07:33:48 | INFO     | Success: 12 ORFs found in Contig293.
2026-05-27 07:33:48 | DEBUG    | Searching ORFs in sequence Contig294...
2026-05-27 07:33:48 | INFO     | Success: 7 ORFs found in Contig294.
2026-05-27 07:33:48 | DEBUG    | Searching ORFs in sequence Contig295...
2026-05-27 07:33:48 | INFO     | Success: 15 ORFs found in Contig295.
2026-05-27 07:33:48 | DEBUG    | Searching ORFs in sequence Contig296...
2026-05-27 07:33:48 | INFO     | Success: 18 ORFs found in Contig296.
2026-05-27 07:33:48 | DEBUG    | Searching ORFs in sequence Contig297...
2026-05-27 07:33:48 | INFO     | Success: 1 ORFs found in Contig297.
2026-05-27 07:33:48 | DEBUG    | Searching ORFs in sequence Contig298...
2026-05-27 07:33:48 | INFO     | Success: 1 ORFs found in Contig298.
2026-05-27 07:33:48 | DEBUG    | Searching ORFs in sequence Contig299...
2026-05-27 07:33:48 | INFO     | Success: 0 ORFs found in Contig299.
2026-05-27 07:33:48 | DEBUG    | Searching ORFs in sequence Contig300...
2026-05-27 07:33:48 | INFO     | Success: 3 ORFs found in Contig300.
2026-05-27 07:33:48 | DEBUG    | Searching ORFs in sequence Contig301...
2026-05-27 07:33:48 | INFO     | Success: 11 ORFs found in Contig301.
2026-05-27 07:33:48 | DEBUG    | Searching ORFs in sequence Contig302...
2026-05-27 07:33:48 | INFO     | Success: 9 ORFs found in Contig302.
2026-05-27 07:33:48 | DEBUG    | Searching ORFs in sequence Contig303...
2026-05-27 07:33:48 | INFO     | Success: 19 ORFs found in Contig303.
2026-05-27 07:33:48 | DEBUG    | Searching ORFs in sequence Contig304...
2026-05-27 07:33:48 | INFO     | Success: 10 ORFs found in Contig304.
2026-05-27 07:33:48 | DEBUG    | Searching ORFs in sequence Contig305...
2026-05-27 07:33:48 | INFO     | Success: 8 ORFs found in Contig305.
2026-05-27 07:33:48 | DEBUG    | Searching ORFs in sequence Contig306...
2026-05-27 07:33:48 | INFO     | Success: 3 ORFs found in Contig306.
2026-05-27 07:33:48 | DEBUG    | Searching ORFs in sequence Contig307...
2026-05-27 07:33:48 | INFO     | Success: 3 ORFs found in Contig307.
2026-05-27 07:33:48 | DEBUG    | Searching ORFs in sequence Contig308...
2026-05-27 07:33:48 | INFO     | Success: 0 ORFs found in Contig308.
2026-05-27 07:33:48 | DEBUG    | Searching ORFs in sequence Contig309...
2026-05-27 07:33:48 | INFO     | Success: 5 ORFs found in Contig309.
2026-05-27 07:33:48 | DEBUG    | Searching ORFs in sequence Contig310...
2026-05-27 07:33:48 | INFO     | Success: 9 ORFs found in Contig310.
2026-05-27 07:33:48 | DEBUG    | Searching ORFs in sequence Contig311...
2026-05-27 07:33:48 | INFO     | Success: 2 ORFs found in Contig311.
2026-05-27 07:33:48 | DEBUG    | Searching ORFs in sequence Contig312...
2026-05-27 07:33:48 | INFO     | Success: 5 ORFs found in Contig312.
2026-05-27 07:33:48 | DEBUG    | Searching ORFs in sequence Contig313...
2026-05-27 07:33:48 | INFO     | Success: 4 ORFs found in Contig313.
2026-05-27 07:33:48 | DEBUG    | Searching ORFs in sequence Contig314...
2026-05-27 07:33:48 | INFO     | Success: 3 ORFs found in Contig314.
2026-05-27 07:33:48 | DEBUG    | Searching ORFs in sequence Contig315...
2026-05-27 07:33:48 | INFO     | Success: 8 ORFs found in Contig315.
2026-05-27 07:33:48 | DEBUG    | Searching ORFs in sequence Contig316...
2026-05-27 07:33:48 | INFO     | Success: 2 ORFs found in Contig316.
2026-05-27 07:33:48 | DEBUG    | Searching ORFs in sequence Contig317...
2026-05-27 07:33:48 | INFO     | Success: 12 ORFs found in Contig317.
2026-05-27 07:33:48 | DEBUG    | Searching ORFs in sequence Contig318...
2026-05-27 07:33:48 | INFO     | Success: 10 ORFs found in Contig318.
2026-05-27 07:33:48 | DEBUG    | Searching ORFs in sequence Contig319...
2026-05-27 07:33:48 | INFO     | Success: 9 ORFs found in Contig319.
2026-05-27 07:33:48 | DEBUG    | Searching ORFs in sequence Contig320...
2026-05-27 07:33:48 | INFO     | Success: 11 ORFs found in Contig320.
2026-05-27 07:33:48 | DEBUG    | Searching ORFs in sequence Contig321...
2026-05-27 07:33:48 | INFO     | Success: 6 ORFs found in Contig321.
2026-05-27 07:33:48 | DEBUG    | Searching ORFs in sequence Contig322...
2026-05-27 07:33:48 | INFO     | Success: 8 ORFs found in Contig322.
2026-05-27 07:33:48 | DEBUG    | Searching ORFs in sequence Contig323...
2026-05-27 07:33:48 | INFO     | Success: 4 ORFs found in Contig323.
2026-05-27 07:33:48 | DEBUG    | Searching ORFs in sequence Contig324...
2026-05-27 07:33:48 | INFO     | Success: 7 ORFs found in Contig324.
2026-05-27 07:33:48 | DEBUG    | Searching ORFs in sequence Contig325...
2026-05-27 07:33:48 | INFO     | Success: 7 ORFs found in Contig325.
2026-05-27 07:33:48 | DEBUG    | Searching ORFs in sequence Contig326...
2026-05-27 07:33:48 | INFO     | Success: 1 ORFs found in Contig326.
2026-05-27 07:33:48 | DEBUG    | Searching ORFs in sequence Contig327...
2026-05-27 07:33:48 | INFO     | Success: 4 ORFs found in Contig327.
2026-05-27 07:33:48 | DEBUG    | Searching ORFs in sequence Contig328...
2026-05-27 07:33:48 | INFO     | Success: 12 ORFs found in Contig328.
2026-05-27 07:33:48 | DEBUG    | Searching ORFs in sequence Contig329...
2026-05-27 07:33:48 | INFO     | Success: 7 ORFs found in Contig329.
2026-05-27 07:33:48 | DEBUG    | Searching ORFs in sequence Contig330...
2026-05-27 07:33:48 | INFO     | Success: 8 ORFs found in Contig330.
2026-05-27 07:33:48 | DEBUG    | Searching ORFs in sequence Contig331...
2026-05-27 07:33:48 | INFO     | Success: 7 ORFs found in Contig331.
2026-05-27 07:33:48 | DEBUG    | Searching ORFs in sequence Contig332...
2026-05-27 07:33:48 | INFO     | Success: 1 ORFs found in Contig332.
2026-05-27 07:33:48 | DEBUG    | Searching ORFs in sequence Contig333...
2026-05-27 07:33:48 | INFO     | Success: 4 ORFs found in Contig333.
2026-05-27 07:33:48 | DEBUG    | Searching ORFs in sequence Contig334...
2026-05-27 07:33:48 | INFO     | Success: 7 ORFs found in Contig334.
2026-05-27 07:33:48 | DEBUG    | Searching ORFs in sequence Contig335...
2026-05-27 07:33:48 | INFO     | Success: 7 ORFs found in Contig335.
2026-05-27 07:33:48 | DEBUG    | Searching ORFs in sequence Contig336...
2026-05-27 07:33:48 | INFO     | Success: 11 ORFs found in Contig336.
2026-05-27 07:33:48 | DEBUG    | Searching ORFs in sequence Contig337...
2026-05-27 07:33:48 | INFO     | Success: 5 ORFs found in Contig337.
2026-05-27 07:33:48 | DEBUG    | Searching ORFs in sequence Contig338...
2026-05-27 07:33:48 | INFO     | Success: 1 ORFs found in Contig338.
2026-05-27 07:33:48 | DEBUG    | Searching ORFs in sequence Contig339...
2026-05-27 07:33:48 | INFO     | Success: 0 ORFs found in Contig339.
2026-05-27 07:33:48 | DEBUG    | Searching ORFs in sequence Contig340...
2026-05-27 07:33:48 | INFO     | Success: 14 ORFs found in Contig340.
2026-05-27 07:33:48 | DEBUG    | Searching ORFs in sequence Contig341...
2026-05-27 07:33:48 | INFO     | Success: 28 ORFs found in Contig341.
2026-05-27 07:33:48 | DEBUG    | Searching ORFs in sequence Contig342...
2026-05-27 07:33:48 | INFO     | Success: 30 ORFs found in Contig342.
2026-05-27 07:33:48 | DEBUG    | Searching ORFs in sequence Contig343...
2026-05-27 07:33:48 | INFO     | Success: 7 ORFs found in Contig343.
2026-05-27 07:33:48 | DEBUG    | Searching ORFs in sequence Contig344...
2026-05-27 07:33:48 | INFO     | Success: 12 ORFs found in Contig344.
2026-05-27 07:33:48 | DEBUG    | Searching ORFs in sequence Contig345...
2026-05-27 07:33:48 | INFO     | Success: 1 ORFs found in Contig345.
2026-05-27 07:33:48 | DEBUG    | Searching ORFs in sequence Contig346...
2026-05-27 07:33:48 | INFO     | Success: 20 ORFs found in Contig346.
2026-05-27 07:33:48 | DEBUG    | Searching ORFs in sequence Contig347...
2026-05-27 07:33:48 | INFO     | Success: 9 ORFs found in Contig347.
2026-05-27 07:33:48 | DEBUG    | Searching ORFs in sequence Contig348...
2026-05-27 07:33:48 | INFO     | Success: 3 ORFs found in Contig348.
2026-05-27 07:33:48 | DEBUG    | Searching ORFs in sequence Contig349...
2026-05-27 07:33:48 | INFO     | Success: 2 ORFs found in Contig349.
2026-05-27 07:33:48 | DEBUG    | Searching ORFs in sequence Contig350...
2026-05-27 07:33:48 | INFO     | Success: 7 ORFs found in Contig350.
2026-05-27 07:33:48 | DEBUG    | Searching ORFs in sequence Contig351...
2026-05-27 07:33:48 | INFO     | Success: 5 ORFs found in Contig351.
2026-05-27 07:33:48 | DEBUG    | Searching ORFs in sequence Contig352...
2026-05-27 07:33:48 | INFO     | Success: 2 ORFs found in Contig352.
2026-05-27 07:33:48 | DEBUG    | Searching ORFs in sequence Contig353...
2026-05-27 07:33:48 | INFO     | Success: 3 ORFs found in Contig353.
2026-05-27 07:33:48 | DEBUG    | Searching ORFs in sequence Contig354...
2026-05-27 07:33:48 | INFO     | Success: 16 ORFs found in Contig354.
2026-05-27 07:33:48 | DEBUG    | Searching ORFs in sequence Contig355...
2026-05-27 07:33:48 | INFO     | Success: 11 ORFs found in Contig355.
2026-05-27 07:33:48 | DEBUG    | Searching ORFs in sequence Contig356...
2026-05-27 07:33:48 | INFO     | Success: 5 ORFs found in Contig356.
2026-05-27 07:33:48 | DEBUG    | Searching ORFs in sequence Contig357...
2026-05-27 07:33:48 | INFO     | Success: 2 ORFs found in Contig357.
2026-05-27 07:33:48 | DEBUG    | Searching ORFs in sequence Contig358...
2026-05-27 07:33:48 | INFO     | Success: 3 ORFs found in Contig358.
2026-05-27 07:33:48 | DEBUG    | Searching ORFs in sequence Contig359...
2026-05-27 07:33:48 | INFO     | Success: 4 ORFs found in Contig359.
2026-05-27 07:33:48 | DEBUG    | Searching ORFs in sequence Contig360...
2026-05-27 07:33:48 | INFO     | Success: 5 ORFs found in Contig360.
2026-05-27 07:33:48 | DEBUG    | Searching ORFs in sequence Contig361...
2026-05-27 07:33:48 | INFO     | Success: 2 ORFs found in Contig361.
2026-05-27 07:33:48 | DEBUG    | Searching ORFs in sequence Contig362...
2026-05-27 07:33:48 | INFO     | Success: 6 ORFs found in Contig362.
2026-05-27 07:33:48 | DEBUG    | Searching ORFs in sequence Contig363...
2026-05-27 07:33:48 | INFO     | Success: 7 ORFs found in Contig363.
2026-05-27 07:33:48 | DEBUG    | Searching ORFs in sequence Contig364...
2026-05-27 07:33:48 | INFO     | Success: 2 ORFs found in Contig364.
2026-05-27 07:33:48 | DEBUG    | Searching ORFs in sequence Contig365...
2026-05-27 07:33:48 | INFO     | Success: 1 ORFs found in Contig365.
2026-05-27 07:33:48 | DEBUG    | Searching ORFs in sequence Contig366...
2026-05-27 07:33:48 | INFO     | Success: 9 ORFs found in Contig366.
2026-05-27 07:33:48 | DEBUG    | Searching ORFs in sequence Contig367...
2026-05-27 07:33:48 | INFO     | Success: 8 ORFs found in Contig367.
2026-05-27 07:33:48 | DEBUG    | Searching ORFs in sequence Contig368...
2026-05-27 07:33:48 | INFO     | Success: 12 ORFs found in Contig368.
2026-05-27 07:33:48 | DEBUG    | Searching ORFs in sequence Contig369...
2026-05-27 07:33:48 | INFO     | Success: 2 ORFs found in Contig369.
2026-05-27 07:33:48 | DEBUG    | Searching ORFs in sequence Contig370...
2026-05-27 07:33:48 | INFO     | Success: 1 ORFs found in Contig370.
2026-05-27 07:33:48 | DEBUG    | Searching ORFs in sequence Contig371...
2026-05-27 07:33:48 | INFO     | Success: 2 ORFs found in Contig371.
2026-05-27 07:33:48 | DEBUG    | Searching ORFs in sequence Contig372...
2026-05-27 07:33:48 | INFO     | Success: 2 ORFs found in Contig372.
2026-05-27 07:33:48 | DEBUG    | Searching ORFs in sequence Contig373...
2026-05-27 07:33:48 | INFO     | Success: 7 ORFs found in Contig373.
2026-05-27 07:33:48 | DEBUG    | Searching ORFs in sequence Contig374...
2026-05-27 07:33:48 | INFO     | Success: 2 ORFs found in Contig374.
2026-05-27 07:33:48 | DEBUG    | Searching ORFs in sequence Contig375...
2026-05-27 07:33:48 | INFO     | Success: 4 ORFs found in Contig375.
2026-05-27 07:33:48 | DEBUG    | Searching ORFs in sequence Contig376...
2026-05-27 07:33:48 | INFO     | Success: 0 ORFs found in Contig376.
2026-05-27 07:33:48 | DEBUG    | Searching ORFs in sequence Contig377...
2026-05-27 07:33:48 | INFO     | Success: 5 ORFs found in Contig377.
2026-05-27 07:33:48 | DEBUG    | Searching ORFs in sequence Contig378...
2026-05-27 07:33:48 | INFO     | Success: 2 ORFs found in Contig378.
2026-05-27 07:33:48 | DEBUG    | Searching ORFs in sequence Contig379...
2026-05-27 07:33:48 | INFO     | Success: 1 ORFs found in Contig379.
2026-05-27 07:33:48 | DEBUG    | Searching ORFs in sequence Contig380...
2026-05-27 07:33:48 | INFO     | Success: 2 ORFs found in Contig380.
2026-05-27 07:33:48 | DEBUG    | Searching ORFs in sequence Contig381...
2026-05-27 07:33:48 | INFO     | Success: 12 ORFs found in Contig381.
2026-05-27 07:33:48 | DEBUG    | Searching ORFs in sequence Contig382...
2026-05-27 07:33:48 | INFO     | Success: 9 ORFs found in Contig382.
2026-05-27 07:33:48 | DEBUG    | Searching ORFs in sequence Contig383...
2026-05-27 07:33:48 | INFO     | Success: 12 ORFs found in Contig383.
2026-05-27 07:33:48 | DEBUG    | Searching ORFs in sequence Contig384...
2026-05-27 07:33:48 | INFO     | Success: 7 ORFs found in Contig384.
2026-05-27 07:33:48 | DEBUG    | Searching ORFs in sequence Contig385...
2026-05-27 07:33:48 | INFO     | Success: 54 ORFs found in Contig385.
2026-05-27 07:33:48 | DEBUG    | Searching ORFs in sequence Contig386...
2026-05-27 07:33:48 | INFO     | Success: 8 ORFs found in Contig386.
2026-05-27 07:33:48 | DEBUG    | Searching ORFs in sequence Contig387...
2026-05-27 07:33:48 | INFO     | Success: 2 ORFs found in Contig387.
2026-05-27 07:33:48 | DEBUG    | Searching ORFs in sequence Contig388...
2026-05-27 07:33:48 | INFO     | Success: 1 ORFs found in Contig388.
2026-05-27 07:33:48 | DEBUG    | Searching ORFs in sequence Contig389...
2026-05-27 07:33:48 | INFO     | Success: 1 ORFs found in Contig389.
2026-05-27 07:33:48 | DEBUG    | Searching ORFs in sequence Contig390...
2026-05-27 07:33:48 | INFO     | Success: 5 ORFs found in Contig390.
2026-05-27 07:33:48 | DEBUG    | Searching ORFs in sequence Contig391...
2026-05-27 07:33:48 | INFO     | Success: 11 ORFs found in Contig391.
2026-05-27 07:33:48 | DEBUG    | Searching ORFs in sequence Contig392...
2026-05-27 07:33:48 | INFO     | Success: 1 ORFs found in Contig392.
2026-05-27 07:33:48 | DEBUG    | Searching ORFs in sequence Contig393...
2026-05-27 07:33:48 | INFO     | Success: 7 ORFs found in Contig393.
2026-05-27 07:33:48 | DEBUG    | Searching ORFs in sequence Contig394...
2026-05-27 07:33:48 | INFO     | Success: 21 ORFs found in Contig394.
2026-05-27 07:33:48 | DEBUG    | Searching ORFs in sequence Contig395...
2026-05-27 07:33:48 | INFO     | Success: 11 ORFs found in Contig395.
2026-05-27 07:33:48 | DEBUG    | Searching ORFs in sequence Contig396...
2026-05-27 07:33:48 | INFO     | Success: 1 ORFs found in Contig396.
2026-05-27 07:33:48 | DEBUG    | Searching ORFs in sequence Contig397...
2026-05-27 07:33:48 | INFO     | Success: 3 ORFs found in Contig397.
2026-05-27 07:33:48 | DEBUG    | Searching ORFs in sequence Contig398...
2026-05-27 07:33:48 | INFO     | Success: 10 ORFs found in Contig398.
2026-05-27 07:33:48 | DEBUG    | Searching ORFs in sequence Contig399...
2026-05-27 07:33:48 | INFO     | Success: 5 ORFs found in Contig399.
2026-05-27 07:33:48 | DEBUG    | Searching ORFs in sequence Contig400...
2026-05-27 07:33:48 | INFO     | Success: 18 ORFs found in Contig400.
2026-05-27 07:33:48 | DEBUG    | Searching ORFs in sequence Contig401...
2026-05-27 07:33:48 | INFO     | Success: 24 ORFs found in Contig401.
2026-05-27 07:33:48 | DEBUG    | Searching ORFs in sequence Contig402...
2026-05-27 07:33:48 | INFO     | Success: 14 ORFs found in Contig402.
2026-05-27 07:33:48 | DEBUG    | Searching ORFs in sequence Contig403...
2026-05-27 07:33:48 | INFO     | Success: 2 ORFs found in Contig403.
2026-05-27 07:33:48 | DEBUG    | Searching ORFs in sequence Contig404...
2026-05-27 07:33:48 | INFO     | Success: 10 ORFs found in Contig404.
2026-05-27 07:33:48 | DEBUG    | Searching ORFs in sequence Contig405...
2026-05-27 07:33:48 | INFO     | Success: 27 ORFs found in Contig405.
2026-05-27 07:33:48 | DEBUG    | Searching ORFs in sequence Contig406...
2026-05-27 07:33:48 | INFO     | Success: 14 ORFs found in Contig406.
2026-05-27 07:33:48 | DEBUG    | Searching ORFs in sequence Contig407...
2026-05-27 07:33:48 | INFO     | Success: 14 ORFs found in Contig407.
2026-05-27 07:33:48 | DEBUG    | Searching ORFs in sequence Contig408...
2026-05-27 07:33:48 | INFO     | Success: 5 ORFs found in Contig408.
2026-05-27 07:33:48 | DEBUG    | Searching ORFs in sequence Contig409...
2026-05-27 07:33:48 | INFO     | Success: 8 ORFs found in Contig409.
2026-05-27 07:33:48 | DEBUG    | Searching ORFs in sequence Contig410...
2026-05-27 07:33:48 | INFO     | Success: 3 ORFs found in Contig410.
2026-05-27 07:33:48 | DEBUG    | Searching ORFs in sequence Contig411...
2026-05-27 07:33:48 | INFO     | Success: 1 ORFs found in Contig411.
2026-05-27 07:33:48 | DEBUG    | Searching ORFs in sequence Contig412...
2026-05-27 07:33:48 | INFO     | Success: 7 ORFs found in Contig412.
2026-05-27 07:33:48 | DEBUG    | Searching ORFs in sequence Contig413...
2026-05-27 07:33:48 | INFO     | Success: 3 ORFs found in Contig413.
2026-05-27 07:33:48 | DEBUG    | Searching ORFs in sequence Contig414...
2026-05-27 07:33:48 | INFO     | Success: 0 ORFs found in Contig414.
2026-05-27 07:33:48 | DEBUG    | Searching ORFs in sequence Contig415...
2026-05-27 07:33:48 | INFO     | Success: 4 ORFs found in Contig415.
2026-05-27 07:33:48 | DEBUG    | Searching ORFs in sequence Contig416...
2026-05-27 07:33:48 | INFO     | Success: 7 ORFs found in Contig416.
2026-05-27 07:33:48 | DEBUG    | Searching ORFs in sequence Contig417...
2026-05-27 07:33:48 | INFO     | Success: 10 ORFs found in Contig417.
2026-05-27 07:33:48 | DEBUG    | Searching ORFs in sequence Contig418...
2026-05-27 07:33:48 | INFO     | Success: 10 ORFs found in Contig418.
2026-05-27 07:33:48 | DEBUG    | Searching ORFs in sequence Contig419...
2026-05-27 07:33:48 | INFO     | Success: 6 ORFs found in Contig419.
2026-05-27 07:33:48 | DEBUG    | Searching ORFs in sequence Contig420...
2026-05-27 07:33:48 | INFO     | Success: 7 ORFs found in Contig420.
2026-05-27 07:33:48 | DEBUG    | Searching ORFs in sequence Contig421...
2026-05-27 07:33:48 | INFO     | Success: 4 ORFs found in Contig421.
2026-05-27 07:33:48 | DEBUG    | Searching ORFs in sequence Contig422...
2026-05-27 07:33:48 | INFO     | Success: 6 ORFs found in Contig422.
2026-05-27 07:33:48 | DEBUG    | Searching ORFs in sequence Contig423...
2026-05-27 07:33:48 | INFO     | Success: 1 ORFs found in Contig423.
2026-05-27 07:33:48 | DEBUG    | Searching ORFs in sequence Contig424...
2026-05-27 07:33:48 | INFO     | Success: 4 ORFs found in Contig424.
2026-05-27 07:33:48 | DEBUG    | Searching ORFs in sequence Contig425...
2026-05-27 07:33:48 | INFO     | Success: 10 ORFs found in Contig425.
2026-05-27 07:33:48 | DEBUG    | Searching ORFs in sequence Contig426...
2026-05-27 07:33:48 | INFO     | Success: 2 ORFs found in Contig426.
2026-05-27 07:33:48 | DEBUG    | Searching ORFs in sequence Contig427...
2026-05-27 07:33:48 | INFO     | Success: 5 ORFs found in Contig427.
2026-05-27 07:33:48 | DEBUG    | Searching ORFs in sequence Contig428...
2026-05-27 07:33:48 | INFO     | Success: 1 ORFs found in Contig428.
2026-05-27 07:33:48 | DEBUG    | Searching ORFs in sequence Contig429...
2026-05-27 07:33:48 | INFO     | Success: 8 ORFs found in Contig429.
2026-05-27 07:33:48 | DEBUG    | Searching ORFs in sequence Contig430...
2026-05-27 07:33:48 | INFO     | Success: 1 ORFs found in Contig430.
2026-05-27 07:33:48 | DEBUG    | Searching ORFs in sequence Contig431...
2026-05-27 07:33:48 | INFO     | Success: 2 ORFs found in Contig431.
2026-05-27 07:33:48 | DEBUG    | Searching ORFs in sequence Contig432...
2026-05-27 07:33:48 | INFO     | Success: 1 ORFs found in Contig432.
2026-05-27 07:33:48 | DEBUG    | Searching ORFs in sequence Contig433...
2026-05-27 07:33:48 | INFO     | Success: 5 ORFs found in Contig433.
2026-05-27 07:33:48 | DEBUG    | Searching ORFs in sequence Contig434...
2026-05-27 07:33:48 | INFO     | Success: 1 ORFs found in Contig434.
2026-05-27 07:33:48 | DEBUG    | Searching ORFs in sequence Contig435...
2026-05-27 07:33:48 | INFO     | Success: 6 ORFs found in Contig435.
2026-05-27 07:33:48 | DEBUG    | Searching ORFs in sequence Contig436...
2026-05-27 07:33:48 | INFO     | Success: 3 ORFs found in Contig436.
2026-05-27 07:33:48 | DEBUG    | Searching ORFs in sequence Contig437...
2026-05-27 07:33:48 | INFO     | Success: 4 ORFs found in Contig437.
2026-05-27 07:33:48 | DEBUG    | Searching ORFs in sequence Contig438...
2026-05-27 07:33:48 | INFO     | Success: 3 ORFs found in Contig438.
2026-05-27 07:33:48 | DEBUG    | Searching ORFs in sequence Contig439...
2026-05-27 07:33:48 | INFO     | Success: 8 ORFs found in Contig439.
2026-05-27 07:33:48 | DEBUG    | Searching ORFs in sequence Contig440...
2026-05-27 07:33:48 | INFO     | Success: 4 ORFs found in Contig440.
2026-05-27 07:33:48 | DEBUG    | Searching ORFs in sequence Contig441...
2026-05-27 07:33:48 | INFO     | Success: 4 ORFs found in Contig441.
2026-05-27 07:33:48 | DEBUG    | Searching ORFs in sequence Contig442...
2026-05-27 07:33:48 | INFO     | Success: 5 ORFs found in Contig442.
2026-05-27 07:33:48 | DEBUG    | Searching ORFs in sequence Contig443...
2026-05-27 07:33:48 | INFO     | Success: 7 ORFs found in Contig443.
2026-05-27 07:33:48 | DEBUG    | Searching ORFs in sequence Contig444...
2026-05-27 07:33:48 | INFO     | Success: 5 ORFs found in Contig444.
2026-05-27 07:33:48 | DEBUG    | Searching ORFs in sequence Contig445...
2026-05-27 07:33:48 | INFO     | Success: 18 ORFs found in Contig445.
2026-05-27 07:33:48 | DEBUG    | Searching ORFs in sequence Contig446...
2026-05-27 07:33:48 | INFO     | Success: 6 ORFs found in Contig446.
2026-05-27 07:33:48 | DEBUG    | Searching ORFs in sequence Contig447...
2026-05-27 07:33:48 | INFO     | Success: 1 ORFs found in Contig447.
2026-05-27 07:33:48 | DEBUG    | Searching ORFs in sequence Contig448...
2026-05-27 07:33:48 | INFO     | Success: 3 ORFs found in Contig448.
2026-05-27 07:33:48 | DEBUG    | Searching ORFs in sequence Contig449...
2026-05-27 07:33:48 | INFO     | Success: 10 ORFs found in Contig449.
2026-05-27 07:33:48 | DEBUG    | Searching ORFs in sequence Contig450...
2026-05-27 07:33:48 | INFO     | Success: 20 ORFs found in Contig450.
2026-05-27 07:33:48 | DEBUG    | Searching ORFs in sequence Contig451...
2026-05-27 07:33:48 | INFO     | Success: 6 ORFs found in Contig451.
2026-05-27 07:33:48 | DEBUG    | Searching ORFs in sequence Contig452...
2026-05-27 07:33:48 | INFO     | Success: 7 ORFs found in Contig452.
2026-05-27 07:33:48 | DEBUG    | Searching ORFs in sequence Contig453...
2026-05-27 07:33:48 | INFO     | Success: 20 ORFs found in Contig453.
2026-05-27 07:33:48 | DEBUG    | Searching ORFs in sequence Contig454...
2026-05-27 07:33:48 | INFO     | Success: 8 ORFs found in Contig454.
2026-05-27 07:33:48 | DEBUG    | Searching ORFs in sequence Contig455...
2026-05-27 07:33:48 | INFO     | Success: 14 ORFs found in Contig455.
2026-05-27 07:33:48 | DEBUG    | Searching ORFs in sequence Contig456...
2026-05-27 07:33:48 | INFO     | Success: 2 ORFs found in Contig456.
2026-05-27 07:33:48 | DEBUG    | Searching ORFs in sequence Contig457...
2026-05-27 07:33:48 | INFO     | Success: 2 ORFs found in Contig457.
2026-05-27 07:33:48 | DEBUG    | Searching ORFs in sequence Contig458...
2026-05-27 07:33:48 | INFO     | Success: 12 ORFs found in Contig458.
2026-05-27 07:33:48 | DEBUG    | Searching ORFs in sequence Contig459...
2026-05-27 07:33:48 | INFO     | Success: 14 ORFs found in Contig459.
2026-05-27 07:33:48 | DEBUG    | Searching ORFs in sequence Contig460...
2026-05-27 07:33:48 | INFO     | Success: 1 ORFs found in Contig460.
2026-05-27 07:33:48 | DEBUG    | Searching ORFs in sequence Contig461...
2026-05-27 07:33:48 | INFO     | Success: 1 ORFs found in Contig461.
2026-05-27 07:33:48 | DEBUG    | Searching ORFs in sequence Contig462...
2026-05-27 07:33:48 | INFO     | Success: 1 ORFs found in Contig462.
2026-05-27 07:33:48 | DEBUG    | Searching ORFs in sequence Contig463...
2026-05-27 07:33:48 | INFO     | Success: 19 ORFs found in Contig463.
2026-05-27 07:33:48 | DEBUG    | Searching ORFs in sequence Contig464...
2026-05-27 07:33:48 | INFO     | Success: 15 ORFs found in Contig464.
2026-05-27 07:33:48 | DEBUG    | Searching ORFs in sequence Contig465...
2026-05-27 07:33:48 | INFO     | Success: 12 ORFs found in Contig465.
2026-05-27 07:33:48 | DEBUG    | Searching ORFs in sequence Contig466...
2026-05-27 07:33:48 | INFO     | Success: 8 ORFs found in Contig466.
2026-05-27 07:33:48 | DEBUG    | Searching ORFs in sequence Contig467...
2026-05-27 07:33:48 | INFO     | Success: 6 ORFs found in Contig467.
2026-05-27 07:33:48 | DEBUG    | Searching ORFs in sequence Contig468...
2026-05-27 07:33:48 | INFO     | Success: 4 ORFs found in Contig468.
2026-05-27 07:33:48 | DEBUG    | Searching ORFs in sequence Contig469...
2026-05-27 07:33:48 | INFO     | Success: 10 ORFs found in Contig469.
2026-05-27 07:33:48 | DEBUG    | Searching ORFs in sequence Contig470...
2026-05-27 07:33:48 | INFO     | Success: 17 ORFs found in Contig470.
2026-05-27 07:33:48 | DEBUG    | Searching ORFs in sequence Contig471...
2026-05-27 07:33:48 | INFO     | Success: 3 ORFs found in Contig471.
2026-05-27 07:33:48 | DEBUG    | Searching ORFs in sequence Contig472...
2026-05-27 07:33:48 | INFO     | Success: 1 ORFs found in Contig472.
2026-05-27 07:33:48 | DEBUG    | Searching ORFs in sequence Contig473...
2026-05-27 07:33:48 | INFO     | Success: 4 ORFs found in Contig473.
2026-05-27 07:33:48 | DEBUG    | Searching ORFs in sequence Contig474...
2026-05-27 07:33:48 | INFO     | Success: 5 ORFs found in Contig474.
2026-05-27 07:33:48 | DEBUG    | Searching ORFs in sequence Contig475...
2026-05-27 07:33:48 | INFO     | Success: 7 ORFs found in Contig475.
2026-05-27 07:33:48 | DEBUG    | Searching ORFs in sequence Contig476...
2026-05-27 07:33:48 | INFO     | Success: 7 ORFs found in Contig476.
2026-05-27 07:33:48 | DEBUG    | Searching ORFs in sequence Contig477...
2026-05-27 07:33:48 | INFO     | Success: 10 ORFs found in Contig477.
2026-05-27 07:33:48 | DEBUG    | Searching ORFs in sequence Contig478...
2026-05-27 07:33:48 | INFO     | Success: 20 ORFs found in Contig478.
2026-05-27 07:33:48 | DEBUG    | Searching ORFs in sequence Contig479...
2026-05-27 07:33:48 | INFO     | Success: 17 ORFs found in Contig479.
2026-05-27 07:33:48 | DEBUG    | Searching ORFs in sequence Contig480...
2026-05-27 07:33:48 | INFO     | Success: 9 ORFs found in Contig480.
2026-05-27 07:33:48 | DEBUG    | Searching ORFs in sequence Contig481...
2026-05-27 07:33:48 | INFO     | Success: 5 ORFs found in Contig481.
2026-05-27 07:33:48 | DEBUG    | Searching ORFs in sequence Contig482...
2026-05-27 07:33:48 | INFO     | Success: 8 ORFs found in Contig482.
2026-05-27 07:33:48 | DEBUG    | Searching ORFs in sequence Contig483...
2026-05-27 07:33:48 | INFO     | Success: 9 ORFs found in Contig483.
2026-05-27 07:33:48 | DEBUG    | Searching ORFs in sequence Contig484...
2026-05-27 07:33:48 | INFO     | Success: 9 ORFs found in Contig484.
2026-05-27 07:33:48 | DEBUG    | Searching ORFs in sequence Contig485...
2026-05-27 07:33:48 | INFO     | Success: 6 ORFs found in Contig485.
2026-05-27 07:33:48 | DEBUG    | Searching ORFs in sequence Contig486...
2026-05-27 07:33:48 | INFO     | Success: 5 ORFs found in Contig486.
2026-05-27 07:33:48 | DEBUG    | Searching ORFs in sequence Contig487...
2026-05-27 07:33:48 | INFO     | Success: 6 ORFs found in Contig487.
2026-05-27 07:33:48 | DEBUG    | Searching ORFs in sequence Contig488...
2026-05-27 07:33:48 | INFO     | Success: 5 ORFs found in Contig488.
2026-05-27 07:33:48 | DEBUG    | Searching ORFs in sequence Contig489...
2026-05-27 07:33:48 | INFO     | Success: 20 ORFs found in Contig489.
2026-05-27 07:33:48 | DEBUG    | Searching ORFs in sequence Contig490...
2026-05-27 07:33:48 | INFO     | Success: 15 ORFs found in Contig490.
2026-05-27 07:33:48 | DEBUG    | Searching ORFs in sequence Contig491...
2026-05-27 07:33:48 | INFO     | Success: 9 ORFs found in Contig491.
2026-05-27 07:33:48 | DEBUG    | Searching ORFs in sequence Contig492...
2026-05-27 07:33:48 | INFO     | Success: 7 ORFs found in Contig492.
2026-05-27 07:33:48 | DEBUG    | Searching ORFs in sequence Contig493...
2026-05-27 07:33:48 | INFO     | Success: 5 ORFs found in Contig493.
2026-05-27 07:33:48 | DEBUG    | Searching ORFs in sequence Contig494...
2026-05-27 07:33:48 | INFO     | Success: 2 ORFs found in Contig494.
2026-05-27 07:33:48 | DEBUG    | Searching ORFs in sequence Contig495...
2026-05-27 07:33:48 | INFO     | Success: 15 ORFs found in Contig495.
2026-05-27 07:33:48 | DEBUG    | Searching ORFs in sequence Contig496...
2026-05-27 07:33:48 | INFO     | Success: 13 ORFs found in Contig496.
2026-05-27 07:33:48 | DEBUG    | Searching ORFs in sequence Contig497...
2026-05-27 07:33:48 | INFO     | Success: 10 ORFs found in Contig497.
2026-05-27 07:33:48 | DEBUG    | Searching ORFs in sequence Contig498...
2026-05-27 07:33:48 | INFO     | Success: 2 ORFs found in Contig498.
2026-05-27 07:33:48 | DEBUG    | Searching ORFs in sequence Contig499...
2026-05-27 07:33:48 | INFO     | Success: 16 ORFs found in Contig499.
2026-05-27 07:33:48 | DEBUG    | Searching ORFs in sequence Contig500...
2026-05-27 07:33:48 | INFO     | Success: 5 ORFs found in Contig500.
2026-05-27 07:33:48 | DEBUG    | Searching ORFs in sequence Contig501...
2026-05-27 07:33:48 | INFO     | Success: 6 ORFs found in Contig501.
2026-05-27 07:33:48 | DEBUG    | Searching ORFs in sequence Contig502...
2026-05-27 07:33:48 | INFO     | Success: 22 ORFs found in Contig502.
2026-05-27 07:33:48 | DEBUG    | Searching ORFs in sequence Contig503...
2026-05-27 07:33:48 | INFO     | Success: 14 ORFs found in Contig503.
2026-05-27 07:33:48 | DEBUG    | Searching ORFs in sequence Contig504...
2026-05-27 07:33:48 | INFO     | Success: 8 ORFs found in Contig504.
2026-05-27 07:33:48 | DEBUG    | Searching ORFs in sequence Contig505...
2026-05-27 07:33:48 | INFO     | Success: 10 ORFs found in Contig505.
2026-05-27 07:33:48 | DEBUG    | Searching ORFs in sequence Contig506...
2026-05-27 07:33:48 | INFO     | Success: 12 ORFs found in Contig506.
2026-05-27 07:33:48 | DEBUG    | Searching ORFs in sequence Contig507...
2026-05-27 07:33:48 | INFO     | Success: 0 ORFs found in Contig507.
2026-05-27 07:33:48 | DEBUG    | Searching ORFs in sequence Contig508...
2026-05-27 07:33:48 | INFO     | Success: 32 ORFs found in Contig508.
2026-05-27 07:33:48 | DEBUG    | Searching ORFs in sequence Contig509...
2026-05-27 07:33:48 | INFO     | Success: 0 ORFs found in Contig509.
2026-05-27 07:33:48 | DEBUG    | Searching ORFs in sequence Contig510...
2026-05-27 07:33:48 | INFO     | Success: 0 ORFs found in Contig510.
2026-05-27 07:33:48 | DEBUG    | Searching ORFs in sequence Contig511...
2026-05-27 07:33:48 | INFO     | Success: 12 ORFs found in Contig511.
2026-05-27 07:33:48 | DEBUG    | Searching ORFs in sequence Contig512...
2026-05-27 07:33:48 | INFO     | Success: 7 ORFs found in Contig512.
2026-05-27 07:33:48 | DEBUG    | Searching ORFs in sequence Contig513...
2026-05-27 07:33:48 | INFO     | Success: 11 ORFs found in Contig513.
2026-05-27 07:33:48 | DEBUG    | Searching ORFs in sequence Contig514...
2026-05-27 07:33:48 | INFO     | Success: 11 ORFs found in Contig514.
2026-05-27 07:33:48 | DEBUG    | Searching ORFs in sequence Contig515...
2026-05-27 07:33:48 | INFO     | Success: 16 ORFs found in Contig515.
2026-05-27 07:33:48 | DEBUG    | Searching ORFs in sequence Contig516...
2026-05-27 07:33:48 | INFO     | Success: 24 ORFs found in Contig516.
2026-05-27 07:33:48 | DEBUG    | Searching ORFs in sequence Contig517...
2026-05-27 07:33:48 | INFO     | Success: 11 ORFs found in Contig517.
2026-05-27 07:33:48 | DEBUG    | Searching ORFs in sequence Contig518...
2026-05-27 07:33:48 | INFO     | Success: 9 ORFs found in Contig518.
2026-05-27 07:33:48 | DEBUG    | Searching ORFs in sequence Contig519...
2026-05-27 07:33:48 | INFO     | Success: 17 ORFs found in Contig519.
2026-05-27 07:33:48 | DEBUG    | Searching ORFs in sequence Contig520...
2026-05-27 07:33:48 | INFO     | Success: 7 ORFs found in Contig520.
2026-05-27 07:33:48 | DEBUG    | Searching ORFs in sequence Contig521...
2026-05-27 07:33:48 | INFO     | Success: 4 ORFs found in Contig521.
2026-05-27 07:33:48 | DEBUG    | Searching ORFs in sequence Contig522...
2026-05-27 07:33:48 | INFO     | Success: 9 ORFs found in Contig522.
2026-05-27 07:33:48 | DEBUG    | Searching ORFs in sequence Contig523...
2026-05-27 07:33:48 | INFO     | Success: 3 ORFs found in Contig523.
2026-05-27 07:33:48 | DEBUG    | Searching ORFs in sequence Contig524...
2026-05-27 07:33:48 | INFO     | Success: 10 ORFs found in Contig524.
2026-05-27 07:33:48 | DEBUG    | Searching ORFs in sequence Contig525...
2026-05-27 07:33:48 | INFO     | Success: 5 ORFs found in Contig525.
2026-05-27 07:33:48 | DEBUG    | Searching ORFs in sequence Contig526...
2026-05-27 07:33:48 | INFO     | Success: 14 ORFs found in Contig526.
2026-05-27 07:33:48 | DEBUG    | Searching ORFs in sequence Contig527...
2026-05-27 07:33:48 | INFO     | Success: 5 ORFs found in Contig527.
2026-05-27 07:33:48 | DEBUG    | Searching ORFs in sequence Contig528...
2026-05-27 07:33:48 | INFO     | Success: 16 ORFs found in Contig528.
2026-05-27 07:33:48 | DEBUG    | Searching ORFs in sequence Contig529...
2026-05-27 07:33:48 | INFO     | Success: 17 ORFs found in Contig529.
2026-05-27 07:33:48 | DEBUG    | Searching ORFs in sequence Contig530...
2026-05-27 07:33:48 | INFO     | Success: 26 ORFs found in Contig530.
2026-05-27 07:33:48 | DEBUG    | Searching ORFs in sequence Contig531...
2026-05-27 07:33:48 | INFO     | Success: 12 ORFs found in Contig531.
2026-05-27 07:33:48 | DEBUG    | Searching ORFs in sequence Contig532...
2026-05-27 07:33:48 | INFO     | Success: 49 ORFs found in Contig532.
2026-05-27 07:33:48 | DEBUG    | Searching ORFs in sequence Contig533...
2026-05-27 07:33:48 | INFO     | Success: 25 ORFs found in Contig533.
2026-05-27 07:33:48 | DEBUG    | Searching ORFs in sequence Contig534...
2026-05-27 07:33:48 | INFO     | Success: 31 ORFs found in Contig534.
2026-05-27 07:33:48 | DEBUG    | Searching ORFs in sequence Contig535...
2026-05-27 07:33:48 | INFO     | Success: 5 ORFs found in Contig535.
2026-05-27 07:33:48 | DEBUG    | Searching ORFs in sequence Contig536...
2026-05-27 07:33:48 | INFO     | Success: 8 ORFs found in Contig536.
2026-05-27 07:33:48 | DEBUG    | Searching ORFs in sequence Contig537...
2026-05-27 07:33:48 | INFO     | Success: 1 ORFs found in Contig537.
2026-05-27 07:33:48 | DEBUG    | Searching ORFs in sequence Contig538...
2026-05-27 07:33:48 | INFO     | Success: 0 ORFs found in Contig538.
2026-05-27 07:33:48 | DEBUG    | Searching ORFs in sequence Contig539...
2026-05-27 07:33:48 | INFO     | Success: 4 ORFs found in Contig539.
2026-05-27 07:33:48 | DEBUG    | Searching ORFs in sequence Contig540...
2026-05-27 07:33:48 | INFO     | Success: 6 ORFs found in Contig540.
2026-05-27 07:33:48 | DEBUG    | Searching ORFs in sequence Contig541...
2026-05-27 07:33:48 | INFO     | Success: 11 ORFs found in Contig541.
2026-05-27 07:33:48 | DEBUG    | Searching ORFs in sequence Contig542...
2026-05-27 07:33:48 | INFO     | Success: 12 ORFs found in Contig542.
2026-05-27 07:33:48 | DEBUG    | Searching ORFs in sequence Contig543...
2026-05-27 07:33:48 | INFO     | Success: 4 ORFs found in Contig543.
2026-05-27 07:33:48 | DEBUG    | Searching ORFs in sequence Contig544...
2026-05-27 07:33:48 | INFO     | Success: 18 ORFs found in Contig544.
2026-05-27 07:33:48 | DEBUG    | Searching ORFs in sequence Contig545...
2026-05-27 07:33:48 | INFO     | Success: 9 ORFs found in Contig545.
2026-05-27 07:33:48 | DEBUG    | Searching ORFs in sequence Contig546...
2026-05-27 07:33:48 | INFO     | Success: 3 ORFs found in Contig546.
2026-05-27 07:33:48 | DEBUG    | Searching ORFs in sequence Contig547...
2026-05-27 07:33:48 | INFO     | Success: 2 ORFs found in Contig547.
2026-05-27 07:33:48 | SUCCESS  | ORF finding done.
2026-05-27 07:33:48 | INFO     | Loading Diamond RefSeq → testFast/diamond/refseq.tsv
2026-05-27 07:33:48 | DEBUG    | diamond [refseq]: 307 hits processed.
2026-05-27 07:33:48 | SUCCESS  | RefSeq: 307 hits attached.
2026-05-27 07:33:48 | INFO     | Loading RVDB HMM → testFast/hmm/RVDB.tsv
2026-05-27 07:33:48 | SUCCESS  | 7102 metadata records loaded for RVDB.
2026-05-27 07:33:48 | SUCCESS  | RVDB: 717 hits attached.
2026-05-27 07:33:48 | INFO     | Loading Vfam HMM → testFast/hmm/Vfam.tsv
2026-05-27 07:33:48 | SUCCESS  | 39548 metadata records loaded for Vfam.
2026-05-27 07:33:48 | SUCCESS  | Vfam: 136 hits attached.
2026-05-27 07:33:48 | INFO     | Loading EggNOG HMM → testFast/hmm/EggNOG.tsv
2026-05-27 07:33:48 | SUCCESS  | 2010 metadata records loaded for EggNOG.
2026-05-27 07:33:48 | SUCCESS  | EggNOG: 145 hits attached.
2026-05-27 07:33:48 | INFO     | Loading Diamond NR → testFast/diamond/nr.tsv
2026-05-27 07:33:48 | DEBUG    | diamond [nr]: 505 hits processed.
2026-05-27 07:33:48 | SUCCESS  | NR: 505 hits attached.
2026-05-27 07:33:48 | INFO     | Loading Pfam HMM → testFast/hmm/Pfam.tsv
2026-05-27 07:33:48 | SUCCESS  | 23794 metadata records loaded for Pfam.
2026-05-27 07:33:48 | SUCCESS  | Pfam: 225 hits attached.
2026-05-27 07:33:48 | INFO     | Loading BLASTn → testFast/blastn/blastn.tsv
2026-05-27 07:33:48 | DEBUG    | BLASTn: 33 hit(s) attached across 9 sequence(s).
2026-05-27 07:33:48 | SUCCESS  | BLASTn: 33 hits attached.
2026-05-27 07:33:48 | INFO     | Annotating taxonomy...
2026-05-27 07:33:50 | SUCCESS  | TaxonomyLoader: 259993 scientific names, 9692 species names indexed from /home/gabriel/viralquest/data/viralTax.json.xz.
2026-05-27 07:33:50 | DEBUG    | No taxonomy match for 'Tjuloc virus' (seq: Contig224)
2026-05-27 07:33:50 | SUCCESS  | Taxonomy resolved for 80/547 sequences.
2026-05-27 07:33:50 | SUCCESS  | ViralFamilyLoader: 257 entries merged (257 high-token, 257 low-token).
2026-05-27 07:33:50 | DEBUG    | No ViralFamilyInfo for seq 'Contig73' (family=None, genus=Pandoravirus, order=None)
2026-05-27 07:33:50 | DEBUG    | No ViralFamilyInfo for seq 'Contig205' (family=Schizomimiviridae, genus=Kratosvirus, order=Imitervirales)
2026-05-27 07:33:50 | DEBUG    | No ViralFamilyInfo for seq 'Contig247' (family=Kyanoviridae, genus=Haifavirus, order=None)
2026-05-27 07:33:50 | DEBUG    | No ViralFamilyInfo for seq 'Contig252' (family=None, genus=None, order=None)
2026-05-27 07:33:50 | DEBUG    | No ViralFamilyInfo for seq 'Contig254' (family=None, genus=Pithovirus, order=None)
2026-05-27 07:33:50 | DEBUG    | No ViralFamilyInfo for seq 'Contig256' (family=None, genus=Lambdavirus, order=None)
2026-05-27 07:33:50 | DEBUG    | No ViralFamilyInfo for seq 'Contig335' (family=None, genus=None, order=None)
2026-05-27 07:33:50 | DEBUG    | No ViralFamilyInfo for seq 'Contig427' (family=Fervensviridae, genus=Deepoceanvirus, order=None)
2026-05-27 07:33:50 | DEBUG    | No ViralFamilyInfo for seq 'Contig484' (family=None, genus=Pandoravirus, order=None)
2026-05-27 07:33:50 | DEBUG    | No ViralFamilyInfo for seq 'Contig502' (family=None, genus=Pandoravirus, order=None)
2026-05-27 07:33:50 | SUCCESS  | ViralFamilyInfo annotated 70/547 sequences.
2026-05-27 07:33:50 | INFO     | Clustering sequences...
2026-05-27 07:33:50 | WARNING  | ClusterBuilder: 20 sequence(s) skipped — no BLASTx species.
2026-05-27 07:33:50 | SUCCESS  | ClusterBuilder: 53 cluster(s) from 81 sequence(s).
2026-05-27 07:33:50 | SUCCESS  | VQ_CLU_0001 | 'Abelson murine leukemia virus' | 2 seq(s) | representative: 'Contig317' (3793 nt)
2026-05-27 07:33:50 | SUCCESS  | VQ_CLU_0002 | 'Acanthamoeba polyphaga mimivirus' | 1 seq(s) | representative: 'Contig547' (1020 nt)
2026-05-27 07:33:50 | SUCCESS  | VQ_CLU_0003 | 'Adoxophyes orana granulovirus' | 1 seq(s) | representative: 'Contig523' (669 nt)
2026-05-27 07:33:50 | SUCCESS  | VQ_CLU_0004 | 'Alphaentomopoxvirus acuprea' | 1 seq(s) | representative: 'Contig319' (1532 nt)
2026-05-27 07:33:50 | SUCCESS  | VQ_CLU_0005 | 'Apis mellifera filamentous virus' | 1 seq(s) | representative: 'Contig335' (2375 nt)
2026-05-27 07:33:50 | SUCCESS  | VQ_CLU_0006 | 'Aureococcus anophagefferens virus' | 1 seq(s) | representative: 'Contig205' (824 nt)
2026-05-27 07:33:51 | SUCCESS  | VQ_CLU_0007 | 'Bathycoccus sp. RCC1105 virus BpV1' | 2 seq(s) | representative: 'Contig237' (4939 nt)
2026-05-27 07:33:51 | SUCCESS  | VQ_CLU_0008 | 'Big Cypress virus' | 1 seq(s) | representative: 'Contig252' (7591 nt)
2026-05-27 07:33:51 | SUCCESS  | VQ_CLU_0009 | 'Blacklegged tick chuvirus 2' | 1 seq(s) | representative: 'Contig341' (6109 nt)
2026-05-27 07:33:52 | SUCCESS  | VQ_CLU_0010 | 'Bodo saltans virus' | 4 seq(s) | representative: 'Contig154' (5776 nt)
2026-05-27 07:33:52 | SUCCESS  | VQ_CLU_0011 | 'Cafeteria roenbergensis virus BV-PW1' | 2 seq(s) | representative: 'Contig156' (6149 nt)
2026-05-27 07:33:52 | SUCCESS  | VQ_CLU_0012 | 'Canarypox virus' | 1 seq(s) | representative: 'Contig234' (8901 nt)
2026-05-27 07:33:52 | SUCCESS  | VQ_CLU_0013 | 'Cassava brown streak virus' | 1 seq(s) | representative: 'Contig444' (739 nt)
2026-05-27 07:33:53 | SUCCESS  | VQ_CLU_0014 | 'Chrysochromulina ericina virus' | 2 seq(s) | representative: 'Contig511' (3557 nt)
2026-05-27 07:33:53 | SUCCESS  | VQ_CLU_0015 | 'Cladosporium fulvum T-1 virus' | 1 seq(s) | representative: 'Contig193' (1603 nt)
2026-05-27 07:33:54 | SUCCESS  | VQ_CLU_0016 | 'Diachasmimorpha longicaudata entomopoxvirus' | 6 seq(s) | representative: 'Contig240' (8375 nt)
2026-05-27 07:33:54 | SUCCESS  | VQ_CLU_0017 | 'Diadromus pulchellus ascovirus 4a' | 3 seq(s) | representative: 'Contig453' (4121 nt)
2026-05-27 07:33:54 | SUCCESS  | VQ_CLU_0018 | 'Ectocarpus siliculosus virus 1' | 1 seq(s) | representative: 'Contig253' (19147 nt)
2026-05-27 07:33:54 | SUCCESS  | VQ_CLU_0019 | 'Escherichia phage DE3' | 1 seq(s) | representative: 'Contig256' (1366 nt)
2026-05-27 07:33:55 | SUCCESS  | VQ_CLU_0020 | 'Fadolivirus algeromassiliense' | 4 seq(s) | representative: 'Contig450' (3057 nt)
2026-05-27 07:33:55 | SUCCESS  | VQ_CLU_0021 | 'Feldmannia irregularis virus a' | 1 seq(s) | representative: 'Contig401' (7822 nt)
2026-05-27 07:33:55 | SUCCESS  | VQ_CLU_0022 | 'Feldmannia species virus' | 1 seq(s) | representative: 'Contig400' (6843 nt)
2026-05-27 07:33:55 | SUCCESS  | VQ_CLU_0023 | 'Feline sarcoma virus (STRAIN HARDY-ZUCKERMAN 4)' | 1 seq(s) | representative: 'Contig445' (3178 nt)
2026-05-27 07:33:56 | SUCCESS  | VQ_CLU_0024 | 'Flamingopox virus FGPVKD09' | 3 seq(s) | representative: 'Contig79' (910 nt)
2026-05-27 07:33:56 | SUCCESS  | VQ_CLU_0025 | 'Fowlpox virus' | 1 seq(s) | representative: 'Contig493' (1555 nt)
2026-05-27 07:33:57 | SUCCESS  | VQ_CLU_0026 | 'Gibbon ape leukemia virus' | 3 seq(s) | representative: 'Contig530' (7021 nt)
2026-05-27 07:33:57 | SUCCESS  | VQ_CLU_0027 | 'Ichnoviriform fugitivi' | 1 seq(s) | representative: 'Contig269' (3057 nt)
2026-05-27 07:33:57 | SUCCESS  | VQ_CLU_0028 | 'Lausannevirus' | 1 seq(s) | representative: 'Contig301' (4293 nt)
2026-05-27 07:33:57 | SUCCESS  | VQ_CLU_0029 | 'Malacosoma neustria nucleopolyhedrovirus' | 1 seq(s) | representative: 'Contig385' (11460 nt)
2026-05-27 07:33:57 | SUCCESS  | VQ_CLU_0030 | 'Methanocaldococcus fervens tailed virus 1' | 1 seq(s) | representative: 'Contig427' (1285 nt)
2026-05-27 07:33:57 | SUCCESS  | VQ_CLU_0031 | 'Moumouvirus goulette' | 1 seq(s) | representative: 'Contig393' (2575 nt)
2026-05-27 07:33:57 | SUCCESS  | VQ_CLU_0032 | 'Mus dunni endogenous virus' | 1 seq(s) | representative: 'Contig531' (3189 nt)
2026-05-27 07:33:57 | SUCCESS  | VQ_CLU_0033 | 'Orpheovirus IHUMI-LCC2' | 3 seq(s) | representative: 'Contig418' (2909 nt)
2026-05-27 07:33:58 | SUCCESS  | VQ_CLU_0034 | 'Oryctes rhinoceros nudivirus' | 2 seq(s) | representative: 'Contig491' (4009 nt)
2026-05-27 07:33:58 | SUCCESS  | VQ_CLU_0035 | 'Pandoravirus neocaledonia' | 1 seq(s) | representative: 'Contig502' (4969 nt)
2026-05-27 07:33:58 | SUCCESS  | VQ_CLU_0036 | 'Pandoravirus quercus' | 1 seq(s) | representative: 'Contig484' (2393 nt)
2026-05-27 07:33:58 | SUCCESS  | VQ_CLU_0037 | 'Pandoravirus salinus' | 1 seq(s) | representative: 'Contig73' (1748 nt)
2026-05-27 07:33:58 | SUCCESS  | VQ_CLU_0038 | 'Paramecium bursaria Chlorella virus NY2A' | 1 seq(s) | representative: 'Contig132' (2785 nt)
2026-05-27 07:33:58 | SUCCESS  | VQ_CLU_0039 | 'Pithovirus sibericum' | 1 seq(s) | representative: 'Contig254' (4957 nt)
2026-05-27 07:33:58 | SUCCESS  | VQ_CLU_0040 | 'Prochlorococcus phage P-TIM68' | 1 seq(s) | representative: 'Contig247' (1903 nt)
2026-05-27 07:33:58 | SUCCESS  | VQ_CLU_0041 | 'Robinvale bee virus 2' | 1 seq(s) | representative: 'Contig125' (4976 nt)
2026-05-27 07:33:59 | SUCCESS  | VQ_CLU_0042 | 'Sanya cydistomyia duplonotatay narnavirus 1' | 3 seq(s) | representative: 'Contig513' (2563 nt)
2026-05-27 07:33:59 | SUCCESS  | VQ_CLU_0043 | 'Tjuloc virus' | 1 seq(s) | representative: 'Contig224' (1840 nt)
2026-05-27 07:33:59 | SUCCESS  | VQ_CLU_0044 | 'Trichoplusia ni TED virus' | 1 seq(s) | representative: 'Contig194' (1356 nt)
2026-05-27 07:33:59 | SUCCESS  | VQ_CLU_0045 | 'Trichoplusia ni ascovirus 2c' | 1 seq(s) | representative: 'Contig320' (3169 nt)
2026-05-27 07:33:59 | SUCCESS  | VQ_CLU_0046 | 'Tupanvirus deep ocean' | 1 seq(s) | representative: 'Contig302' (3457 nt)
2026-05-27 07:33:59 | SUCCESS  | VQ_CLU_0047 | 'Tupanvirus soda lake' | 2 seq(s) | representative: 'Contig449' (1911 nt)
2026-05-27 07:33:59 | SUCCESS  | VQ_CLU_0048 | 'Turkeypox virus' | 1 seq(s) | representative: 'Contig113' (2391 nt)
2026-05-27 07:33:59 | SUCCESS  | VQ_CLU_0049 | 'Vespula vulgaris Partiti-like virus 1' | 1 seq(s) | representative: 'Contig337' (2261 nt)
2026-05-27 07:33:59 | SUCCESS  | VQ_CLU_0050 | 'Wiseana iridescent virus' | 1 seq(s) | representative: 'Contig100' (1848 nt)
2026-05-27 07:33:59 | SUCCESS  | VQ_CLU_0051 | 'Yaba monkey tumor virus' | 1 seq(s) | representative: 'Contig165' (2345 nt)
2026-05-27 07:34:00 | SUCCESS  | VQ_CLU_0052 | 'Yaba-like disease virus' | 2 seq(s) | representative: 'Contig282' (3515 nt)
2026-05-27 07:34:00 | SUCCESS  | VQ_CLU_0053 | 'brine shrimp flavi-like virus 1' | 1 seq(s) | representative: 'Contig274' (8713 nt)
2026-05-27 07:34:00 | INFO     | Running Salmon quantification...
2026-05-27 07:34:00 | DEBUG    | Conserved [MAMMALS]: 237 sequence(s) loaded.
2026-05-27 07:34:00 | DEBUG    | Conserved [ARTHROPODS]: 125 sequence(s) loaded.
2026-05-27 07:34:00 | DEBUG    | Conserved [PLANTS]: 103 sequence(s) loaded.
2026-05-27 07:34:00 | DEBUG    | Conserved [FISH]: 76 sequence(s) loaded.
2026-05-27 07:34:00 | DEBUG    | Conserved [FUNGI]: 48 sequence(s) loaded.
2026-05-27 07:34:00 | DEBUG    | Conserved [BACTERIA]: 15 sequence(s) loaded.
2026-05-27 07:34:00 | DEBUG    | Conserved [NEMATODES]: 49 sequence(s) loaded.
2026-05-27 07:34:00 | INFO     | Combined FASTA: 9 viral + 653 conserved + host transcriptome → 'combined_ref.fasta'
2026-05-27 07:34:00 | INFO     | Salmon index: 'combined_ref.fasta' → 'vq_salmon_idx' ...
2026-05-27 07:34:06 | DEBUG    | SalmonQuantPipeline: temporary index and files removed.
2026-05-27 07:34:06 | ERROR    | Salmon quantification failed — skipping: salmon index failed (exit -4):
7971
[2026-05-27 07:34:06.340] [puff::index::jointLog] [info] Done wrapping the rank vector with a rank9sel structure.
[2026-05-27 07:34:06.340] [puff::index::jointLog] [info] contig count for validation: 7,971
[2026-05-27 07:34:06.341] [puff::index::jointLog] [info] Total # of Contigs : 7,971
[2026-05-27 07:34:06.341] [puff::index::jointLog] [info] Total # of numerical Contigs : 7,971
[2026-05-27 07:34:06.341] [puff::index::jointLog] [info] Total # of contig vec entries: 28,791
[2026-05-27 07:34:06.341] [puff::index::jointLog] [info] bits per offset entry 15
[2026-05-27 07:34:06.341] [puff::index::jointLog] [info] Done constructing the contig vector. 7,972
[2026-05-27 07:34:06.344] [puff::index::jointLog] [info] # segments = 7,971
[2026-05-27 07:34:06.344] [puff::index::jointLog] [info] total length = 1,689,561
[2026-05-27 07:34:06.344] [puff::index::jointLog] [info] Reading the reference files ...
[2026-05-27 07:34:06.352] [puff::index::jointLog] [info] positional integer width = 21
[2026-05-27 07:34:06.352] [puff::index::jointLog] [info] seqSize = 1,689,561
[2026-05-27 07:34:06.352] [puff::index::jointLog] [info] rankSize = 1,689,561
[2026-05-27 07:34:06.352] [puff::index::jointLog] [info] edgeVecSize = 0
[2026-05-27 07:34:06.352] [puff::index::jointLog] [info] num keys = 1,450,431
[2026-05-27 07:34:06.352] [puff::index::jointLog] [info] Writing contig sequences to temporary FASTA for SSHash ...
[2026-05-27 07:34:06.368] [puff::index::jointLog] [info] Wrote 7971 contigs to temporary FASTA.
[2026-05-27 07:34:06.368] [puff::index::jointLog] [info] Building SSHash dictionary ...
[2026-05-27 07:34:06.368] [puff::index::jointLog] [info] Using minimizer length m = 20

Common causes: insufficient RAM for SSHash (try closing other processes), or a corrupted/empty combined reference FASTA.
2026-05-27 07:34:06 | INFO     | Exporting reports...
2026-05-27 07:34:06 | INFO     | Viral contigs FASTA (101 seqs) → devout/test_viral_contigs.fasta
2026-05-27 07:34:06 | INFO     | Exporter: 446 sequence(s) excluded — not flagged as viral.
2026-05-27 07:34:06 | SUCCESS  | Report written → 'devout/test_viralquest.json'  (101 sequences, 53 clusters).
2026-05-27 07:34:06 | SUCCESS  | Done — 101 viral sequences, 53 clusters.
  JSON  → devout/test_viralquest.json
  HTML  → devout/test_viralquest.html
  FASTA → devout/test_viral_contigs.fasta
2026-05-27 07:42:59 | INFO     | Parsing FASTA...
2026-05-27 07:42:59 | INFO     | Starting fasta parser
2026-05-27 07:42:59 | SUCCESS  | Found 547 valid sequences in data/test.fasta
2026-05-27 07:42:59 | SUCCESS  | Parsed 547 sequences.
2026-05-27 07:42:59 | INFO     | Finding ORFs...
2026-05-27 07:42:59 | INFO     | Starting ORF search (Minimal length: 150 nt)
2026-05-27 07:42:59 | DEBUG    | Searching ORFs in sequence Contig1...
2026-05-27 07:42:59 | INFO     | Success: 0 ORFs found in Contig1.
2026-05-27 07:42:59 | DEBUG    | Searching ORFs in sequence Contig2...
2026-05-27 07:42:59 | INFO     | Success: 8 ORFs found in Contig2.
2026-05-27 07:42:59 | DEBUG    | Searching ORFs in sequence Contig3...
2026-05-27 07:42:59 | INFO     | Success: 1 ORFs found in Contig3.
2026-05-27 07:42:59 | DEBUG    | Searching ORFs in sequence Contig4...
2026-05-27 07:42:59 | INFO     | Success: 2 ORFs found in Contig4.
2026-05-27 07:42:59 | DEBUG    | Searching ORFs in sequence Contig5...
2026-05-27 07:42:59 | INFO     | Success: 3 ORFs found in Contig5.
2026-05-27 07:42:59 | DEBUG    | Searching ORFs in sequence Contig6...
2026-05-27 07:42:59 | INFO     | Success: 3 ORFs found in Contig6.
2026-05-27 07:42:59 | DEBUG    | Searching ORFs in sequence Contig7...
2026-05-27 07:42:59 | INFO     | Success: 3 ORFs found in Contig7.
2026-05-27 07:42:59 | DEBUG    | Searching ORFs in sequence Contig8...
2026-05-27 07:42:59 | INFO     | Success: 3 ORFs found in Contig8.
2026-05-27 07:42:59 | DEBUG    | Searching ORFs in sequence Contig9...
2026-05-27 07:42:59 | INFO     | Success: 18 ORFs found in Contig9.
2026-05-27 07:42:59 | DEBUG    | Searching ORFs in sequence Contig10...
2026-05-27 07:42:59 | INFO     | Success: 2 ORFs found in Contig10.
2026-05-27 07:42:59 | DEBUG    | Searching ORFs in sequence Contig11...
2026-05-27 07:42:59 | INFO     | Success: 6 ORFs found in Contig11.
2026-05-27 07:42:59 | DEBUG    | Searching ORFs in sequence Contig12...
2026-05-27 07:42:59 | INFO     | Success: 1 ORFs found in Contig12.
2026-05-27 07:42:59 | DEBUG    | Searching ORFs in sequence Contig13...
2026-05-27 07:42:59 | INFO     | Success: 3 ORFs found in Contig13.
2026-05-27 07:42:59 | DEBUG    | Searching ORFs in sequence Contig14...
2026-05-27 07:42:59 | INFO     | Success: 2 ORFs found in Contig14.
2026-05-27 07:42:59 | DEBUG    | Searching ORFs in sequence Contig15...
2026-05-27 07:42:59 | INFO     | Success: 2 ORFs found in Contig15.
2026-05-27 07:42:59 | DEBUG    | Searching ORFs in sequence Contig16...
2026-05-27 07:42:59 | INFO     | Success: 4 ORFs found in Contig16.
2026-05-27 07:42:59 | DEBUG    | Searching ORFs in sequence Contig17...
2026-05-27 07:42:59 | INFO     | Success: 6 ORFs found in Contig17.
2026-05-27 07:42:59 | DEBUG    | Searching ORFs in sequence Contig18...
2026-05-27 07:42:59 | INFO     | Success: 2 ORFs found in Contig18.
2026-05-27 07:42:59 | DEBUG    | Searching ORFs in sequence Contig19...
2026-05-27 07:42:59 | INFO     | Success: 2 ORFs found in Contig19.
2026-05-27 07:42:59 | DEBUG    | Searching ORFs in sequence Contig20...
2026-05-27 07:42:59 | INFO     | Success: 11 ORFs found in Contig20.
2026-05-27 07:42:59 | DEBUG    | Searching ORFs in sequence Contig21...
2026-05-27 07:42:59 | INFO     | Success: 1 ORFs found in Contig21.
2026-05-27 07:42:59 | DEBUG    | Searching ORFs in sequence Contig22...
2026-05-27 07:42:59 | INFO     | Success: 3 ORFs found in Contig22.
2026-05-27 07:42:59 | DEBUG    | Searching ORFs in sequence Contig23...
2026-05-27 07:42:59 | INFO     | Success: 8 ORFs found in Contig23.
2026-05-27 07:42:59 | DEBUG    | Searching ORFs in sequence Contig24...
2026-05-27 07:42:59 | INFO     | Success: 0 ORFs found in Contig24.
2026-05-27 07:42:59 | DEBUG    | Searching ORFs in sequence Contig25...
2026-05-27 07:42:59 | INFO     | Success: 12 ORFs found in Contig25.
2026-05-27 07:42:59 | DEBUG    | Searching ORFs in sequence Contig26...
2026-05-27 07:42:59 | INFO     | Success: 13 ORFs found in Contig26.
2026-05-27 07:42:59 | DEBUG    | Searching ORFs in sequence Contig27...
2026-05-27 07:42:59 | INFO     | Success: 6 ORFs found in Contig27.
2026-05-27 07:42:59 | DEBUG    | Searching ORFs in sequence Contig28...
2026-05-27 07:42:59 | INFO     | Success: 8 ORFs found in Contig28.
2026-05-27 07:42:59 | DEBUG    | Searching ORFs in sequence Contig29...
2026-05-27 07:42:59 | INFO     | Success: 4 ORFs found in Contig29.
2026-05-27 07:42:59 | DEBUG    | Searching ORFs in sequence Contig30...
2026-05-27 07:42:59 | INFO     | Success: 20 ORFs found in Contig30.
2026-05-27 07:42:59 | DEBUG    | Searching ORFs in sequence Contig31...
2026-05-27 07:42:59 | INFO     | Success: 10 ORFs found in Contig31.
2026-05-27 07:42:59 | DEBUG    | Searching ORFs in sequence Contig32...
2026-05-27 07:42:59 | INFO     | Success: 2 ORFs found in Contig32.
2026-05-27 07:42:59 | DEBUG    | Searching ORFs in sequence Contig33...
2026-05-27 07:42:59 | INFO     | Success: 13 ORFs found in Contig33.
2026-05-27 07:42:59 | DEBUG    | Searching ORFs in sequence Contig34...
2026-05-27 07:42:59 | INFO     | Success: 2 ORFs found in Contig34.
2026-05-27 07:42:59 | DEBUG    | Searching ORFs in sequence Contig35...
2026-05-27 07:42:59 | INFO     | Success: 3 ORFs found in Contig35.
2026-05-27 07:42:59 | DEBUG    | Searching ORFs in sequence Contig36...
2026-05-27 07:42:59 | INFO     | Success: 6 ORFs found in Contig36.
2026-05-27 07:42:59 | DEBUG    | Searching ORFs in sequence Contig37...
2026-05-27 07:42:59 | INFO     | Success: 8 ORFs found in Contig37.
2026-05-27 07:42:59 | DEBUG    | Searching ORFs in sequence Contig38...
2026-05-27 07:42:59 | INFO     | Success: 1 ORFs found in Contig38.
2026-05-27 07:42:59 | DEBUG    | Searching ORFs in sequence Contig39...
2026-05-27 07:42:59 | INFO     | Success: 0 ORFs found in Contig39.
2026-05-27 07:42:59 | DEBUG    | Searching ORFs in sequence Contig40...
2026-05-27 07:42:59 | INFO     | Success: 14 ORFs found in Contig40.
2026-05-27 07:42:59 | DEBUG    | Searching ORFs in sequence Contig41...
2026-05-27 07:42:59 | INFO     | Success: 1 ORFs found in Contig41.
2026-05-27 07:42:59 | DEBUG    | Searching ORFs in sequence Contig42...
2026-05-27 07:42:59 | INFO     | Success: 2 ORFs found in Contig42.
2026-05-27 07:42:59 | DEBUG    | Searching ORFs in sequence Contig43...
2026-05-27 07:42:59 | INFO     | Success: 5 ORFs found in Contig43.
2026-05-27 07:42:59 | DEBUG    | Searching ORFs in sequence Contig44...
2026-05-27 07:42:59 | INFO     | Success: 8 ORFs found in Contig44.
2026-05-27 07:42:59 | DEBUG    | Searching ORFs in sequence Contig45...
2026-05-27 07:42:59 | INFO     | Success: 1 ORFs found in Contig45.
2026-05-27 07:42:59 | DEBUG    | Searching ORFs in sequence Contig46...
2026-05-27 07:42:59 | INFO     | Success: 0 ORFs found in Contig46.
2026-05-27 07:42:59 | DEBUG    | Searching ORFs in sequence Contig47...
2026-05-27 07:42:59 | INFO     | Success: 8 ORFs found in Contig47.
2026-05-27 07:42:59 | DEBUG    | Searching ORFs in sequence Contig48...
2026-05-27 07:42:59 | INFO     | Success: 3 ORFs found in Contig48.
2026-05-27 07:42:59 | DEBUG    | Searching ORFs in sequence Contig49...
2026-05-27 07:42:59 | INFO     | Success: 8 ORFs found in Contig49.
2026-05-27 07:42:59 | DEBUG    | Searching ORFs in sequence Contig50...
2026-05-27 07:42:59 | INFO     | Success: 13 ORFs found in Contig50.
2026-05-27 07:42:59 | DEBUG    | Searching ORFs in sequence Contig51...
2026-05-27 07:42:59 | INFO     | Success: 26 ORFs found in Contig51.
2026-05-27 07:42:59 | DEBUG    | Searching ORFs in sequence Contig52...
2026-05-27 07:42:59 | INFO     | Success: 5 ORFs found in Contig52.
2026-05-27 07:42:59 | DEBUG    | Searching ORFs in sequence Contig53...
2026-05-27 07:42:59 | INFO     | Success: 17 ORFs found in Contig53.
2026-05-27 07:42:59 | DEBUG    | Searching ORFs in sequence Contig54...
2026-05-27 07:42:59 | INFO     | Success: 3 ORFs found in Contig54.
2026-05-27 07:42:59 | DEBUG    | Searching ORFs in sequence Contig55...
2026-05-27 07:42:59 | INFO     | Success: 0 ORFs found in Contig55.
2026-05-27 07:42:59 | DEBUG    | Searching ORFs in sequence Contig56...
2026-05-27 07:42:59 | INFO     | Success: 2 ORFs found in Contig56.
2026-05-27 07:42:59 | DEBUG    | Searching ORFs in sequence Contig57...
2026-05-27 07:42:59 | INFO     | Success: 2 ORFs found in Contig57.
2026-05-27 07:42:59 | DEBUG    | Searching ORFs in sequence Contig58...
2026-05-27 07:42:59 | INFO     | Success: 5 ORFs found in Contig58.
2026-05-27 07:42:59 | DEBUG    | Searching ORFs in sequence Contig59...
2026-05-27 07:42:59 | INFO     | Success: 8 ORFs found in Contig59.
2026-05-27 07:42:59 | DEBUG    | Searching ORFs in sequence Contig60...
2026-05-27 07:42:59 | INFO     | Success: 1 ORFs found in Contig60.
2026-05-27 07:42:59 | DEBUG    | Searching ORFs in sequence Contig61...
2026-05-27 07:42:59 | INFO     | Success: 1 ORFs found in Contig61.
2026-05-27 07:42:59 | DEBUG    | Searching ORFs in sequence Contig62...
2026-05-27 07:42:59 | INFO     | Success: 1 ORFs found in Contig62.
2026-05-27 07:42:59 | DEBUG    | Searching ORFs in sequence Contig63...
2026-05-27 07:42:59 | INFO     | Success: 3 ORFs found in Contig63.
2026-05-27 07:42:59 | DEBUG    | Searching ORFs in sequence Contig64...
2026-05-27 07:42:59 | INFO     | Success: 0 ORFs found in Contig64.
2026-05-27 07:42:59 | DEBUG    | Searching ORFs in sequence Contig65...
2026-05-27 07:42:59 | INFO     | Success: 17 ORFs found in Contig65.
2026-05-27 07:42:59 | DEBUG    | Searching ORFs in sequence Contig66...
2026-05-27 07:42:59 | INFO     | Success: 32 ORFs found in Contig66.
2026-05-27 07:42:59 | DEBUG    | Searching ORFs in sequence Contig67...
2026-05-27 07:42:59 | INFO     | Success: 0 ORFs found in Contig67.
2026-05-27 07:42:59 | DEBUG    | Searching ORFs in sequence Contig68...
2026-05-27 07:42:59 | INFO     | Success: 2 ORFs found in Contig68.
2026-05-27 07:42:59 | DEBUG    | Searching ORFs in sequence Contig69...
2026-05-27 07:42:59 | INFO     | Success: 7 ORFs found in Contig69.
2026-05-27 07:42:59 | DEBUG    | Searching ORFs in sequence Contig70...
2026-05-27 07:42:59 | INFO     | Success: 9 ORFs found in Contig70.
2026-05-27 07:42:59 | DEBUG    | Searching ORFs in sequence Contig71...
2026-05-27 07:42:59 | INFO     | Success: 2 ORFs found in Contig71.
2026-05-27 07:42:59 | DEBUG    | Searching ORFs in sequence Contig72...
2026-05-27 07:42:59 | INFO     | Success: 4 ORFs found in Contig72.
2026-05-27 07:42:59 | DEBUG    | Searching ORFs in sequence Contig73...
2026-05-27 07:42:59 | INFO     | Success: 6 ORFs found in Contig73.
2026-05-27 07:42:59 | DEBUG    | Searching ORFs in sequence Contig74...
2026-05-27 07:42:59 | INFO     | Success: 0 ORFs found in Contig74.
2026-05-27 07:42:59 | DEBUG    | Searching ORFs in sequence Contig75...
2026-05-27 07:42:59 | INFO     | Success: 1 ORFs found in Contig75.
2026-05-27 07:42:59 | DEBUG    | Searching ORFs in sequence Contig76...
2026-05-27 07:42:59 | INFO     | Success: 2 ORFs found in Contig76.
2026-05-27 07:42:59 | DEBUG    | Searching ORFs in sequence Contig77...
2026-05-27 07:42:59 | INFO     | Success: 11 ORFs found in Contig77.
2026-05-27 07:42:59 | DEBUG    | Searching ORFs in sequence Contig78...
2026-05-27 07:42:59 | INFO     | Success: 6 ORFs found in Contig78.
2026-05-27 07:42:59 | DEBUG    | Searching ORFs in sequence Contig79...
2026-05-27 07:42:59 | INFO     | Success: 5 ORFs found in Contig79.
2026-05-27 07:42:59 | DEBUG    | Searching ORFs in sequence Contig80...
2026-05-27 07:42:59 | INFO     | Success: 2 ORFs found in Contig80.
2026-05-27 07:42:59 | DEBUG    | Searching ORFs in sequence Contig81...
2026-05-27 07:42:59 | INFO     | Success: 1 ORFs found in Contig81.
2026-05-27 07:42:59 | DEBUG    | Searching ORFs in sequence Contig82...
2026-05-27 07:42:59 | INFO     | Success: 5 ORFs found in Contig82.
2026-05-27 07:42:59 | DEBUG    | Searching ORFs in sequence Contig83...
2026-05-27 07:42:59 | INFO     | Success: 11 ORFs found in Contig83.
2026-05-27 07:42:59 | DEBUG    | Searching ORFs in sequence Contig84...
2026-05-27 07:42:59 | INFO     | Success: 3 ORFs found in Contig84.
2026-05-27 07:42:59 | DEBUG    | Searching ORFs in sequence Contig85...
2026-05-27 07:42:59 | INFO     | Success: 4 ORFs found in Contig85.
2026-05-27 07:42:59 | DEBUG    | Searching ORFs in sequence Contig86...
2026-05-27 07:42:59 | INFO     | Success: 3 ORFs found in Contig86.
2026-05-27 07:42:59 | DEBUG    | Searching ORFs in sequence Contig87...
2026-05-27 07:42:59 | INFO     | Success: 22 ORFs found in Contig87.
2026-05-27 07:42:59 | DEBUG    | Searching ORFs in sequence Contig88...
2026-05-27 07:42:59 | INFO     | Success: 10 ORFs found in Contig88.
2026-05-27 07:42:59 | DEBUG    | Searching ORFs in sequence Contig89...
2026-05-27 07:42:59 | INFO     | Success: 1 ORFs found in Contig89.
2026-05-27 07:42:59 | DEBUG    | Searching ORFs in sequence Contig90...
2026-05-27 07:42:59 | INFO     | Success: 0 ORFs found in Contig90.
2026-05-27 07:42:59 | DEBUG    | Searching ORFs in sequence Contig91...
2026-05-27 07:42:59 | INFO     | Success: 1 ORFs found in Contig91.
2026-05-27 07:42:59 | DEBUG    | Searching ORFs in sequence Contig92...
2026-05-27 07:42:59 | INFO     | Success: 2 ORFs found in Contig92.
2026-05-27 07:42:59 | DEBUG    | Searching ORFs in sequence Contig93...
2026-05-27 07:42:59 | INFO     | Success: 15 ORFs found in Contig93.
2026-05-27 07:42:59 | DEBUG    | Searching ORFs in sequence Contig94...
2026-05-27 07:42:59 | INFO     | Success: 3 ORFs found in Contig94.
2026-05-27 07:42:59 | DEBUG    | Searching ORFs in sequence Contig95...
2026-05-27 07:42:59 | INFO     | Success: 2 ORFs found in Contig95.
2026-05-27 07:42:59 | DEBUG    | Searching ORFs in sequence Contig96...
2026-05-27 07:42:59 | INFO     | Success: 2 ORFs found in Contig96.
2026-05-27 07:42:59 | DEBUG    | Searching ORFs in sequence Contig97...
2026-05-27 07:42:59 | INFO     | Success: 4 ORFs found in Contig97.
2026-05-27 07:42:59 | DEBUG    | Searching ORFs in sequence Contig98...
2026-05-27 07:42:59 | INFO     | Success: 8 ORFs found in Contig98.
2026-05-27 07:42:59 | DEBUG    | Searching ORFs in sequence Contig99...
2026-05-27 07:42:59 | INFO     | Success: 1 ORFs found in Contig99.
2026-05-27 07:42:59 | DEBUG    | Searching ORFs in sequence Contig100...
2026-05-27 07:42:59 | INFO     | Success: 6 ORFs found in Contig100.
2026-05-27 07:42:59 | DEBUG    | Searching ORFs in sequence Contig101...
2026-05-27 07:42:59 | INFO     | Success: 8 ORFs found in Contig101.
2026-05-27 07:42:59 | DEBUG    | Searching ORFs in sequence Contig102...
2026-05-27 07:42:59 | INFO     | Success: 4 ORFs found in Contig102.
2026-05-27 07:42:59 | DEBUG    | Searching ORFs in sequence Contig103...
2026-05-27 07:42:59 | INFO     | Success: 2 ORFs found in Contig103.
2026-05-27 07:42:59 | DEBUG    | Searching ORFs in sequence Contig104...
2026-05-27 07:42:59 | INFO     | Success: 4 ORFs found in Contig104.
2026-05-27 07:42:59 | DEBUG    | Searching ORFs in sequence Contig105...
2026-05-27 07:42:59 | INFO     | Success: 1 ORFs found in Contig105.
2026-05-27 07:42:59 | DEBUG    | Searching ORFs in sequence Contig106...
2026-05-27 07:42:59 | INFO     | Success: 1 ORFs found in Contig106.
2026-05-27 07:42:59 | DEBUG    | Searching ORFs in sequence Contig107...
2026-05-27 07:42:59 | INFO     | Success: 3 ORFs found in Contig107.
2026-05-27 07:42:59 | DEBUG    | Searching ORFs in sequence Contig108...
2026-05-27 07:42:59 | INFO     | Success: 2 ORFs found in Contig108.
2026-05-27 07:42:59 | DEBUG    | Searching ORFs in sequence Contig109...
2026-05-27 07:42:59 | INFO     | Success: 2 ORFs found in Contig109.
2026-05-27 07:42:59 | DEBUG    | Searching ORFs in sequence Contig110...
2026-05-27 07:42:59 | INFO     | Success: 2 ORFs found in Contig110.
2026-05-27 07:42:59 | DEBUG    | Searching ORFs in sequence Contig111...
2026-05-27 07:42:59 | INFO     | Success: 4 ORFs found in Contig111.
2026-05-27 07:42:59 | DEBUG    | Searching ORFs in sequence Contig112...
2026-05-27 07:42:59 | INFO     | Success: 15 ORFs found in Contig112.
2026-05-27 07:42:59 | DEBUG    | Searching ORFs in sequence Contig113...
2026-05-27 07:42:59 | INFO     | Success: 8 ORFs found in Contig113.
2026-05-27 07:42:59 | DEBUG    | Searching ORFs in sequence Contig114...
2026-05-27 07:42:59 | INFO     | Success: 2 ORFs found in Contig114.
2026-05-27 07:42:59 | DEBUG    | Searching ORFs in sequence Contig115...
2026-05-27 07:42:59 | INFO     | Success: 14 ORFs found in Contig115.
2026-05-27 07:42:59 | DEBUG    | Searching ORFs in sequence Contig116...
2026-05-27 07:42:59 | INFO     | Success: 20 ORFs found in Contig116.
2026-05-27 07:42:59 | DEBUG    | Searching ORFs in sequence Contig117...
2026-05-27 07:42:59 | INFO     | Success: 3 ORFs found in Contig117.
2026-05-27 07:42:59 | DEBUG    | Searching ORFs in sequence Contig118...
2026-05-27 07:42:59 | INFO     | Success: 2 ORFs found in Contig118.
2026-05-27 07:42:59 | DEBUG    | Searching ORFs in sequence Contig119...
2026-05-27 07:42:59 | INFO     | Success: 1 ORFs found in Contig119.
2026-05-27 07:42:59 | DEBUG    | Searching ORFs in sequence Contig120...
2026-05-27 07:42:59 | INFO     | Success: 2 ORFs found in Contig120.
2026-05-27 07:42:59 | DEBUG    | Searching ORFs in sequence Contig121...
2026-05-27 07:42:59 | INFO     | Success: 1 ORFs found in Contig121.
2026-05-27 07:42:59 | DEBUG    | Searching ORFs in sequence Contig122...
2026-05-27 07:42:59 | INFO     | Success: 7 ORFs found in Contig122.
2026-05-27 07:42:59 | DEBUG    | Searching ORFs in sequence Contig123...
2026-05-27 07:42:59 | INFO     | Success: 12 ORFs found in Contig123.
2026-05-27 07:42:59 | DEBUG    | Searching ORFs in sequence Contig124...
2026-05-27 07:42:59 | INFO     | Success: 17 ORFs found in Contig124.
2026-05-27 07:42:59 | DEBUG    | Searching ORFs in sequence Contig125...
2026-05-27 07:42:59 | INFO     | Success: 20 ORFs found in Contig125.
2026-05-27 07:42:59 | DEBUG    | Searching ORFs in sequence Contig126...
2026-05-27 07:42:59 | INFO     | Success: 7 ORFs found in Contig126.
2026-05-27 07:42:59 | DEBUG    | Searching ORFs in sequence Contig127...
2026-05-27 07:42:59 | INFO     | Success: 4 ORFs found in Contig127.
2026-05-27 07:42:59 | DEBUG    | Searching ORFs in sequence Contig128...
2026-05-27 07:42:59 | INFO     | Success: 9 ORFs found in Contig128.
2026-05-27 07:42:59 | DEBUG    | Searching ORFs in sequence Contig129...
2026-05-27 07:42:59 | INFO     | Success: 2 ORFs found in Contig129.
2026-05-27 07:42:59 | DEBUG    | Searching ORFs in sequence Contig130...
2026-05-27 07:42:59 | INFO     | Success: 2 ORFs found in Contig130.
2026-05-27 07:42:59 | DEBUG    | Searching ORFs in sequence Contig131...
2026-05-27 07:42:59 | INFO     | Success: 3 ORFs found in Contig131.
2026-05-27 07:42:59 | DEBUG    | Searching ORFs in sequence Contig132...
2026-05-27 07:42:59 | INFO     | Success: 11 ORFs found in Contig132.
2026-05-27 07:42:59 | DEBUG    | Searching ORFs in sequence Contig133...
2026-05-27 07:42:59 | INFO     | Success: 4 ORFs found in Contig133.
2026-05-27 07:42:59 | DEBUG    | Searching ORFs in sequence Contig134...
2026-05-27 07:42:59 | INFO     | Success: 9 ORFs found in Contig134.
2026-05-27 07:42:59 | DEBUG    | Searching ORFs in sequence Contig135...
2026-05-27 07:42:59 | INFO     | Success: 6 ORFs found in Contig135.
2026-05-27 07:42:59 | DEBUG    | Searching ORFs in sequence Contig136...
2026-05-27 07:42:59 | INFO     | Success: 8 ORFs found in Contig136.
2026-05-27 07:42:59 | DEBUG    | Searching ORFs in sequence Contig137...
2026-05-27 07:42:59 | INFO     | Success: 6 ORFs found in Contig137.
2026-05-27 07:42:59 | DEBUG    | Searching ORFs in sequence Contig138...
2026-05-27 07:42:59 | INFO     | Success: 3 ORFs found in Contig138.
2026-05-27 07:42:59 | DEBUG    | Searching ORFs in sequence Contig139...
2026-05-27 07:42:59 | INFO     | Success: 4 ORFs found in Contig139.
2026-05-27 07:42:59 | DEBUG    | Searching ORFs in sequence Contig140...
2026-05-27 07:42:59 | INFO     | Success: 1 ORFs found in Contig140.
2026-05-27 07:42:59 | DEBUG    | Searching ORFs in sequence Contig141...
2026-05-27 07:42:59 | INFO     | Success: 19 ORFs found in Contig141.
2026-05-27 07:42:59 | DEBUG    | Searching ORFs in sequence Contig142...
2026-05-27 07:42:59 | INFO     | Success: 4 ORFs found in Contig142.
2026-05-27 07:42:59 | DEBUG    | Searching ORFs in sequence Contig143...
2026-05-27 07:42:59 | INFO     | Success: 6 ORFs found in Contig143.
2026-05-27 07:42:59 | DEBUG    | Searching ORFs in sequence Contig144...
2026-05-27 07:42:59 | INFO     | Success: 7 ORFs found in Contig144.
2026-05-27 07:42:59 | DEBUG    | Searching ORFs in sequence Contig145...
2026-05-27 07:42:59 | INFO     | Success: 2 ORFs found in Contig145.
2026-05-27 07:42:59 | DEBUG    | Searching ORFs in sequence Contig146...
2026-05-27 07:42:59 | INFO     | Success: 4 ORFs found in Contig146.
2026-05-27 07:42:59 | DEBUG    | Searching ORFs in sequence Contig147...
2026-05-27 07:42:59 | INFO     | Success: 11 ORFs found in Contig147.
2026-05-27 07:42:59 | DEBUG    | Searching ORFs in sequence Contig148...
2026-05-27 07:42:59 | INFO     | Success: 5 ORFs found in Contig148.
2026-05-27 07:42:59 | DEBUG    | Searching ORFs in sequence Contig149...
2026-05-27 07:42:59 | INFO     | Success: 2 ORFs found in Contig149.
2026-05-27 07:42:59 | DEBUG    | Searching ORFs in sequence Contig150...
2026-05-27 07:42:59 | INFO     | Success: 0 ORFs found in Contig150.
2026-05-27 07:42:59 | DEBUG    | Searching ORFs in sequence Contig151...
2026-05-27 07:42:59 | INFO     | Success: 4 ORFs found in Contig151.
2026-05-27 07:42:59 | DEBUG    | Searching ORFs in sequence Contig152...
2026-05-27 07:42:59 | INFO     | Success: 3 ORFs found in Contig152.
2026-05-27 07:42:59 | DEBUG    | Searching ORFs in sequence Contig153...
2026-05-27 07:42:59 | INFO     | Success: 4 ORFs found in Contig153.
2026-05-27 07:42:59 | DEBUG    | Searching ORFs in sequence Contig154...
2026-05-27 07:42:59 | INFO     | Success: 23 ORFs found in Contig154.
2026-05-27 07:42:59 | DEBUG    | Searching ORFs in sequence Contig155...
2026-05-27 07:42:59 | INFO     | Success: 21 ORFs found in Contig155.
2026-05-27 07:42:59 | DEBUG    | Searching ORFs in sequence Contig156...
2026-05-27 07:42:59 | INFO     | Success: 20 ORFs found in Contig156.
2026-05-27 07:42:59 | DEBUG    | Searching ORFs in sequence Contig157...
2026-05-27 07:42:59 | INFO     | Success: 8 ORFs found in Contig157.
2026-05-27 07:42:59 | DEBUG    | Searching ORFs in sequence Contig158...
2026-05-27 07:42:59 | INFO     | Success: 19 ORFs found in Contig158.
2026-05-27 07:42:59 | DEBUG    | Searching ORFs in sequence Contig159...
2026-05-27 07:42:59 | INFO     | Success: 21 ORFs found in Contig159.
2026-05-27 07:42:59 | DEBUG    | Searching ORFs in sequence Contig160...
2026-05-27 07:42:59 | INFO     | Success: 8 ORFs found in Contig160.
2026-05-27 07:42:59 | DEBUG    | Searching ORFs in sequence Contig161...
2026-05-27 07:42:59 | INFO     | Success: 2 ORFs found in Contig161.
2026-05-27 07:42:59 | DEBUG    | Searching ORFs in sequence Contig162...
2026-05-27 07:42:59 | INFO     | Success: 4 ORFs found in Contig162.
2026-05-27 07:42:59 | DEBUG    | Searching ORFs in sequence Contig163...
2026-05-27 07:42:59 | INFO     | Success: 7 ORFs found in Contig163.
2026-05-27 07:42:59 | DEBUG    | Searching ORFs in sequence Contig164...
2026-05-27 07:42:59 | INFO     | Success: 3 ORFs found in Contig164.
2026-05-27 07:42:59 | DEBUG    | Searching ORFs in sequence Contig165...
2026-05-27 07:42:59 | INFO     | Success: 11 ORFs found in Contig165.
2026-05-27 07:42:59 | DEBUG    | Searching ORFs in sequence Contig166...
2026-05-27 07:42:59 | INFO     | Success: 3 ORFs found in Contig166.
2026-05-27 07:42:59 | DEBUG    | Searching ORFs in sequence Contig167...
2026-05-27 07:42:59 | INFO     | Success: 5 ORFs found in Contig167.
2026-05-27 07:42:59 | DEBUG    | Searching ORFs in sequence Contig168...
2026-05-27 07:42:59 | INFO     | Success: 5 ORFs found in Contig168.
2026-05-27 07:42:59 | DEBUG    | Searching ORFs in sequence Contig169...
2026-05-27 07:42:59 | INFO     | Success: 4 ORFs found in Contig169.
2026-05-27 07:42:59 | DEBUG    | Searching ORFs in sequence Contig170...
2026-05-27 07:42:59 | INFO     | Success: 17 ORFs found in Contig170.
2026-05-27 07:42:59 | DEBUG    | Searching ORFs in sequence Contig171...
2026-05-27 07:42:59 | INFO     | Success: 11 ORFs found in Contig171.
2026-05-27 07:42:59 | DEBUG    | Searching ORFs in sequence Contig172...
2026-05-27 07:42:59 | INFO     | Success: 2 ORFs found in Contig172.
2026-05-27 07:42:59 | DEBUG    | Searching ORFs in sequence Contig173...
2026-05-27 07:42:59 | INFO     | Success: 3 ORFs found in Contig173.
2026-05-27 07:42:59 | DEBUG    | Searching ORFs in sequence Contig174...
2026-05-27 07:42:59 | INFO     | Success: 12 ORFs found in Contig174.
2026-05-27 07:42:59 | DEBUG    | Searching ORFs in sequence Contig175...
2026-05-27 07:42:59 | INFO     | Success: 4 ORFs found in Contig175.
2026-05-27 07:42:59 | DEBUG    | Searching ORFs in sequence Contig176...
2026-05-27 07:42:59 | INFO     | Success: 2 ORFs found in Contig176.
2026-05-27 07:42:59 | DEBUG    | Searching ORFs in sequence Contig177...
2026-05-27 07:42:59 | INFO     | Success: 9 ORFs found in Contig177.
2026-05-27 07:42:59 | DEBUG    | Searching ORFs in sequence Contig178...
2026-05-27 07:42:59 | INFO     | Success: 16 ORFs found in Contig178.
2026-05-27 07:42:59 | DEBUG    | Searching ORFs in sequence Contig179...
2026-05-27 07:42:59 | INFO     | Success: 1 ORFs found in Contig179.
2026-05-27 07:42:59 | DEBUG    | Searching ORFs in sequence Contig180...
2026-05-27 07:42:59 | INFO     | Success: 4 ORFs found in Contig180.
2026-05-27 07:42:59 | DEBUG    | Searching ORFs in sequence Contig181...
2026-05-27 07:42:59 | INFO     | Success: 0 ORFs found in Contig181.
2026-05-27 07:42:59 | DEBUG    | Searching ORFs in sequence Contig182...
2026-05-27 07:42:59 | INFO     | Success: 22 ORFs found in Contig182.
2026-05-27 07:42:59 | DEBUG    | Searching ORFs in sequence Contig183...
2026-05-27 07:42:59 | INFO     | Success: 5 ORFs found in Contig183.
2026-05-27 07:42:59 | DEBUG    | Searching ORFs in sequence Contig184...
2026-05-27 07:42:59 | INFO     | Success: 4 ORFs found in Contig184.
2026-05-27 07:42:59 | DEBUG    | Searching ORFs in sequence Contig185...
2026-05-27 07:42:59 | INFO     | Success: 2 ORFs found in Contig185.
2026-05-27 07:42:59 | DEBUG    | Searching ORFs in sequence Contig186...
2026-05-27 07:42:59 | INFO     | Success: 8 ORFs found in Contig186.
2026-05-27 07:42:59 | DEBUG    | Searching ORFs in sequence Contig187...
2026-05-27 07:42:59 | INFO     | Success: 3 ORFs found in Contig187.
2026-05-27 07:42:59 | DEBUG    | Searching ORFs in sequence Contig188...
2026-05-27 07:42:59 | INFO     | Success: 8 ORFs found in Contig188.
2026-05-27 07:42:59 | DEBUG    | Searching ORFs in sequence Contig189...
2026-05-27 07:42:59 | INFO     | Success: 3 ORFs found in Contig189.
2026-05-27 07:42:59 | DEBUG    | Searching ORFs in sequence Contig190...
2026-05-27 07:42:59 | INFO     | Success: 3 ORFs found in Contig190.
2026-05-27 07:42:59 | DEBUG    | Searching ORFs in sequence Contig191...
2026-05-27 07:42:59 | INFO     | Success: 6 ORFs found in Contig191.
2026-05-27 07:42:59 | DEBUG    | Searching ORFs in sequence Contig192...
2026-05-27 07:42:59 | INFO     | Success: 1 ORFs found in Contig192.
2026-05-27 07:42:59 | DEBUG    | Searching ORFs in sequence Contig193...
2026-05-27 07:42:59 | INFO     | Success: 7 ORFs found in Contig193.
2026-05-27 07:42:59 | DEBUG    | Searching ORFs in sequence Contig194...
2026-05-27 07:42:59 | INFO     | Success: 1 ORFs found in Contig194.
2026-05-27 07:42:59 | DEBUG    | Searching ORFs in sequence Contig195...
2026-05-27 07:42:59 | INFO     | Success: 4 ORFs found in Contig195.
2026-05-27 07:42:59 | DEBUG    | Searching ORFs in sequence Contig196...
2026-05-27 07:42:59 | INFO     | Success: 4 ORFs found in Contig196.
2026-05-27 07:42:59 | DEBUG    | Searching ORFs in sequence Contig197...
2026-05-27 07:42:59 | INFO     | Success: 9 ORFs found in Contig197.
2026-05-27 07:42:59 | DEBUG    | Searching ORFs in sequence Contig198...
2026-05-27 07:42:59 | INFO     | Success: 1 ORFs found in Contig198.
2026-05-27 07:42:59 | DEBUG    | Searching ORFs in sequence Contig199...
2026-05-27 07:42:59 | INFO     | Success: 5 ORFs found in Contig199.
2026-05-27 07:42:59 | DEBUG    | Searching ORFs in sequence Contig200...
2026-05-27 07:42:59 | INFO     | Success: 8 ORFs found in Contig200.
2026-05-27 07:42:59 | DEBUG    | Searching ORFs in sequence Contig201...
2026-05-27 07:42:59 | INFO     | Success: 9 ORFs found in Contig201.
2026-05-27 07:42:59 | DEBUG    | Searching ORFs in sequence Contig202...
2026-05-27 07:42:59 | INFO     | Success: 3 ORFs found in Contig202.
2026-05-27 07:42:59 | DEBUG    | Searching ORFs in sequence Contig203...
2026-05-27 07:42:59 | INFO     | Success: 3 ORFs found in Contig203.
2026-05-27 07:42:59 | DEBUG    | Searching ORFs in sequence Contig204...
2026-05-27 07:42:59 | INFO     | Success: 2 ORFs found in Contig204.
2026-05-27 07:42:59 | DEBUG    | Searching ORFs in sequence Contig205...
2026-05-27 07:42:59 | INFO     | Success: 4 ORFs found in Contig205.
2026-05-27 07:42:59 | DEBUG    | Searching ORFs in sequence Contig206...
2026-05-27 07:42:59 | INFO     | Success: 4 ORFs found in Contig206.
2026-05-27 07:42:59 | DEBUG    | Searching ORFs in sequence Contig207...
2026-05-27 07:42:59 | INFO     | Success: 8 ORFs found in Contig207.
2026-05-27 07:42:59 | DEBUG    | Searching ORFs in sequence Contig208...
2026-05-27 07:42:59 | INFO     | Success: 6 ORFs found in Contig208.
2026-05-27 07:42:59 | DEBUG    | Searching ORFs in sequence Contig209...
2026-05-27 07:42:59 | INFO     | Success: 0 ORFs found in Contig209.
2026-05-27 07:42:59 | DEBUG    | Searching ORFs in sequence Contig210...
2026-05-27 07:42:59 | INFO     | Success: 9 ORFs found in Contig210.
2026-05-27 07:42:59 | DEBUG    | Searching ORFs in sequence Contig211...
2026-05-27 07:42:59 | INFO     | Success: 1 ORFs found in Contig211.
2026-05-27 07:42:59 | DEBUG    | Searching ORFs in sequence Contig212...
2026-05-27 07:42:59 | INFO     | Success: 5 ORFs found in Contig212.
2026-05-27 07:42:59 | DEBUG    | Searching ORFs in sequence Contig213...
2026-05-27 07:42:59 | INFO     | Success: 2 ORFs found in Contig213.
2026-05-27 07:42:59 | DEBUG    | Searching ORFs in sequence Contig214...
2026-05-27 07:42:59 | INFO     | Success: 2 ORFs found in Contig214.
2026-05-27 07:42:59 | DEBUG    | Searching ORFs in sequence Contig215...
2026-05-27 07:42:59 | INFO     | Success: 11 ORFs found in Contig215.
2026-05-27 07:42:59 | DEBUG    | Searching ORFs in sequence Contig216...
2026-05-27 07:42:59 | INFO     | Success: 9 ORFs found in Contig216.
2026-05-27 07:42:59 | DEBUG    | Searching ORFs in sequence Contig217...
2026-05-27 07:42:59 | INFO     | Success: 7 ORFs found in Contig217.
2026-05-27 07:42:59 | DEBUG    | Searching ORFs in sequence Contig218...
2026-05-27 07:42:59 | INFO     | Success: 7 ORFs found in Contig218.
2026-05-27 07:42:59 | DEBUG    | Searching ORFs in sequence Contig219...
2026-05-27 07:42:59 | INFO     | Success: 8 ORFs found in Contig219.
2026-05-27 07:42:59 | DEBUG    | Searching ORFs in sequence Contig220...
2026-05-27 07:42:59 | INFO     | Success: 7 ORFs found in Contig220.
2026-05-27 07:42:59 | DEBUG    | Searching ORFs in sequence Contig221...
2026-05-27 07:42:59 | INFO     | Success: 4 ORFs found in Contig221.
2026-05-27 07:42:59 | DEBUG    | Searching ORFs in sequence Contig222...
2026-05-27 07:42:59 | INFO     | Success: 2 ORFs found in Contig222.
2026-05-27 07:42:59 | DEBUG    | Searching ORFs in sequence Contig223...
2026-05-27 07:42:59 | INFO     | Success: 3 ORFs found in Contig223.
2026-05-27 07:42:59 | DEBUG    | Searching ORFs in sequence Contig224...
2026-05-27 07:42:59 | INFO     | Success: 3 ORFs found in Contig224.
2026-05-27 07:42:59 | DEBUG    | Searching ORFs in sequence Contig225...
2026-05-27 07:42:59 | INFO     | Success: 4 ORFs found in Contig225.
2026-05-27 07:42:59 | DEBUG    | Searching ORFs in sequence Contig226...
2026-05-27 07:42:59 | INFO     | Success: 16 ORFs found in Contig226.
2026-05-27 07:42:59 | DEBUG    | Searching ORFs in sequence Contig227...
2026-05-27 07:42:59 | INFO     | Success: 15 ORFs found in Contig227.
2026-05-27 07:42:59 | DEBUG    | Searching ORFs in sequence Contig228...
2026-05-27 07:42:59 | INFO     | Success: 14 ORFs found in Contig228.
2026-05-27 07:42:59 | DEBUG    | Searching ORFs in sequence Contig229...
2026-05-27 07:42:59 | INFO     | Success: 8 ORFs found in Contig229.
2026-05-27 07:42:59 | DEBUG    | Searching ORFs in sequence Contig230...
2026-05-27 07:42:59 | INFO     | Success: 8 ORFs found in Contig230.
2026-05-27 07:42:59 | DEBUG    | Searching ORFs in sequence Contig231...
2026-05-27 07:42:59 | INFO     | Success: 3 ORFs found in Contig231.
2026-05-27 07:42:59 | DEBUG    | Searching ORFs in sequence Contig232...
2026-05-27 07:42:59 | INFO     | Success: 1 ORFs found in Contig232.
2026-05-27 07:42:59 | DEBUG    | Searching ORFs in sequence Contig233...
2026-05-27 07:42:59 | INFO     | Success: 5 ORFs found in Contig233.
2026-05-27 07:42:59 | DEBUG    | Searching ORFs in sequence Contig234...
2026-05-27 07:42:59 | INFO     | Success: 27 ORFs found in Contig234.
2026-05-27 07:42:59 | DEBUG    | Searching ORFs in sequence Contig235...
2026-05-27 07:42:59 | INFO     | Success: 43 ORFs found in Contig235.
2026-05-27 07:42:59 | DEBUG    | Searching ORFs in sequence Contig236...
2026-05-27 07:42:59 | INFO     | Success: 7 ORFs found in Contig236.
2026-05-27 07:42:59 | DEBUG    | Searching ORFs in sequence Contig237...
2026-05-27 07:42:59 | INFO     | Success: 19 ORFs found in Contig237.
2026-05-27 07:42:59 | DEBUG    | Searching ORFs in sequence Contig238...
2026-05-27 07:42:59 | INFO     | Success: 3 ORFs found in Contig238.
2026-05-27 07:42:59 | DEBUG    | Searching ORFs in sequence Contig239...
2026-05-27 07:42:59 | INFO     | Success: 4 ORFs found in Contig239.
2026-05-27 07:42:59 | DEBUG    | Searching ORFs in sequence Contig240...
2026-05-27 07:42:59 | INFO     | Success: 30 ORFs found in Contig240.
2026-05-27 07:42:59 | DEBUG    | Searching ORFs in sequence Contig241...
2026-05-27 07:42:59 | INFO     | Success: 6 ORFs found in Contig241.
2026-05-27 07:42:59 | DEBUG    | Searching ORFs in sequence Contig242...
2026-05-27 07:42:59 | INFO     | Success: 4 ORFs found in Contig242.
2026-05-27 07:42:59 | DEBUG    | Searching ORFs in sequence Contig243...
2026-05-27 07:42:59 | INFO     | Success: 8 ORFs found in Contig243.
2026-05-27 07:42:59 | DEBUG    | Searching ORFs in sequence Contig244...
2026-05-27 07:42:59 | INFO     | Success: 8 ORFs found in Contig244.
2026-05-27 07:42:59 | DEBUG    | Searching ORFs in sequence Contig245...
2026-05-27 07:42:59 | INFO     | Success: 7 ORFs found in Contig245.
2026-05-27 07:42:59 | DEBUG    | Searching ORFs in sequence Contig246...
2026-05-27 07:42:59 | INFO     | Success: 9 ORFs found in Contig246.
2026-05-27 07:42:59 | DEBUG    | Searching ORFs in sequence Contig247...
2026-05-27 07:42:59 | INFO     | Success: 10 ORFs found in Contig247.
2026-05-27 07:42:59 | DEBUG    | Searching ORFs in sequence Contig248...
2026-05-27 07:42:59 | INFO     | Success: 1 ORFs found in Contig248.
2026-05-27 07:42:59 | DEBUG    | Searching ORFs in sequence Contig249...
2026-05-27 07:42:59 | INFO     | Success: 12 ORFs found in Contig249.
2026-05-27 07:42:59 | DEBUG    | Searching ORFs in sequence Contig250...
2026-05-27 07:42:59 | INFO     | Success: 4 ORFs found in Contig250.
2026-05-27 07:42:59 | DEBUG    | Searching ORFs in sequence Contig251...
2026-05-27 07:42:59 | INFO     | Success: 2 ORFs found in Contig251.
2026-05-27 07:42:59 | DEBUG    | Searching ORFs in sequence Contig252...
2026-05-27 07:42:59 | INFO     | Success: 28 ORFs found in Contig252.
2026-05-27 07:42:59 | DEBUG    | Searching ORFs in sequence Contig253...
2026-05-27 07:42:59 | INFO     | Success: 80 ORFs found in Contig253.
2026-05-27 07:42:59 | DEBUG    | Searching ORFs in sequence Contig254...
2026-05-27 07:42:59 | INFO     | Success: 14 ORFs found in Contig254.
2026-05-27 07:42:59 | DEBUG    | Searching ORFs in sequence Contig255...
2026-05-27 07:42:59 | INFO     | Success: 7 ORFs found in Contig255.
2026-05-27 07:42:59 | DEBUG    | Searching ORFs in sequence Contig256...
2026-05-27 07:42:59 | INFO     | Success: 6 ORFs found in Contig256.
2026-05-27 07:42:59 | DEBUG    | Searching ORFs in sequence Contig257...
2026-05-27 07:42:59 | INFO     | Success: 11 ORFs found in Contig257.
2026-05-27 07:42:59 | DEBUG    | Searching ORFs in sequence Contig258...
2026-05-27 07:42:59 | INFO     | Success: 23 ORFs found in Contig258.
2026-05-27 07:42:59 | DEBUG    | Searching ORFs in sequence Contig259...
2026-05-27 07:42:59 | INFO     | Success: 8 ORFs found in Contig259.
2026-05-27 07:42:59 | DEBUG    | Searching ORFs in sequence Contig260...
2026-05-27 07:42:59 | INFO     | Success: 5 ORFs found in Contig260.
2026-05-27 07:42:59 | DEBUG    | Searching ORFs in sequence Contig261...
2026-05-27 07:42:59 | INFO     | Success: 5 ORFs found in Contig261.
2026-05-27 07:42:59 | DEBUG    | Searching ORFs in sequence Contig262...
2026-05-27 07:42:59 | INFO     | Success: 4 ORFs found in Contig262.
2026-05-27 07:42:59 | DEBUG    | Searching ORFs in sequence Contig263...
2026-05-27 07:42:59 | INFO     | Success: 15 ORFs found in Contig263.
2026-05-27 07:42:59 | DEBUG    | Searching ORFs in sequence Contig264...
2026-05-27 07:42:59 | INFO     | Success: 10 ORFs found in Contig264.
2026-05-27 07:42:59 | DEBUG    | Searching ORFs in sequence Contig265...
2026-05-27 07:42:59 | INFO     | Success: 12 ORFs found in Contig265.
2026-05-27 07:42:59 | DEBUG    | Searching ORFs in sequence Contig266...
2026-05-27 07:42:59 | INFO     | Success: 28 ORFs found in Contig266.
2026-05-27 07:42:59 | DEBUG    | Searching ORFs in sequence Contig267...
2026-05-27 07:42:59 | INFO     | Success: 7 ORFs found in Contig267.
2026-05-27 07:42:59 | DEBUG    | Searching ORFs in sequence Contig268...
2026-05-27 07:42:59 | INFO     | Success: 18 ORFs found in Contig268.
2026-05-27 07:42:59 | DEBUG    | Searching ORFs in sequence Contig269...
2026-05-27 07:42:59 | INFO     | Success: 13 ORFs found in Contig269.
2026-05-27 07:42:59 | DEBUG    | Searching ORFs in sequence Contig270...
2026-05-27 07:42:59 | INFO     | Success: 6 ORFs found in Contig270.
2026-05-27 07:42:59 | DEBUG    | Searching ORFs in sequence Contig271...
2026-05-27 07:42:59 | INFO     | Success: 4 ORFs found in Contig271.
2026-05-27 07:42:59 | DEBUG    | Searching ORFs in sequence Contig272...
2026-05-27 07:42:59 | INFO     | Success: 2 ORFs found in Contig272.
2026-05-27 07:42:59 | DEBUG    | Searching ORFs in sequence Contig273...
2026-05-27 07:42:59 | INFO     | Success: 1 ORFs found in Contig273.
2026-05-27 07:42:59 | DEBUG    | Searching ORFs in sequence Contig274...
2026-05-27 07:42:59 | INFO     | Success: 26 ORFs found in Contig274.
2026-05-27 07:42:59 | DEBUG    | Searching ORFs in sequence Contig275...
2026-05-27 07:42:59 | INFO     | Success: 3 ORFs found in Contig275.
2026-05-27 07:42:59 | DEBUG    | Searching ORFs in sequence Contig276...
2026-05-27 07:42:59 | INFO     | Success: 18 ORFs found in Contig276.
2026-05-27 07:42:59 | DEBUG    | Searching ORFs in sequence Contig277...
2026-05-27 07:42:59 | INFO     | Success: 5 ORFs found in Contig277.
2026-05-27 07:42:59 | DEBUG    | Searching ORFs in sequence Contig278...
2026-05-27 07:42:59 | INFO     | Success: 10 ORFs found in Contig278.
2026-05-27 07:42:59 | DEBUG    | Searching ORFs in sequence Contig279...
2026-05-27 07:42:59 | INFO     | Success: 6 ORFs found in Contig279.
2026-05-27 07:42:59 | DEBUG    | Searching ORFs in sequence Contig280...
2026-05-27 07:42:59 | INFO     | Success: 3 ORFs found in Contig280.
2026-05-27 07:42:59 | DEBUG    | Searching ORFs in sequence Contig281...
2026-05-27 07:42:59 | INFO     | Success: 5 ORFs found in Contig281.
2026-05-27 07:42:59 | DEBUG    | Searching ORFs in sequence Contig282...
2026-05-27 07:42:59 | INFO     | Success: 15 ORFs found in Contig282.
2026-05-27 07:42:59 | DEBUG    | Searching ORFs in sequence Contig283...
2026-05-27 07:42:59 | INFO     | Success: 7 ORFs found in Contig283.
2026-05-27 07:42:59 | DEBUG    | Searching ORFs in sequence Contig284...
2026-05-27 07:42:59 | INFO     | Success: 5 ORFs found in Contig284.
2026-05-27 07:42:59 | DEBUG    | Searching ORFs in sequence Contig285...
2026-05-27 07:42:59 | INFO     | Success: 5 ORFs found in Contig285.
2026-05-27 07:42:59 | DEBUG    | Searching ORFs in sequence Contig286...
2026-05-27 07:42:59 | INFO     | Success: 15 ORFs found in Contig286.
2026-05-27 07:42:59 | DEBUG    | Searching ORFs in sequence Contig287...
2026-05-27 07:42:59 | INFO     | Success: 7 ORFs found in Contig287.
2026-05-27 07:42:59 | DEBUG    | Searching ORFs in sequence Contig288...
2026-05-27 07:42:59 | INFO     | Success: 31 ORFs found in Contig288.
2026-05-27 07:42:59 | DEBUG    | Searching ORFs in sequence Contig289...
2026-05-27 07:42:59 | INFO     | Success: 28 ORFs found in Contig289.
2026-05-27 07:42:59 | DEBUG    | Searching ORFs in sequence Contig290...
2026-05-27 07:42:59 | INFO     | Success: 27 ORFs found in Contig290.
2026-05-27 07:42:59 | DEBUG    | Searching ORFs in sequence Contig291...
2026-05-27 07:42:59 | INFO     | Success: 28 ORFs found in Contig291.
2026-05-27 07:42:59 | DEBUG    | Searching ORFs in sequence Contig292...
2026-05-27 07:42:59 | INFO     | Success: 0 ORFs found in Contig292.
2026-05-27 07:42:59 | DEBUG    | Searching ORFs in sequence Contig293...
2026-05-27 07:42:59 | INFO     | Success: 12 ORFs found in Contig293.
2026-05-27 07:42:59 | DEBUG    | Searching ORFs in sequence Contig294...
2026-05-27 07:42:59 | INFO     | Success: 7 ORFs found in Contig294.
2026-05-27 07:42:59 | DEBUG    | Searching ORFs in sequence Contig295...
2026-05-27 07:42:59 | INFO     | Success: 15 ORFs found in Contig295.
2026-05-27 07:42:59 | DEBUG    | Searching ORFs in sequence Contig296...
2026-05-27 07:42:59 | INFO     | Success: 18 ORFs found in Contig296.
2026-05-27 07:42:59 | DEBUG    | Searching ORFs in sequence Contig297...
2026-05-27 07:42:59 | INFO     | Success: 1 ORFs found in Contig297.
2026-05-27 07:42:59 | DEBUG    | Searching ORFs in sequence Contig298...
2026-05-27 07:42:59 | INFO     | Success: 1 ORFs found in Contig298.
2026-05-27 07:42:59 | DEBUG    | Searching ORFs in sequence Contig299...
2026-05-27 07:42:59 | INFO     | Success: 0 ORFs found in Contig299.
2026-05-27 07:42:59 | DEBUG    | Searching ORFs in sequence Contig300...
2026-05-27 07:42:59 | INFO     | Success: 3 ORFs found in Contig300.
2026-05-27 07:42:59 | DEBUG    | Searching ORFs in sequence Contig301...
2026-05-27 07:42:59 | INFO     | Success: 11 ORFs found in Contig301.
2026-05-27 07:42:59 | DEBUG    | Searching ORFs in sequence Contig302...
2026-05-27 07:42:59 | INFO     | Success: 9 ORFs found in Contig302.
2026-05-27 07:42:59 | DEBUG    | Searching ORFs in sequence Contig303...
2026-05-27 07:42:59 | INFO     | Success: 19 ORFs found in Contig303.
2026-05-27 07:42:59 | DEBUG    | Searching ORFs in sequence Contig304...
2026-05-27 07:42:59 | INFO     | Success: 10 ORFs found in Contig304.
2026-05-27 07:42:59 | DEBUG    | Searching ORFs in sequence Contig305...
2026-05-27 07:42:59 | INFO     | Success: 8 ORFs found in Contig305.
2026-05-27 07:42:59 | DEBUG    | Searching ORFs in sequence Contig306...
2026-05-27 07:42:59 | INFO     | Success: 3 ORFs found in Contig306.
2026-05-27 07:42:59 | DEBUG    | Searching ORFs in sequence Contig307...
2026-05-27 07:42:59 | INFO     | Success: 3 ORFs found in Contig307.
2026-05-27 07:42:59 | DEBUG    | Searching ORFs in sequence Contig308...
2026-05-27 07:42:59 | INFO     | Success: 0 ORFs found in Contig308.
2026-05-27 07:42:59 | DEBUG    | Searching ORFs in sequence Contig309...
2026-05-27 07:42:59 | INFO     | Success: 5 ORFs found in Contig309.
2026-05-27 07:42:59 | DEBUG    | Searching ORFs in sequence Contig310...
2026-05-27 07:42:59 | INFO     | Success: 9 ORFs found in Contig310.
2026-05-27 07:42:59 | DEBUG    | Searching ORFs in sequence Contig311...
2026-05-27 07:42:59 | INFO     | Success: 2 ORFs found in Contig311.
2026-05-27 07:42:59 | DEBUG    | Searching ORFs in sequence Contig312...
2026-05-27 07:42:59 | INFO     | Success: 5 ORFs found in Contig312.
2026-05-27 07:42:59 | DEBUG    | Searching ORFs in sequence Contig313...
2026-05-27 07:42:59 | INFO     | Success: 4 ORFs found in Contig313.
2026-05-27 07:42:59 | DEBUG    | Searching ORFs in sequence Contig314...
2026-05-27 07:42:59 | INFO     | Success: 3 ORFs found in Contig314.
2026-05-27 07:42:59 | DEBUG    | Searching ORFs in sequence Contig315...
2026-05-27 07:42:59 | INFO     | Success: 8 ORFs found in Contig315.
2026-05-27 07:42:59 | DEBUG    | Searching ORFs in sequence Contig316...
2026-05-27 07:42:59 | INFO     | Success: 2 ORFs found in Contig316.
2026-05-27 07:42:59 | DEBUG    | Searching ORFs in sequence Contig317...
2026-05-27 07:42:59 | INFO     | Success: 12 ORFs found in Contig317.
2026-05-27 07:42:59 | DEBUG    | Searching ORFs in sequence Contig318...
2026-05-27 07:42:59 | INFO     | Success: 10 ORFs found in Contig318.
2026-05-27 07:42:59 | DEBUG    | Searching ORFs in sequence Contig319...
2026-05-27 07:42:59 | INFO     | Success: 9 ORFs found in Contig319.
2026-05-27 07:42:59 | DEBUG    | Searching ORFs in sequence Contig320...
2026-05-27 07:42:59 | INFO     | Success: 11 ORFs found in Contig320.
2026-05-27 07:42:59 | DEBUG    | Searching ORFs in sequence Contig321...
2026-05-27 07:42:59 | INFO     | Success: 6 ORFs found in Contig321.
2026-05-27 07:42:59 | DEBUG    | Searching ORFs in sequence Contig322...
2026-05-27 07:42:59 | INFO     | Success: 8 ORFs found in Contig322.
2026-05-27 07:42:59 | DEBUG    | Searching ORFs in sequence Contig323...
2026-05-27 07:42:59 | INFO     | Success: 4 ORFs found in Contig323.
2026-05-27 07:42:59 | DEBUG    | Searching ORFs in sequence Contig324...
2026-05-27 07:42:59 | INFO     | Success: 7 ORFs found in Contig324.
2026-05-27 07:42:59 | DEBUG    | Searching ORFs in sequence Contig325...
2026-05-27 07:42:59 | INFO     | Success: 7 ORFs found in Contig325.
2026-05-27 07:42:59 | DEBUG    | Searching ORFs in sequence Contig326...
2026-05-27 07:42:59 | INFO     | Success: 1 ORFs found in Contig326.
2026-05-27 07:42:59 | DEBUG    | Searching ORFs in sequence Contig327...
2026-05-27 07:42:59 | INFO     | Success: 4 ORFs found in Contig327.
2026-05-27 07:42:59 | DEBUG    | Searching ORFs in sequence Contig328...
2026-05-27 07:42:59 | INFO     | Success: 12 ORFs found in Contig328.
2026-05-27 07:42:59 | DEBUG    | Searching ORFs in sequence Contig329...
2026-05-27 07:42:59 | INFO     | Success: 7 ORFs found in Contig329.
2026-05-27 07:42:59 | DEBUG    | Searching ORFs in sequence Contig330...
2026-05-27 07:42:59 | INFO     | Success: 8 ORFs found in Contig330.
2026-05-27 07:42:59 | DEBUG    | Searching ORFs in sequence Contig331...
2026-05-27 07:42:59 | INFO     | Success: 7 ORFs found in Contig331.
2026-05-27 07:42:59 | DEBUG    | Searching ORFs in sequence Contig332...
2026-05-27 07:42:59 | INFO     | Success: 1 ORFs found in Contig332.
2026-05-27 07:42:59 | DEBUG    | Searching ORFs in sequence Contig333...
2026-05-27 07:42:59 | INFO     | Success: 4 ORFs found in Contig333.
2026-05-27 07:42:59 | DEBUG    | Searching ORFs in sequence Contig334...
2026-05-27 07:42:59 | INFO     | Success: 7 ORFs found in Contig334.
2026-05-27 07:42:59 | DEBUG    | Searching ORFs in sequence Contig335...
2026-05-27 07:42:59 | INFO     | Success: 7 ORFs found in Contig335.
2026-05-27 07:42:59 | DEBUG    | Searching ORFs in sequence Contig336...
2026-05-27 07:42:59 | INFO     | Success: 11 ORFs found in Contig336.
2026-05-27 07:42:59 | DEBUG    | Searching ORFs in sequence Contig337...
2026-05-27 07:42:59 | INFO     | Success: 5 ORFs found in Contig337.
2026-05-27 07:42:59 | DEBUG    | Searching ORFs in sequence Contig338...
2026-05-27 07:42:59 | INFO     | Success: 1 ORFs found in Contig338.
2026-05-27 07:42:59 | DEBUG    | Searching ORFs in sequence Contig339...
2026-05-27 07:42:59 | INFO     | Success: 0 ORFs found in Contig339.
2026-05-27 07:42:59 | DEBUG    | Searching ORFs in sequence Contig340...
2026-05-27 07:42:59 | INFO     | Success: 14 ORFs found in Contig340.
2026-05-27 07:42:59 | DEBUG    | Searching ORFs in sequence Contig341...
2026-05-27 07:42:59 | INFO     | Success: 28 ORFs found in Contig341.
2026-05-27 07:42:59 | DEBUG    | Searching ORFs in sequence Contig342...
2026-05-27 07:42:59 | INFO     | Success: 30 ORFs found in Contig342.
2026-05-27 07:42:59 | DEBUG    | Searching ORFs in sequence Contig343...
2026-05-27 07:42:59 | INFO     | Success: 7 ORFs found in Contig343.
2026-05-27 07:42:59 | DEBUG    | Searching ORFs in sequence Contig344...
2026-05-27 07:42:59 | INFO     | Success: 12 ORFs found in Contig344.
2026-05-27 07:42:59 | DEBUG    | Searching ORFs in sequence Contig345...
2026-05-27 07:42:59 | INFO     | Success: 1 ORFs found in Contig345.
2026-05-27 07:42:59 | DEBUG    | Searching ORFs in sequence Contig346...
2026-05-27 07:42:59 | INFO     | Success: 20 ORFs found in Contig346.
2026-05-27 07:42:59 | DEBUG    | Searching ORFs in sequence Contig347...
2026-05-27 07:42:59 | INFO     | Success: 9 ORFs found in Contig347.
2026-05-27 07:42:59 | DEBUG    | Searching ORFs in sequence Contig348...
2026-05-27 07:42:59 | INFO     | Success: 3 ORFs found in Contig348.
2026-05-27 07:42:59 | DEBUG    | Searching ORFs in sequence Contig349...
2026-05-27 07:42:59 | INFO     | Success: 2 ORFs found in Contig349.
2026-05-27 07:42:59 | DEBUG    | Searching ORFs in sequence Contig350...
2026-05-27 07:42:59 | INFO     | Success: 7 ORFs found in Contig350.
2026-05-27 07:42:59 | DEBUG    | Searching ORFs in sequence Contig351...
2026-05-27 07:42:59 | INFO     | Success: 5 ORFs found in Contig351.
2026-05-27 07:42:59 | DEBUG    | Searching ORFs in sequence Contig352...
2026-05-27 07:42:59 | INFO     | Success: 2 ORFs found in Contig352.
2026-05-27 07:42:59 | DEBUG    | Searching ORFs in sequence Contig353...
2026-05-27 07:42:59 | INFO     | Success: 3 ORFs found in Contig353.
2026-05-27 07:42:59 | DEBUG    | Searching ORFs in sequence Contig354...
2026-05-27 07:42:59 | INFO     | Success: 16 ORFs found in Contig354.
2026-05-27 07:42:59 | DEBUG    | Searching ORFs in sequence Contig355...
2026-05-27 07:42:59 | INFO     | Success: 11 ORFs found in Contig355.
2026-05-27 07:42:59 | DEBUG    | Searching ORFs in sequence Contig356...
2026-05-27 07:42:59 | INFO     | Success: 5 ORFs found in Contig356.
2026-05-27 07:42:59 | DEBUG    | Searching ORFs in sequence Contig357...
2026-05-27 07:42:59 | INFO     | Success: 2 ORFs found in Contig357.
2026-05-27 07:42:59 | DEBUG    | Searching ORFs in sequence Contig358...
2026-05-27 07:42:59 | INFO     | Success: 3 ORFs found in Contig358.
2026-05-27 07:42:59 | DEBUG    | Searching ORFs in sequence Contig359...
2026-05-27 07:42:59 | INFO     | Success: 4 ORFs found in Contig359.
2026-05-27 07:42:59 | DEBUG    | Searching ORFs in sequence Contig360...
2026-05-27 07:42:59 | INFO     | Success: 5 ORFs found in Contig360.
2026-05-27 07:42:59 | DEBUG    | Searching ORFs in sequence Contig361...
2026-05-27 07:42:59 | INFO     | Success: 2 ORFs found in Contig361.
2026-05-27 07:42:59 | DEBUG    | Searching ORFs in sequence Contig362...
2026-05-27 07:42:59 | INFO     | Success: 6 ORFs found in Contig362.
2026-05-27 07:42:59 | DEBUG    | Searching ORFs in sequence Contig363...
2026-05-27 07:42:59 | INFO     | Success: 7 ORFs found in Contig363.
2026-05-27 07:42:59 | DEBUG    | Searching ORFs in sequence Contig364...
2026-05-27 07:42:59 | INFO     | Success: 2 ORFs found in Contig364.
2026-05-27 07:42:59 | DEBUG    | Searching ORFs in sequence Contig365...
2026-05-27 07:42:59 | INFO     | Success: 1 ORFs found in Contig365.
2026-05-27 07:42:59 | DEBUG    | Searching ORFs in sequence Contig366...
2026-05-27 07:42:59 | INFO     | Success: 9 ORFs found in Contig366.
2026-05-27 07:42:59 | DEBUG    | Searching ORFs in sequence Contig367...
2026-05-27 07:42:59 | INFO     | Success: 8 ORFs found in Contig367.
2026-05-27 07:42:59 | DEBUG    | Searching ORFs in sequence Contig368...
2026-05-27 07:42:59 | INFO     | Success: 12 ORFs found in Contig368.
2026-05-27 07:42:59 | DEBUG    | Searching ORFs in sequence Contig369...
2026-05-27 07:42:59 | INFO     | Success: 2 ORFs found in Contig369.
2026-05-27 07:42:59 | DEBUG    | Searching ORFs in sequence Contig370...
2026-05-27 07:42:59 | INFO     | Success: 1 ORFs found in Contig370.
2026-05-27 07:42:59 | DEBUG    | Searching ORFs in sequence Contig371...
2026-05-27 07:42:59 | INFO     | Success: 2 ORFs found in Contig371.
2026-05-27 07:42:59 | DEBUG    | Searching ORFs in sequence Contig372...
2026-05-27 07:42:59 | INFO     | Success: 2 ORFs found in Contig372.
2026-05-27 07:42:59 | DEBUG    | Searching ORFs in sequence Contig373...
2026-05-27 07:42:59 | INFO     | Success: 7 ORFs found in Contig373.
2026-05-27 07:42:59 | DEBUG    | Searching ORFs in sequence Contig374...
2026-05-27 07:42:59 | INFO     | Success: 2 ORFs found in Contig374.
2026-05-27 07:42:59 | DEBUG    | Searching ORFs in sequence Contig375...
2026-05-27 07:42:59 | INFO     | Success: 4 ORFs found in Contig375.
2026-05-27 07:42:59 | DEBUG    | Searching ORFs in sequence Contig376...
2026-05-27 07:42:59 | INFO     | Success: 0 ORFs found in Contig376.
2026-05-27 07:42:59 | DEBUG    | Searching ORFs in sequence Contig377...
2026-05-27 07:42:59 | INFO     | Success: 5 ORFs found in Contig377.
2026-05-27 07:42:59 | DEBUG    | Searching ORFs in sequence Contig378...
2026-05-27 07:42:59 | INFO     | Success: 2 ORFs found in Contig378.
2026-05-27 07:42:59 | DEBUG    | Searching ORFs in sequence Contig379...
2026-05-27 07:42:59 | INFO     | Success: 1 ORFs found in Contig379.
2026-05-27 07:42:59 | DEBUG    | Searching ORFs in sequence Contig380...
2026-05-27 07:42:59 | INFO     | Success: 2 ORFs found in Contig380.
2026-05-27 07:42:59 | DEBUG    | Searching ORFs in sequence Contig381...
2026-05-27 07:42:59 | INFO     | Success: 12 ORFs found in Contig381.
2026-05-27 07:42:59 | DEBUG    | Searching ORFs in sequence Contig382...
2026-05-27 07:42:59 | INFO     | Success: 9 ORFs found in Contig382.
2026-05-27 07:42:59 | DEBUG    | Searching ORFs in sequence Contig383...
2026-05-27 07:42:59 | INFO     | Success: 12 ORFs found in Contig383.
2026-05-27 07:42:59 | DEBUG    | Searching ORFs in sequence Contig384...
2026-05-27 07:42:59 | INFO     | Success: 7 ORFs found in Contig384.
2026-05-27 07:42:59 | DEBUG    | Searching ORFs in sequence Contig385...
2026-05-27 07:42:59 | INFO     | Success: 54 ORFs found in Contig385.
2026-05-27 07:42:59 | DEBUG    | Searching ORFs in sequence Contig386...
2026-05-27 07:42:59 | INFO     | Success: 8 ORFs found in Contig386.
2026-05-27 07:42:59 | DEBUG    | Searching ORFs in sequence Contig387...
2026-05-27 07:42:59 | INFO     | Success: 2 ORFs found in Contig387.
2026-05-27 07:42:59 | DEBUG    | Searching ORFs in sequence Contig388...
2026-05-27 07:42:59 | INFO     | Success: 1 ORFs found in Contig388.
2026-05-27 07:42:59 | DEBUG    | Searching ORFs in sequence Contig389...
2026-05-27 07:42:59 | INFO     | Success: 1 ORFs found in Contig389.
2026-05-27 07:42:59 | DEBUG    | Searching ORFs in sequence Contig390...
2026-05-27 07:42:59 | INFO     | Success: 5 ORFs found in Contig390.
2026-05-27 07:42:59 | DEBUG    | Searching ORFs in sequence Contig391...
2026-05-27 07:42:59 | INFO     | Success: 11 ORFs found in Contig391.
2026-05-27 07:42:59 | DEBUG    | Searching ORFs in sequence Contig392...
2026-05-27 07:42:59 | INFO     | Success: 1 ORFs found in Contig392.
2026-05-27 07:42:59 | DEBUG    | Searching ORFs in sequence Contig393...
2026-05-27 07:42:59 | INFO     | Success: 7 ORFs found in Contig393.
2026-05-27 07:42:59 | DEBUG    | Searching ORFs in sequence Contig394...
2026-05-27 07:42:59 | INFO     | Success: 21 ORFs found in Contig394.
2026-05-27 07:42:59 | DEBUG    | Searching ORFs in sequence Contig395...
2026-05-27 07:42:59 | INFO     | Success: 11 ORFs found in Contig395.
2026-05-27 07:42:59 | DEBUG    | Searching ORFs in sequence Contig396...
2026-05-27 07:42:59 | INFO     | Success: 1 ORFs found in Contig396.
2026-05-27 07:42:59 | DEBUG    | Searching ORFs in sequence Contig397...
2026-05-27 07:42:59 | INFO     | Success: 3 ORFs found in Contig397.
2026-05-27 07:42:59 | DEBUG    | Searching ORFs in sequence Contig398...
2026-05-27 07:42:59 | INFO     | Success: 10 ORFs found in Contig398.
2026-05-27 07:42:59 | DEBUG    | Searching ORFs in sequence Contig399...
2026-05-27 07:42:59 | INFO     | Success: 5 ORFs found in Contig399.
2026-05-27 07:42:59 | DEBUG    | Searching ORFs in sequence Contig400...
2026-05-27 07:42:59 | INFO     | Success: 18 ORFs found in Contig400.
2026-05-27 07:42:59 | DEBUG    | Searching ORFs in sequence Contig401...
2026-05-27 07:42:59 | INFO     | Success: 24 ORFs found in Contig401.
2026-05-27 07:42:59 | DEBUG    | Searching ORFs in sequence Contig402...
2026-05-27 07:42:59 | INFO     | Success: 14 ORFs found in Contig402.
2026-05-27 07:42:59 | DEBUG    | Searching ORFs in sequence Contig403...
2026-05-27 07:42:59 | INFO     | Success: 2 ORFs found in Contig403.
2026-05-27 07:42:59 | DEBUG    | Searching ORFs in sequence Contig404...
2026-05-27 07:42:59 | INFO     | Success: 10 ORFs found in Contig404.
2026-05-27 07:42:59 | DEBUG    | Searching ORFs in sequence Contig405...
2026-05-27 07:42:59 | INFO     | Success: 27 ORFs found in Contig405.
2026-05-27 07:42:59 | DEBUG    | Searching ORFs in sequence Contig406...
2026-05-27 07:42:59 | INFO     | Success: 14 ORFs found in Contig406.
2026-05-27 07:42:59 | DEBUG    | Searching ORFs in sequence Contig407...
2026-05-27 07:42:59 | INFO     | Success: 14 ORFs found in Contig407.
2026-05-27 07:42:59 | DEBUG    | Searching ORFs in sequence Contig408...
2026-05-27 07:42:59 | INFO     | Success: 5 ORFs found in Contig408.
2026-05-27 07:42:59 | DEBUG    | Searching ORFs in sequence Contig409...
2026-05-27 07:42:59 | INFO     | Success: 8 ORFs found in Contig409.
2026-05-27 07:42:59 | DEBUG    | Searching ORFs in sequence Contig410...
2026-05-27 07:42:59 | INFO     | Success: 3 ORFs found in Contig410.
2026-05-27 07:42:59 | DEBUG    | Searching ORFs in sequence Contig411...
2026-05-27 07:42:59 | INFO     | Success: 1 ORFs found in Contig411.
2026-05-27 07:42:59 | DEBUG    | Searching ORFs in sequence Contig412...
2026-05-27 07:42:59 | INFO     | Success: 7 ORFs found in Contig412.
2026-05-27 07:42:59 | DEBUG    | Searching ORFs in sequence Contig413...
2026-05-27 07:42:59 | INFO     | Success: 3 ORFs found in Contig413.
2026-05-27 07:42:59 | DEBUG    | Searching ORFs in sequence Contig414...
2026-05-27 07:42:59 | INFO     | Success: 0 ORFs found in Contig414.
2026-05-27 07:42:59 | DEBUG    | Searching ORFs in sequence Contig415...
2026-05-27 07:42:59 | INFO     | Success: 4 ORFs found in Contig415.
2026-05-27 07:42:59 | DEBUG    | Searching ORFs in sequence Contig416...
2026-05-27 07:42:59 | INFO     | Success: 7 ORFs found in Contig416.
2026-05-27 07:42:59 | DEBUG    | Searching ORFs in sequence Contig417...
2026-05-27 07:42:59 | INFO     | Success: 10 ORFs found in Contig417.
2026-05-27 07:42:59 | DEBUG    | Searching ORFs in sequence Contig418...
2026-05-27 07:42:59 | INFO     | Success: 10 ORFs found in Contig418.
2026-05-27 07:42:59 | DEBUG    | Searching ORFs in sequence Contig419...
2026-05-27 07:42:59 | INFO     | Success: 6 ORFs found in Contig419.
2026-05-27 07:42:59 | DEBUG    | Searching ORFs in sequence Contig420...
2026-05-27 07:42:59 | INFO     | Success: 7 ORFs found in Contig420.
2026-05-27 07:42:59 | DEBUG    | Searching ORFs in sequence Contig421...
2026-05-27 07:42:59 | INFO     | Success: 4 ORFs found in Contig421.
2026-05-27 07:42:59 | DEBUG    | Searching ORFs in sequence Contig422...
2026-05-27 07:42:59 | INFO     | Success: 6 ORFs found in Contig422.
2026-05-27 07:42:59 | DEBUG    | Searching ORFs in sequence Contig423...
2026-05-27 07:42:59 | INFO     | Success: 1 ORFs found in Contig423.
2026-05-27 07:42:59 | DEBUG    | Searching ORFs in sequence Contig424...
2026-05-27 07:42:59 | INFO     | Success: 4 ORFs found in Contig424.
2026-05-27 07:42:59 | DEBUG    | Searching ORFs in sequence Contig425...
2026-05-27 07:42:59 | INFO     | Success: 10 ORFs found in Contig425.
2026-05-27 07:42:59 | DEBUG    | Searching ORFs in sequence Contig426...
2026-05-27 07:42:59 | INFO     | Success: 2 ORFs found in Contig426.
2026-05-27 07:42:59 | DEBUG    | Searching ORFs in sequence Contig427...
2026-05-27 07:42:59 | INFO     | Success: 5 ORFs found in Contig427.
2026-05-27 07:42:59 | DEBUG    | Searching ORFs in sequence Contig428...
2026-05-27 07:42:59 | INFO     | Success: 1 ORFs found in Contig428.
2026-05-27 07:42:59 | DEBUG    | Searching ORFs in sequence Contig429...
2026-05-27 07:42:59 | INFO     | Success: 8 ORFs found in Contig429.
2026-05-27 07:42:59 | DEBUG    | Searching ORFs in sequence Contig430...
2026-05-27 07:42:59 | INFO     | Success: 1 ORFs found in Contig430.
2026-05-27 07:42:59 | DEBUG    | Searching ORFs in sequence Contig431...
2026-05-27 07:42:59 | INFO     | Success: 2 ORFs found in Contig431.
2026-05-27 07:42:59 | DEBUG    | Searching ORFs in sequence Contig432...
2026-05-27 07:42:59 | INFO     | Success: 1 ORFs found in Contig432.
2026-05-27 07:42:59 | DEBUG    | Searching ORFs in sequence Contig433...
2026-05-27 07:42:59 | INFO     | Success: 5 ORFs found in Contig433.
2026-05-27 07:42:59 | DEBUG    | Searching ORFs in sequence Contig434...
2026-05-27 07:42:59 | INFO     | Success: 1 ORFs found in Contig434.
2026-05-27 07:42:59 | DEBUG    | Searching ORFs in sequence Contig435...
2026-05-27 07:42:59 | INFO     | Success: 6 ORFs found in Contig435.
2026-05-27 07:42:59 | DEBUG    | Searching ORFs in sequence Contig436...
2026-05-27 07:42:59 | INFO     | Success: 3 ORFs found in Contig436.
2026-05-27 07:42:59 | DEBUG    | Searching ORFs in sequence Contig437...
2026-05-27 07:42:59 | INFO     | Success: 4 ORFs found in Contig437.
2026-05-27 07:42:59 | DEBUG    | Searching ORFs in sequence Contig438...
2026-05-27 07:42:59 | INFO     | Success: 3 ORFs found in Contig438.
2026-05-27 07:42:59 | DEBUG    | Searching ORFs in sequence Contig439...
2026-05-27 07:42:59 | INFO     | Success: 8 ORFs found in Contig439.
2026-05-27 07:42:59 | DEBUG    | Searching ORFs in sequence Contig440...
2026-05-27 07:43:00 | INFO     | Success: 4 ORFs found in Contig440.
2026-05-27 07:43:00 | DEBUG    | Searching ORFs in sequence Contig441...
2026-05-27 07:43:00 | INFO     | Success: 4 ORFs found in Contig441.
2026-05-27 07:43:00 | DEBUG    | Searching ORFs in sequence Contig442...
2026-05-27 07:43:00 | INFO     | Success: 5 ORFs found in Contig442.
2026-05-27 07:43:00 | DEBUG    | Searching ORFs in sequence Contig443...
2026-05-27 07:43:00 | INFO     | Success: 7 ORFs found in Contig443.
2026-05-27 07:43:00 | DEBUG    | Searching ORFs in sequence Contig444...
2026-05-27 07:43:00 | INFO     | Success: 5 ORFs found in Contig444.
2026-05-27 07:43:00 | DEBUG    | Searching ORFs in sequence Contig445...
2026-05-27 07:43:00 | INFO     | Success: 18 ORFs found in Contig445.
2026-05-27 07:43:00 | DEBUG    | Searching ORFs in sequence Contig446...
2026-05-27 07:43:00 | INFO     | Success: 6 ORFs found in Contig446.
2026-05-27 07:43:00 | DEBUG    | Searching ORFs in sequence Contig447...
2026-05-27 07:43:00 | INFO     | Success: 1 ORFs found in Contig447.
2026-05-27 07:43:00 | DEBUG    | Searching ORFs in sequence Contig448...
2026-05-27 07:43:00 | INFO     | Success: 3 ORFs found in Contig448.
2026-05-27 07:43:00 | DEBUG    | Searching ORFs in sequence Contig449...
2026-05-27 07:43:00 | INFO     | Success: 10 ORFs found in Contig449.
2026-05-27 07:43:00 | DEBUG    | Searching ORFs in sequence Contig450...
2026-05-27 07:43:00 | INFO     | Success: 20 ORFs found in Contig450.
2026-05-27 07:43:00 | DEBUG    | Searching ORFs in sequence Contig451...
2026-05-27 07:43:00 | INFO     | Success: 6 ORFs found in Contig451.
2026-05-27 07:43:00 | DEBUG    | Searching ORFs in sequence Contig452...
2026-05-27 07:43:00 | INFO     | Success: 7 ORFs found in Contig452.
2026-05-27 07:43:00 | DEBUG    | Searching ORFs in sequence Contig453...
2026-05-27 07:43:00 | INFO     | Success: 20 ORFs found in Contig453.
2026-05-27 07:43:00 | DEBUG    | Searching ORFs in sequence Contig454...
2026-05-27 07:43:00 | INFO     | Success: 8 ORFs found in Contig454.
2026-05-27 07:43:00 | DEBUG    | Searching ORFs in sequence Contig455...
2026-05-27 07:43:00 | INFO     | Success: 14 ORFs found in Contig455.
2026-05-27 07:43:00 | DEBUG    | Searching ORFs in sequence Contig456...
2026-05-27 07:43:00 | INFO     | Success: 2 ORFs found in Contig456.
2026-05-27 07:43:00 | DEBUG    | Searching ORFs in sequence Contig457...
2026-05-27 07:43:00 | INFO     | Success: 2 ORFs found in Contig457.
2026-05-27 07:43:00 | DEBUG    | Searching ORFs in sequence Contig458...
2026-05-27 07:43:00 | INFO     | Success: 12 ORFs found in Contig458.
2026-05-27 07:43:00 | DEBUG    | Searching ORFs in sequence Contig459...
2026-05-27 07:43:00 | INFO     | Success: 14 ORFs found in Contig459.
2026-05-27 07:43:00 | DEBUG    | Searching ORFs in sequence Contig460...
2026-05-27 07:43:00 | INFO     | Success: 1 ORFs found in Contig460.
2026-05-27 07:43:00 | DEBUG    | Searching ORFs in sequence Contig461...
2026-05-27 07:43:00 | INFO     | Success: 1 ORFs found in Contig461.
2026-05-27 07:43:00 | DEBUG    | Searching ORFs in sequence Contig462...
2026-05-27 07:43:00 | INFO     | Success: 1 ORFs found in Contig462.
2026-05-27 07:43:00 | DEBUG    | Searching ORFs in sequence Contig463...
2026-05-27 07:43:00 | INFO     | Success: 19 ORFs found in Contig463.
2026-05-27 07:43:00 | DEBUG    | Searching ORFs in sequence Contig464...
2026-05-27 07:43:00 | INFO     | Success: 15 ORFs found in Contig464.
2026-05-27 07:43:00 | DEBUG    | Searching ORFs in sequence Contig465...
2026-05-27 07:43:00 | INFO     | Success: 12 ORFs found in Contig465.
2026-05-27 07:43:00 | DEBUG    | Searching ORFs in sequence Contig466...
2026-05-27 07:43:00 | INFO     | Success: 8 ORFs found in Contig466.
2026-05-27 07:43:00 | DEBUG    | Searching ORFs in sequence Contig467...
2026-05-27 07:43:00 | INFO     | Success: 6 ORFs found in Contig467.
2026-05-27 07:43:00 | DEBUG    | Searching ORFs in sequence Contig468...
2026-05-27 07:43:00 | INFO     | Success: 4 ORFs found in Contig468.
2026-05-27 07:43:00 | DEBUG    | Searching ORFs in sequence Contig469...
2026-05-27 07:43:00 | INFO     | Success: 10 ORFs found in Contig469.
2026-05-27 07:43:00 | DEBUG    | Searching ORFs in sequence Contig470...
2026-05-27 07:43:00 | INFO     | Success: 17 ORFs found in Contig470.
2026-05-27 07:43:00 | DEBUG    | Searching ORFs in sequence Contig471...
2026-05-27 07:43:00 | INFO     | Success: 3 ORFs found in Contig471.
2026-05-27 07:43:00 | DEBUG    | Searching ORFs in sequence Contig472...
2026-05-27 07:43:00 | INFO     | Success: 1 ORFs found in Contig472.
2026-05-27 07:43:00 | DEBUG    | Searching ORFs in sequence Contig473...
2026-05-27 07:43:00 | INFO     | Success: 4 ORFs found in Contig473.
2026-05-27 07:43:00 | DEBUG    | Searching ORFs in sequence Contig474...
2026-05-27 07:43:00 | INFO     | Success: 5 ORFs found in Contig474.
2026-05-27 07:43:00 | DEBUG    | Searching ORFs in sequence Contig475...
2026-05-27 07:43:00 | INFO     | Success: 7 ORFs found in Contig475.
2026-05-27 07:43:00 | DEBUG    | Searching ORFs in sequence Contig476...
2026-05-27 07:43:00 | INFO     | Success: 7 ORFs found in Contig476.
2026-05-27 07:43:00 | DEBUG    | Searching ORFs in sequence Contig477...
2026-05-27 07:43:00 | INFO     | Success: 10 ORFs found in Contig477.
2026-05-27 07:43:00 | DEBUG    | Searching ORFs in sequence Contig478...
2026-05-27 07:43:00 | INFO     | Success: 20 ORFs found in Contig478.
2026-05-27 07:43:00 | DEBUG    | Searching ORFs in sequence Contig479...
2026-05-27 07:43:00 | INFO     | Success: 17 ORFs found in Contig479.
2026-05-27 07:43:00 | DEBUG    | Searching ORFs in sequence Contig480...
2026-05-27 07:43:00 | INFO     | Success: 9 ORFs found in Contig480.
2026-05-27 07:43:00 | DEBUG    | Searching ORFs in sequence Contig481...
2026-05-27 07:43:00 | INFO     | Success: 5 ORFs found in Contig481.
2026-05-27 07:43:00 | DEBUG    | Searching ORFs in sequence Contig482...
2026-05-27 07:43:00 | INFO     | Success: 8 ORFs found in Contig482.
2026-05-27 07:43:00 | DEBUG    | Searching ORFs in sequence Contig483...
2026-05-27 07:43:00 | INFO     | Success: 9 ORFs found in Contig483.
2026-05-27 07:43:00 | DEBUG    | Searching ORFs in sequence Contig484...
2026-05-27 07:43:00 | INFO     | Success: 9 ORFs found in Contig484.
2026-05-27 07:43:00 | DEBUG    | Searching ORFs in sequence Contig485...
2026-05-27 07:43:00 | INFO     | Success: 6 ORFs found in Contig485.
2026-05-27 07:43:00 | DEBUG    | Searching ORFs in sequence Contig486...
2026-05-27 07:43:00 | INFO     | Success: 5 ORFs found in Contig486.
2026-05-27 07:43:00 | DEBUG    | Searching ORFs in sequence Contig487...
2026-05-27 07:43:00 | INFO     | Success: 6 ORFs found in Contig487.
2026-05-27 07:43:00 | DEBUG    | Searching ORFs in sequence Contig488...
2026-05-27 07:43:00 | INFO     | Success: 5 ORFs found in Contig488.
2026-05-27 07:43:00 | DEBUG    | Searching ORFs in sequence Contig489...
2026-05-27 07:43:00 | INFO     | Success: 20 ORFs found in Contig489.
2026-05-27 07:43:00 | DEBUG    | Searching ORFs in sequence Contig490...
2026-05-27 07:43:00 | INFO     | Success: 15 ORFs found in Contig490.
2026-05-27 07:43:00 | DEBUG    | Searching ORFs in sequence Contig491...
2026-05-27 07:43:00 | INFO     | Success: 9 ORFs found in Contig491.
2026-05-27 07:43:00 | DEBUG    | Searching ORFs in sequence Contig492...
2026-05-27 07:43:00 | INFO     | Success: 7 ORFs found in Contig492.
2026-05-27 07:43:00 | DEBUG    | Searching ORFs in sequence Contig493...
2026-05-27 07:43:00 | INFO     | Success: 5 ORFs found in Contig493.
2026-05-27 07:43:00 | DEBUG    | Searching ORFs in sequence Contig494...
2026-05-27 07:43:00 | INFO     | Success: 2 ORFs found in Contig494.
2026-05-27 07:43:00 | DEBUG    | Searching ORFs in sequence Contig495...
2026-05-27 07:43:00 | INFO     | Success: 15 ORFs found in Contig495.
2026-05-27 07:43:00 | DEBUG    | Searching ORFs in sequence Contig496...
2026-05-27 07:43:00 | INFO     | Success: 13 ORFs found in Contig496.
2026-05-27 07:43:00 | DEBUG    | Searching ORFs in sequence Contig497...
2026-05-27 07:43:00 | INFO     | Success: 10 ORFs found in Contig497.
2026-05-27 07:43:00 | DEBUG    | Searching ORFs in sequence Contig498...
2026-05-27 07:43:00 | INFO     | Success: 2 ORFs found in Contig498.
2026-05-27 07:43:00 | DEBUG    | Searching ORFs in sequence Contig499...
2026-05-27 07:43:00 | INFO     | Success: 16 ORFs found in Contig499.
2026-05-27 07:43:00 | DEBUG    | Searching ORFs in sequence Contig500...
2026-05-27 07:43:00 | INFO     | Success: 5 ORFs found in Contig500.
2026-05-27 07:43:00 | DEBUG    | Searching ORFs in sequence Contig501...
2026-05-27 07:43:00 | INFO     | Success: 6 ORFs found in Contig501.
2026-05-27 07:43:00 | DEBUG    | Searching ORFs in sequence Contig502...
2026-05-27 07:43:00 | INFO     | Success: 22 ORFs found in Contig502.
2026-05-27 07:43:00 | DEBUG    | Searching ORFs in sequence Contig503...
2026-05-27 07:43:00 | INFO     | Success: 14 ORFs found in Contig503.
2026-05-27 07:43:00 | DEBUG    | Searching ORFs in sequence Contig504...
2026-05-27 07:43:00 | INFO     | Success: 8 ORFs found in Contig504.
2026-05-27 07:43:00 | DEBUG    | Searching ORFs in sequence Contig505...
2026-05-27 07:43:00 | INFO     | Success: 10 ORFs found in Contig505.
2026-05-27 07:43:00 | DEBUG    | Searching ORFs in sequence Contig506...
2026-05-27 07:43:00 | INFO     | Success: 12 ORFs found in Contig506.
2026-05-27 07:43:00 | DEBUG    | Searching ORFs in sequence Contig507...
2026-05-27 07:43:00 | INFO     | Success: 0 ORFs found in Contig507.
2026-05-27 07:43:00 | DEBUG    | Searching ORFs in sequence Contig508...
2026-05-27 07:43:00 | INFO     | Success: 32 ORFs found in Contig508.
2026-05-27 07:43:00 | DEBUG    | Searching ORFs in sequence Contig509...
2026-05-27 07:43:00 | INFO     | Success: 0 ORFs found in Contig509.
2026-05-27 07:43:00 | DEBUG    | Searching ORFs in sequence Contig510...
2026-05-27 07:43:00 | INFO     | Success: 0 ORFs found in Contig510.
2026-05-27 07:43:00 | DEBUG    | Searching ORFs in sequence Contig511...
2026-05-27 07:43:00 | INFO     | Success: 12 ORFs found in Contig511.
2026-05-27 07:43:00 | DEBUG    | Searching ORFs in sequence Contig512...
2026-05-27 07:43:00 | INFO     | Success: 7 ORFs found in Contig512.
2026-05-27 07:43:00 | DEBUG    | Searching ORFs in sequence Contig513...
2026-05-27 07:43:00 | INFO     | Success: 11 ORFs found in Contig513.
2026-05-27 07:43:00 | DEBUG    | Searching ORFs in sequence Contig514...
2026-05-27 07:43:00 | INFO     | Success: 11 ORFs found in Contig514.
2026-05-27 07:43:00 | DEBUG    | Searching ORFs in sequence Contig515...
2026-05-27 07:43:00 | INFO     | Success: 16 ORFs found in Contig515.
2026-05-27 07:43:00 | DEBUG    | Searching ORFs in sequence Contig516...
2026-05-27 07:43:00 | INFO     | Success: 24 ORFs found in Contig516.
2026-05-27 07:43:00 | DEBUG    | Searching ORFs in sequence Contig517...
2026-05-27 07:43:00 | INFO     | Success: 11 ORFs found in Contig517.
2026-05-27 07:43:00 | DEBUG    | Searching ORFs in sequence Contig518...
2026-05-27 07:43:00 | INFO     | Success: 9 ORFs found in Contig518.
2026-05-27 07:43:00 | DEBUG    | Searching ORFs in sequence Contig519...
2026-05-27 07:43:00 | INFO     | Success: 17 ORFs found in Contig519.
2026-05-27 07:43:00 | DEBUG    | Searching ORFs in sequence Contig520...
2026-05-27 07:43:00 | INFO     | Success: 7 ORFs found in Contig520.
2026-05-27 07:43:00 | DEBUG    | Searching ORFs in sequence Contig521...
2026-05-27 07:43:00 | INFO     | Success: 4 ORFs found in Contig521.
2026-05-27 07:43:00 | DEBUG    | Searching ORFs in sequence Contig522...
2026-05-27 07:43:00 | INFO     | Success: 9 ORFs found in Contig522.
2026-05-27 07:43:00 | DEBUG    | Searching ORFs in sequence Contig523...
2026-05-27 07:43:00 | INFO     | Success: 3 ORFs found in Contig523.
2026-05-27 07:43:00 | DEBUG    | Searching ORFs in sequence Contig524...
2026-05-27 07:43:00 | INFO     | Success: 10 ORFs found in Contig524.
2026-05-27 07:43:00 | DEBUG    | Searching ORFs in sequence Contig525...
2026-05-27 07:43:00 | INFO     | Success: 5 ORFs found in Contig525.
2026-05-27 07:43:00 | DEBUG    | Searching ORFs in sequence Contig526...
2026-05-27 07:43:00 | INFO     | Success: 14 ORFs found in Contig526.
2026-05-27 07:43:00 | DEBUG    | Searching ORFs in sequence Contig527...
2026-05-27 07:43:00 | INFO     | Success: 5 ORFs found in Contig527.
2026-05-27 07:43:00 | DEBUG    | Searching ORFs in sequence Contig528...
2026-05-27 07:43:00 | INFO     | Success: 16 ORFs found in Contig528.
2026-05-27 07:43:00 | DEBUG    | Searching ORFs in sequence Contig529...
2026-05-27 07:43:00 | INFO     | Success: 17 ORFs found in Contig529.
2026-05-27 07:43:00 | DEBUG    | Searching ORFs in sequence Contig530...
2026-05-27 07:43:00 | INFO     | Success: 26 ORFs found in Contig530.
2026-05-27 07:43:00 | DEBUG    | Searching ORFs in sequence Contig531...
2026-05-27 07:43:00 | INFO     | Success: 12 ORFs found in Contig531.
2026-05-27 07:43:00 | DEBUG    | Searching ORFs in sequence Contig532...
2026-05-27 07:43:00 | INFO     | Success: 49 ORFs found in Contig532.
2026-05-27 07:43:00 | DEBUG    | Searching ORFs in sequence Contig533...
2026-05-27 07:43:00 | INFO     | Success: 25 ORFs found in Contig533.
2026-05-27 07:43:00 | DEBUG    | Searching ORFs in sequence Contig534...
2026-05-27 07:43:00 | INFO     | Success: 31 ORFs found in Contig534.
2026-05-27 07:43:00 | DEBUG    | Searching ORFs in sequence Contig535...
2026-05-27 07:43:00 | INFO     | Success: 5 ORFs found in Contig535.
2026-05-27 07:43:00 | DEBUG    | Searching ORFs in sequence Contig536...
2026-05-27 07:43:00 | INFO     | Success: 8 ORFs found in Contig536.
2026-05-27 07:43:00 | DEBUG    | Searching ORFs in sequence Contig537...
2026-05-27 07:43:00 | INFO     | Success: 1 ORFs found in Contig537.
2026-05-27 07:43:00 | DEBUG    | Searching ORFs in sequence Contig538...
2026-05-27 07:43:00 | INFO     | Success: 0 ORFs found in Contig538.
2026-05-27 07:43:00 | DEBUG    | Searching ORFs in sequence Contig539...
2026-05-27 07:43:00 | INFO     | Success: 4 ORFs found in Contig539.
2026-05-27 07:43:00 | DEBUG    | Searching ORFs in sequence Contig540...
2026-05-27 07:43:00 | INFO     | Success: 6 ORFs found in Contig540.
2026-05-27 07:43:00 | DEBUG    | Searching ORFs in sequence Contig541...
2026-05-27 07:43:00 | INFO     | Success: 11 ORFs found in Contig541.
2026-05-27 07:43:00 | DEBUG    | Searching ORFs in sequence Contig542...
2026-05-27 07:43:00 | INFO     | Success: 12 ORFs found in Contig542.
2026-05-27 07:43:00 | DEBUG    | Searching ORFs in sequence Contig543...
2026-05-27 07:43:00 | INFO     | Success: 4 ORFs found in Contig543.
2026-05-27 07:43:00 | DEBUG    | Searching ORFs in sequence Contig544...
2026-05-27 07:43:00 | INFO     | Success: 18 ORFs found in Contig544.
2026-05-27 07:43:00 | DEBUG    | Searching ORFs in sequence Contig545...
2026-05-27 07:43:00 | INFO     | Success: 9 ORFs found in Contig545.
2026-05-27 07:43:00 | DEBUG    | Searching ORFs in sequence Contig546...
2026-05-27 07:43:00 | INFO     | Success: 3 ORFs found in Contig546.
2026-05-27 07:43:00 | DEBUG    | Searching ORFs in sequence Contig547...
2026-05-27 07:43:00 | INFO     | Success: 2 ORFs found in Contig547.
2026-05-27 07:43:00 | SUCCESS  | ORF finding done.
2026-05-27 07:43:00 | INFO     | Loading Diamond RefSeq → testFast/diamond/refseq.tsv
2026-05-27 07:43:00 | DEBUG    | diamond [refseq]: 307 hits processed.
2026-05-27 07:43:00 | SUCCESS  | RefSeq: 307 hits attached.
2026-05-27 07:43:00 | INFO     | Loading RVDB HMM → testFast/hmm/RVDB.tsv
2026-05-27 07:43:00 | SUCCESS  | 7102 metadata records loaded for RVDB.
2026-05-27 07:43:00 | SUCCESS  | RVDB: 717 hits attached.
2026-05-27 07:43:00 | INFO     | Loading Vfam HMM → testFast/hmm/Vfam.tsv
2026-05-27 07:43:00 | SUCCESS  | 39548 metadata records loaded for Vfam.
2026-05-27 07:43:00 | SUCCESS  | Vfam: 136 hits attached.
2026-05-27 07:43:00 | INFO     | Loading EggNOG HMM → testFast/hmm/EggNOG.tsv
2026-05-27 07:43:00 | SUCCESS  | 2010 metadata records loaded for EggNOG.
2026-05-27 07:43:00 | SUCCESS  | EggNOG: 145 hits attached.
2026-05-27 07:43:00 | INFO     | Loading Diamond NR → testFast/diamond/nr.tsv
2026-05-27 07:43:00 | DEBUG    | diamond [nr]: 505 hits processed.
2026-05-27 07:43:00 | SUCCESS  | NR: 505 hits attached.
2026-05-27 07:43:00 | INFO     | Loading Pfam HMM → testFast/hmm/Pfam.tsv
2026-05-27 07:43:00 | SUCCESS  | 23794 metadata records loaded for Pfam.
2026-05-27 07:43:00 | SUCCESS  | Pfam: 225 hits attached.
2026-05-27 07:43:00 | INFO     | Loading BLASTn → testFast/blastn/blastn.tsv
2026-05-27 07:43:00 | DEBUG    | BLASTn: 33 hit(s) attached across 9 sequence(s).
2026-05-27 07:43:00 | SUCCESS  | BLASTn: 33 hits attached.
2026-05-27 07:43:00 | INFO     | Annotating taxonomy...
2026-05-27 07:43:01 | SUCCESS  | TaxonomyLoader: 259993 scientific names, 9692 species names indexed from /home/gabriel/viralquest/data/viralTax.json.xz.
2026-05-27 07:43:01 | DEBUG    | No taxonomy match for 'Tjuloc virus' (seq: Contig224)
2026-05-27 07:43:01 | SUCCESS  | Taxonomy resolved for 80/547 sequences.
2026-05-27 07:43:09 | INFO     | Parsing FASTA...
2026-05-27 07:43:09 | INFO     | Starting fasta parser
2026-05-27 07:43:09 | SUCCESS  | Found 547 valid sequences in data/test.fasta
2026-05-27 07:43:09 | SUCCESS  | Parsed 547 sequences.
2026-05-27 07:43:09 | INFO     | Finding ORFs...
2026-05-27 07:43:09 | INFO     | Starting ORF search (Minimal length: 150 nt)
2026-05-27 07:43:09 | DEBUG    | Searching ORFs in sequence Contig1...
2026-05-27 07:43:09 | INFO     | Success: 0 ORFs found in Contig1.
2026-05-27 07:43:09 | DEBUG    | Searching ORFs in sequence Contig2...
2026-05-27 07:43:09 | INFO     | Success: 8 ORFs found in Contig2.
2026-05-27 07:43:09 | DEBUG    | Searching ORFs in sequence Contig3...
2026-05-27 07:43:09 | INFO     | Success: 1 ORFs found in Contig3.
2026-05-27 07:43:09 | DEBUG    | Searching ORFs in sequence Contig4...
2026-05-27 07:43:09 | INFO     | Success: 2 ORFs found in Contig4.
2026-05-27 07:43:09 | DEBUG    | Searching ORFs in sequence Contig5...
2026-05-27 07:43:09 | INFO     | Success: 3 ORFs found in Contig5.
2026-05-27 07:43:09 | DEBUG    | Searching ORFs in sequence Contig6...
2026-05-27 07:43:09 | INFO     | Success: 3 ORFs found in Contig6.
2026-05-27 07:43:09 | DEBUG    | Searching ORFs in sequence Contig7...
2026-05-27 07:43:09 | INFO     | Success: 3 ORFs found in Contig7.
2026-05-27 07:43:09 | DEBUG    | Searching ORFs in sequence Contig8...
2026-05-27 07:43:09 | INFO     | Success: 3 ORFs found in Contig8.
2026-05-27 07:43:09 | DEBUG    | Searching ORFs in sequence Contig9...
2026-05-27 07:43:09 | INFO     | Success: 18 ORFs found in Contig9.
2026-05-27 07:43:09 | DEBUG    | Searching ORFs in sequence Contig10...
2026-05-27 07:43:09 | INFO     | Success: 2 ORFs found in Contig10.
2026-05-27 07:43:09 | DEBUG    | Searching ORFs in sequence Contig11...
2026-05-27 07:43:09 | INFO     | Success: 6 ORFs found in Contig11.
2026-05-27 07:43:09 | DEBUG    | Searching ORFs in sequence Contig12...
2026-05-27 07:43:09 | INFO     | Success: 1 ORFs found in Contig12.
2026-05-27 07:43:09 | DEBUG    | Searching ORFs in sequence Contig13...
2026-05-27 07:43:09 | INFO     | Success: 3 ORFs found in Contig13.
2026-05-27 07:43:09 | DEBUG    | Searching ORFs in sequence Contig14...
2026-05-27 07:43:09 | INFO     | Success: 2 ORFs found in Contig14.
2026-05-27 07:43:09 | DEBUG    | Searching ORFs in sequence Contig15...
2026-05-27 07:43:09 | INFO     | Success: 2 ORFs found in Contig15.
2026-05-27 07:43:09 | DEBUG    | Searching ORFs in sequence Contig16...
2026-05-27 07:43:09 | INFO     | Success: 4 ORFs found in Contig16.
2026-05-27 07:43:09 | DEBUG    | Searching ORFs in sequence Contig17...
2026-05-27 07:43:09 | INFO     | Success: 6 ORFs found in Contig17.
2026-05-27 07:43:09 | DEBUG    | Searching ORFs in sequence Contig18...
2026-05-27 07:43:09 | INFO     | Success: 2 ORFs found in Contig18.
2026-05-27 07:43:09 | DEBUG    | Searching ORFs in sequence Contig19...
2026-05-27 07:43:09 | INFO     | Success: 2 ORFs found in Contig19.
2026-05-27 07:43:09 | DEBUG    | Searching ORFs in sequence Contig20...
2026-05-27 07:43:09 | INFO     | Success: 11 ORFs found in Contig20.
2026-05-27 07:43:09 | DEBUG    | Searching ORFs in sequence Contig21...
2026-05-27 07:43:09 | INFO     | Success: 1 ORFs found in Contig21.
2026-05-27 07:43:09 | DEBUG    | Searching ORFs in sequence Contig22...
2026-05-27 07:43:09 | INFO     | Success: 3 ORFs found in Contig22.
2026-05-27 07:43:09 | DEBUG    | Searching ORFs in sequence Contig23...
2026-05-27 07:43:09 | INFO     | Success: 8 ORFs found in Contig23.
2026-05-27 07:43:09 | DEBUG    | Searching ORFs in sequence Contig24...
2026-05-27 07:43:09 | INFO     | Success: 0 ORFs found in Contig24.
2026-05-27 07:43:09 | DEBUG    | Searching ORFs in sequence Contig25...
2026-05-27 07:43:09 | INFO     | Success: 12 ORFs found in Contig25.
2026-05-27 07:43:09 | DEBUG    | Searching ORFs in sequence Contig26...
2026-05-27 07:43:09 | INFO     | Success: 13 ORFs found in Contig26.
2026-05-27 07:43:09 | DEBUG    | Searching ORFs in sequence Contig27...
2026-05-27 07:43:09 | INFO     | Success: 6 ORFs found in Contig27.
2026-05-27 07:43:09 | DEBUG    | Searching ORFs in sequence Contig28...
2026-05-27 07:43:09 | INFO     | Success: 8 ORFs found in Contig28.
2026-05-27 07:43:09 | DEBUG    | Searching ORFs in sequence Contig29...
2026-05-27 07:43:09 | INFO     | Success: 4 ORFs found in Contig29.
2026-05-27 07:43:09 | DEBUG    | Searching ORFs in sequence Contig30...
2026-05-27 07:43:09 | INFO     | Success: 20 ORFs found in Contig30.
2026-05-27 07:43:09 | DEBUG    | Searching ORFs in sequence Contig31...
2026-05-27 07:43:09 | INFO     | Success: 10 ORFs found in Contig31.
2026-05-27 07:43:09 | DEBUG    | Searching ORFs in sequence Contig32...
2026-05-27 07:43:09 | INFO     | Success: 2 ORFs found in Contig32.
2026-05-27 07:43:09 | DEBUG    | Searching ORFs in sequence Contig33...
2026-05-27 07:43:09 | INFO     | Success: 13 ORFs found in Contig33.
2026-05-27 07:43:09 | DEBUG    | Searching ORFs in sequence Contig34...
2026-05-27 07:43:09 | INFO     | Success: 2 ORFs found in Contig34.
2026-05-27 07:43:09 | DEBUG    | Searching ORFs in sequence Contig35...
2026-05-27 07:43:09 | INFO     | Success: 3 ORFs found in Contig35.
2026-05-27 07:43:09 | DEBUG    | Searching ORFs in sequence Contig36...
2026-05-27 07:43:09 | INFO     | Success: 6 ORFs found in Contig36.
2026-05-27 07:43:09 | DEBUG    | Searching ORFs in sequence Contig37...
2026-05-27 07:43:09 | INFO     | Success: 8 ORFs found in Contig37.
2026-05-27 07:43:09 | DEBUG    | Searching ORFs in sequence Contig38...
2026-05-27 07:43:09 | INFO     | Success: 1 ORFs found in Contig38.
2026-05-27 07:43:09 | DEBUG    | Searching ORFs in sequence Contig39...
2026-05-27 07:43:09 | INFO     | Success: 0 ORFs found in Contig39.
2026-05-27 07:43:09 | DEBUG    | Searching ORFs in sequence Contig40...
2026-05-27 07:43:09 | INFO     | Success: 14 ORFs found in Contig40.
2026-05-27 07:43:09 | DEBUG    | Searching ORFs in sequence Contig41...
2026-05-27 07:43:09 | INFO     | Success: 1 ORFs found in Contig41.
2026-05-27 07:43:09 | DEBUG    | Searching ORFs in sequence Contig42...
2026-05-27 07:43:09 | INFO     | Success: 2 ORFs found in Contig42.
2026-05-27 07:43:09 | DEBUG    | Searching ORFs in sequence Contig43...
2026-05-27 07:43:09 | INFO     | Success: 5 ORFs found in Contig43.
2026-05-27 07:43:09 | DEBUG    | Searching ORFs in sequence Contig44...
2026-05-27 07:43:09 | INFO     | Success: 8 ORFs found in Contig44.
2026-05-27 07:43:09 | DEBUG    | Searching ORFs in sequence Contig45...
2026-05-27 07:43:09 | INFO     | Success: 1 ORFs found in Contig45.
2026-05-27 07:43:09 | DEBUG    | Searching ORFs in sequence Contig46...
2026-05-27 07:43:09 | INFO     | Success: 0 ORFs found in Contig46.
2026-05-27 07:43:09 | DEBUG    | Searching ORFs in sequence Contig47...
2026-05-27 07:43:09 | INFO     | Success: 8 ORFs found in Contig47.
2026-05-27 07:43:09 | DEBUG    | Searching ORFs in sequence Contig48...
2026-05-27 07:43:09 | INFO     | Success: 3 ORFs found in Contig48.
2026-05-27 07:43:09 | DEBUG    | Searching ORFs in sequence Contig49...
2026-05-27 07:43:09 | INFO     | Success: 8 ORFs found in Contig49.
2026-05-27 07:43:09 | DEBUG    | Searching ORFs in sequence Contig50...
2026-05-27 07:43:09 | INFO     | Success: 13 ORFs found in Contig50.
2026-05-27 07:43:09 | DEBUG    | Searching ORFs in sequence Contig51...
2026-05-27 07:43:09 | INFO     | Success: 26 ORFs found in Contig51.
2026-05-27 07:43:09 | DEBUG    | Searching ORFs in sequence Contig52...
2026-05-27 07:43:09 | INFO     | Success: 5 ORFs found in Contig52.
2026-05-27 07:43:09 | DEBUG    | Searching ORFs in sequence Contig53...
2026-05-27 07:43:09 | INFO     | Success: 17 ORFs found in Contig53.
2026-05-27 07:43:09 | DEBUG    | Searching ORFs in sequence Contig54...
2026-05-27 07:43:09 | INFO     | Success: 3 ORFs found in Contig54.
2026-05-27 07:43:09 | DEBUG    | Searching ORFs in sequence Contig55...
2026-05-27 07:43:09 | INFO     | Success: 0 ORFs found in Contig55.
2026-05-27 07:43:09 | DEBUG    | Searching ORFs in sequence Contig56...
2026-05-27 07:43:09 | INFO     | Success: 2 ORFs found in Contig56.
2026-05-27 07:43:09 | DEBUG    | Searching ORFs in sequence Contig57...
2026-05-27 07:43:09 | INFO     | Success: 2 ORFs found in Contig57.
2026-05-27 07:43:09 | DEBUG    | Searching ORFs in sequence Contig58...
2026-05-27 07:43:09 | INFO     | Success: 5 ORFs found in Contig58.
2026-05-27 07:43:09 | DEBUG    | Searching ORFs in sequence Contig59...
2026-05-27 07:43:09 | INFO     | Success: 8 ORFs found in Contig59.
2026-05-27 07:43:09 | DEBUG    | Searching ORFs in sequence Contig60...
2026-05-27 07:43:09 | INFO     | Success: 1 ORFs found in Contig60.
2026-05-27 07:43:09 | DEBUG    | Searching ORFs in sequence Contig61...
2026-05-27 07:43:09 | INFO     | Success: 1 ORFs found in Contig61.
2026-05-27 07:43:09 | DEBUG    | Searching ORFs in sequence Contig62...
2026-05-27 07:43:09 | INFO     | Success: 1 ORFs found in Contig62.
2026-05-27 07:43:09 | DEBUG    | Searching ORFs in sequence Contig63...
2026-05-27 07:43:09 | INFO     | Success: 3 ORFs found in Contig63.
2026-05-27 07:43:09 | DEBUG    | Searching ORFs in sequence Contig64...
2026-05-27 07:43:09 | INFO     | Success: 0 ORFs found in Contig64.
2026-05-27 07:43:09 | DEBUG    | Searching ORFs in sequence Contig65...
2026-05-27 07:43:09 | INFO     | Success: 17 ORFs found in Contig65.
2026-05-27 07:43:09 | DEBUG    | Searching ORFs in sequence Contig66...
2026-05-27 07:43:09 | INFO     | Success: 32 ORFs found in Contig66.
2026-05-27 07:43:09 | DEBUG    | Searching ORFs in sequence Contig67...
2026-05-27 07:43:09 | INFO     | Success: 0 ORFs found in Contig67.
2026-05-27 07:43:09 | DEBUG    | Searching ORFs in sequence Contig68...
2026-05-27 07:43:09 | INFO     | Success: 2 ORFs found in Contig68.
2026-05-27 07:43:09 | DEBUG    | Searching ORFs in sequence Contig69...
2026-05-27 07:43:09 | INFO     | Success: 7 ORFs found in Contig69.
2026-05-27 07:43:09 | DEBUG    | Searching ORFs in sequence Contig70...
2026-05-27 07:43:09 | INFO     | Success: 9 ORFs found in Contig70.
2026-05-27 07:43:09 | DEBUG    | Searching ORFs in sequence Contig71...
2026-05-27 07:43:09 | INFO     | Success: 2 ORFs found in Contig71.
2026-05-27 07:43:09 | DEBUG    | Searching ORFs in sequence Contig72...
2026-05-27 07:43:09 | INFO     | Success: 4 ORFs found in Contig72.
2026-05-27 07:43:09 | DEBUG    | Searching ORFs in sequence Contig73...
2026-05-27 07:43:09 | INFO     | Success: 6 ORFs found in Contig73.
2026-05-27 07:43:09 | DEBUG    | Searching ORFs in sequence Contig74...
2026-05-27 07:43:09 | INFO     | Success: 0 ORFs found in Contig74.
2026-05-27 07:43:09 | DEBUG    | Searching ORFs in sequence Contig75...
2026-05-27 07:43:09 | INFO     | Success: 1 ORFs found in Contig75.
2026-05-27 07:43:09 | DEBUG    | Searching ORFs in sequence Contig76...
2026-05-27 07:43:09 | INFO     | Success: 2 ORFs found in Contig76.
2026-05-27 07:43:09 | DEBUG    | Searching ORFs in sequence Contig77...
2026-05-27 07:43:09 | INFO     | Success: 11 ORFs found in Contig77.
2026-05-27 07:43:09 | DEBUG    | Searching ORFs in sequence Contig78...
2026-05-27 07:43:09 | INFO     | Success: 6 ORFs found in Contig78.
2026-05-27 07:43:09 | DEBUG    | Searching ORFs in sequence Contig79...
2026-05-27 07:43:09 | INFO     | Success: 5 ORFs found in Contig79.
2026-05-27 07:43:09 | DEBUG    | Searching ORFs in sequence Contig80...
2026-05-27 07:43:09 | INFO     | Success: 2 ORFs found in Contig80.
2026-05-27 07:43:09 | DEBUG    | Searching ORFs in sequence Contig81...
2026-05-27 07:43:09 | INFO     | Success: 1 ORFs found in Contig81.
2026-05-27 07:43:09 | DEBUG    | Searching ORFs in sequence Contig82...
2026-05-27 07:43:09 | INFO     | Success: 5 ORFs found in Contig82.
2026-05-27 07:43:09 | DEBUG    | Searching ORFs in sequence Contig83...
2026-05-27 07:43:09 | INFO     | Success: 11 ORFs found in Contig83.
2026-05-27 07:43:09 | DEBUG    | Searching ORFs in sequence Contig84...
2026-05-27 07:43:09 | INFO     | Success: 3 ORFs found in Contig84.
2026-05-27 07:43:09 | DEBUG    | Searching ORFs in sequence Contig85...
2026-05-27 07:43:09 | INFO     | Success: 4 ORFs found in Contig85.
2026-05-27 07:43:09 | DEBUG    | Searching ORFs in sequence Contig86...
2026-05-27 07:43:09 | INFO     | Success: 3 ORFs found in Contig86.
2026-05-27 07:43:09 | DEBUG    | Searching ORFs in sequence Contig87...
2026-05-27 07:43:09 | INFO     | Success: 22 ORFs found in Contig87.
2026-05-27 07:43:09 | DEBUG    | Searching ORFs in sequence Contig88...
2026-05-27 07:43:09 | INFO     | Success: 10 ORFs found in Contig88.
2026-05-27 07:43:09 | DEBUG    | Searching ORFs in sequence Contig89...
2026-05-27 07:43:09 | INFO     | Success: 1 ORFs found in Contig89.
2026-05-27 07:43:09 | DEBUG    | Searching ORFs in sequence Contig90...
2026-05-27 07:43:09 | INFO     | Success: 0 ORFs found in Contig90.
2026-05-27 07:43:09 | DEBUG    | Searching ORFs in sequence Contig91...
2026-05-27 07:43:09 | INFO     | Success: 1 ORFs found in Contig91.
2026-05-27 07:43:09 | DEBUG    | Searching ORFs in sequence Contig92...
2026-05-27 07:43:09 | INFO     | Success: 2 ORFs found in Contig92.
2026-05-27 07:43:09 | DEBUG    | Searching ORFs in sequence Contig93...
2026-05-27 07:43:09 | INFO     | Success: 15 ORFs found in Contig93.
2026-05-27 07:43:09 | DEBUG    | Searching ORFs in sequence Contig94...
2026-05-27 07:43:09 | INFO     | Success: 3 ORFs found in Contig94.
2026-05-27 07:43:09 | DEBUG    | Searching ORFs in sequence Contig95...
2026-05-27 07:43:09 | INFO     | Success: 2 ORFs found in Contig95.
2026-05-27 07:43:09 | DEBUG    | Searching ORFs in sequence Contig96...
2026-05-27 07:43:09 | INFO     | Success: 2 ORFs found in Contig96.
2026-05-27 07:43:09 | DEBUG    | Searching ORFs in sequence Contig97...
2026-05-27 07:43:09 | INFO     | Success: 4 ORFs found in Contig97.
2026-05-27 07:43:09 | DEBUG    | Searching ORFs in sequence Contig98...
2026-05-27 07:43:09 | INFO     | Success: 8 ORFs found in Contig98.
2026-05-27 07:43:09 | DEBUG    | Searching ORFs in sequence Contig99...
2026-05-27 07:43:09 | INFO     | Success: 1 ORFs found in Contig99.
2026-05-27 07:43:09 | DEBUG    | Searching ORFs in sequence Contig100...
2026-05-27 07:43:09 | INFO     | Success: 6 ORFs found in Contig100.
2026-05-27 07:43:09 | DEBUG    | Searching ORFs in sequence Contig101...
2026-05-27 07:43:09 | INFO     | Success: 8 ORFs found in Contig101.
2026-05-27 07:43:09 | DEBUG    | Searching ORFs in sequence Contig102...
2026-05-27 07:43:09 | INFO     | Success: 4 ORFs found in Contig102.
2026-05-27 07:43:09 | DEBUG    | Searching ORFs in sequence Contig103...
2026-05-27 07:43:09 | INFO     | Success: 2 ORFs found in Contig103.
2026-05-27 07:43:09 | DEBUG    | Searching ORFs in sequence Contig104...
2026-05-27 07:43:09 | INFO     | Success: 4 ORFs found in Contig104.
2026-05-27 07:43:09 | DEBUG    | Searching ORFs in sequence Contig105...
2026-05-27 07:43:09 | INFO     | Success: 1 ORFs found in Contig105.
2026-05-27 07:43:09 | DEBUG    | Searching ORFs in sequence Contig106...
2026-05-27 07:43:09 | INFO     | Success: 1 ORFs found in Contig106.
2026-05-27 07:43:09 | DEBUG    | Searching ORFs in sequence Contig107...
2026-05-27 07:43:09 | INFO     | Success: 3 ORFs found in Contig107.
2026-05-27 07:43:09 | DEBUG    | Searching ORFs in sequence Contig108...
2026-05-27 07:43:09 | INFO     | Success: 2 ORFs found in Contig108.
2026-05-27 07:43:09 | DEBUG    | Searching ORFs in sequence Contig109...
2026-05-27 07:43:09 | INFO     | Success: 2 ORFs found in Contig109.
2026-05-27 07:43:09 | DEBUG    | Searching ORFs in sequence Contig110...
2026-05-27 07:43:09 | INFO     | Success: 2 ORFs found in Contig110.
2026-05-27 07:43:09 | DEBUG    | Searching ORFs in sequence Contig111...
2026-05-27 07:43:09 | INFO     | Success: 4 ORFs found in Contig111.
2026-05-27 07:43:09 | DEBUG    | Searching ORFs in sequence Contig112...
2026-05-27 07:43:09 | INFO     | Success: 15 ORFs found in Contig112.
2026-05-27 07:43:09 | DEBUG    | Searching ORFs in sequence Contig113...
2026-05-27 07:43:09 | INFO     | Success: 8 ORFs found in Contig113.
2026-05-27 07:43:09 | DEBUG    | Searching ORFs in sequence Contig114...
2026-05-27 07:43:09 | INFO     | Success: 2 ORFs found in Contig114.
2026-05-27 07:43:09 | DEBUG    | Searching ORFs in sequence Contig115...
2026-05-27 07:43:09 | INFO     | Success: 14 ORFs found in Contig115.
2026-05-27 07:43:09 | DEBUG    | Searching ORFs in sequence Contig116...
2026-05-27 07:43:09 | INFO     | Success: 20 ORFs found in Contig116.
2026-05-27 07:43:09 | DEBUG    | Searching ORFs in sequence Contig117...
2026-05-27 07:43:09 | INFO     | Success: 3 ORFs found in Contig117.
2026-05-27 07:43:09 | DEBUG    | Searching ORFs in sequence Contig118...
2026-05-27 07:43:09 | INFO     | Success: 2 ORFs found in Contig118.
2026-05-27 07:43:09 | DEBUG    | Searching ORFs in sequence Contig119...
2026-05-27 07:43:09 | INFO     | Success: 1 ORFs found in Contig119.
2026-05-27 07:43:09 | DEBUG    | Searching ORFs in sequence Contig120...
2026-05-27 07:43:09 | INFO     | Success: 2 ORFs found in Contig120.
2026-05-27 07:43:09 | DEBUG    | Searching ORFs in sequence Contig121...
2026-05-27 07:43:09 | INFO     | Success: 1 ORFs found in Contig121.
2026-05-27 07:43:09 | DEBUG    | Searching ORFs in sequence Contig122...
2026-05-27 07:43:09 | INFO     | Success: 7 ORFs found in Contig122.
2026-05-27 07:43:09 | DEBUG    | Searching ORFs in sequence Contig123...
2026-05-27 07:43:09 | INFO     | Success: 12 ORFs found in Contig123.
2026-05-27 07:43:09 | DEBUG    | Searching ORFs in sequence Contig124...
2026-05-27 07:43:09 | INFO     | Success: 17 ORFs found in Contig124.
2026-05-27 07:43:09 | DEBUG    | Searching ORFs in sequence Contig125...
2026-05-27 07:43:09 | INFO     | Success: 20 ORFs found in Contig125.
2026-05-27 07:43:09 | DEBUG    | Searching ORFs in sequence Contig126...
2026-05-27 07:43:09 | INFO     | Success: 7 ORFs found in Contig126.
2026-05-27 07:43:09 | DEBUG    | Searching ORFs in sequence Contig127...
2026-05-27 07:43:09 | INFO     | Success: 4 ORFs found in Contig127.
2026-05-27 07:43:09 | DEBUG    | Searching ORFs in sequence Contig128...
2026-05-27 07:43:09 | INFO     | Success: 9 ORFs found in Contig128.
2026-05-27 07:43:09 | DEBUG    | Searching ORFs in sequence Contig129...
2026-05-27 07:43:09 | INFO     | Success: 2 ORFs found in Contig129.
2026-05-27 07:43:09 | DEBUG    | Searching ORFs in sequence Contig130...
2026-05-27 07:43:09 | INFO     | Success: 2 ORFs found in Contig130.
2026-05-27 07:43:09 | DEBUG    | Searching ORFs in sequence Contig131...
2026-05-27 07:43:09 | INFO     | Success: 3 ORFs found in Contig131.
2026-05-27 07:43:09 | DEBUG    | Searching ORFs in sequence Contig132...
2026-05-27 07:43:09 | INFO     | Success: 11 ORFs found in Contig132.
2026-05-27 07:43:09 | DEBUG    | Searching ORFs in sequence Contig133...
2026-05-27 07:43:09 | INFO     | Success: 4 ORFs found in Contig133.
2026-05-27 07:43:09 | DEBUG    | Searching ORFs in sequence Contig134...
2026-05-27 07:43:09 | INFO     | Success: 9 ORFs found in Contig134.
2026-05-27 07:43:09 | DEBUG    | Searching ORFs in sequence Contig135...
2026-05-27 07:43:09 | INFO     | Success: 6 ORFs found in Contig135.
2026-05-27 07:43:09 | DEBUG    | Searching ORFs in sequence Contig136...
2026-05-27 07:43:09 | INFO     | Success: 8 ORFs found in Contig136.
2026-05-27 07:43:09 | DEBUG    | Searching ORFs in sequence Contig137...
2026-05-27 07:43:09 | INFO     | Success: 6 ORFs found in Contig137.
2026-05-27 07:43:09 | DEBUG    | Searching ORFs in sequence Contig138...
2026-05-27 07:43:09 | INFO     | Success: 3 ORFs found in Contig138.
2026-05-27 07:43:09 | DEBUG    | Searching ORFs in sequence Contig139...
2026-05-27 07:43:09 | INFO     | Success: 4 ORFs found in Contig139.
2026-05-27 07:43:09 | DEBUG    | Searching ORFs in sequence Contig140...
2026-05-27 07:43:09 | INFO     | Success: 1 ORFs found in Contig140.
2026-05-27 07:43:09 | DEBUG    | Searching ORFs in sequence Contig141...
2026-05-27 07:43:09 | INFO     | Success: 19 ORFs found in Contig141.
2026-05-27 07:43:09 | DEBUG    | Searching ORFs in sequence Contig142...
2026-05-27 07:43:09 | INFO     | Success: 4 ORFs found in Contig142.
2026-05-27 07:43:09 | DEBUG    | Searching ORFs in sequence Contig143...
2026-05-27 07:43:09 | INFO     | Success: 6 ORFs found in Contig143.
2026-05-27 07:43:09 | DEBUG    | Searching ORFs in sequence Contig144...
2026-05-27 07:43:09 | INFO     | Success: 7 ORFs found in Contig144.
2026-05-27 07:43:09 | DEBUG    | Searching ORFs in sequence Contig145...
2026-05-27 07:43:09 | INFO     | Success: 2 ORFs found in Contig145.
2026-05-27 07:43:09 | DEBUG    | Searching ORFs in sequence Contig146...
2026-05-27 07:43:09 | INFO     | Success: 4 ORFs found in Contig146.
2026-05-27 07:43:09 | DEBUG    | Searching ORFs in sequence Contig147...
2026-05-27 07:43:09 | INFO     | Success: 11 ORFs found in Contig147.
2026-05-27 07:43:09 | DEBUG    | Searching ORFs in sequence Contig148...
2026-05-27 07:43:09 | INFO     | Success: 5 ORFs found in Contig148.
2026-05-27 07:43:09 | DEBUG    | Searching ORFs in sequence Contig149...
2026-05-27 07:43:09 | INFO     | Success: 2 ORFs found in Contig149.
2026-05-27 07:43:09 | DEBUG    | Searching ORFs in sequence Contig150...
2026-05-27 07:43:09 | INFO     | Success: 0 ORFs found in Contig150.
2026-05-27 07:43:09 | DEBUG    | Searching ORFs in sequence Contig151...
2026-05-27 07:43:09 | INFO     | Success: 4 ORFs found in Contig151.
2026-05-27 07:43:09 | DEBUG    | Searching ORFs in sequence Contig152...
2026-05-27 07:43:09 | INFO     | Success: 3 ORFs found in Contig152.
2026-05-27 07:43:09 | DEBUG    | Searching ORFs in sequence Contig153...
2026-05-27 07:43:09 | INFO     | Success: 4 ORFs found in Contig153.
2026-05-27 07:43:09 | DEBUG    | Searching ORFs in sequence Contig154...
2026-05-27 07:43:09 | INFO     | Success: 23 ORFs found in Contig154.
2026-05-27 07:43:09 | DEBUG    | Searching ORFs in sequence Contig155...
2026-05-27 07:43:09 | INFO     | Success: 21 ORFs found in Contig155.
2026-05-27 07:43:09 | DEBUG    | Searching ORFs in sequence Contig156...
2026-05-27 07:43:09 | INFO     | Success: 20 ORFs found in Contig156.
2026-05-27 07:43:09 | DEBUG    | Searching ORFs in sequence Contig157...
2026-05-27 07:43:09 | INFO     | Success: 8 ORFs found in Contig157.
2026-05-27 07:43:09 | DEBUG    | Searching ORFs in sequence Contig158...
2026-05-27 07:43:09 | INFO     | Success: 19 ORFs found in Contig158.
2026-05-27 07:43:09 | DEBUG    | Searching ORFs in sequence Contig159...
2026-05-27 07:43:09 | INFO     | Success: 21 ORFs found in Contig159.
2026-05-27 07:43:09 | DEBUG    | Searching ORFs in sequence Contig160...
2026-05-27 07:43:09 | INFO     | Success: 8 ORFs found in Contig160.
2026-05-27 07:43:09 | DEBUG    | Searching ORFs in sequence Contig161...
2026-05-27 07:43:09 | INFO     | Success: 2 ORFs found in Contig161.
2026-05-27 07:43:09 | DEBUG    | Searching ORFs in sequence Contig162...
2026-05-27 07:43:09 | INFO     | Success: 4 ORFs found in Contig162.
2026-05-27 07:43:09 | DEBUG    | Searching ORFs in sequence Contig163...
2026-05-27 07:43:09 | INFO     | Success: 7 ORFs found in Contig163.
2026-05-27 07:43:09 | DEBUG    | Searching ORFs in sequence Contig164...
2026-05-27 07:43:09 | INFO     | Success: 3 ORFs found in Contig164.
2026-05-27 07:43:09 | DEBUG    | Searching ORFs in sequence Contig165...
2026-05-27 07:43:09 | INFO     | Success: 11 ORFs found in Contig165.
2026-05-27 07:43:09 | DEBUG    | Searching ORFs in sequence Contig166...
2026-05-27 07:43:09 | INFO     | Success: 3 ORFs found in Contig166.
2026-05-27 07:43:09 | DEBUG    | Searching ORFs in sequence Contig167...
2026-05-27 07:43:09 | INFO     | Success: 5 ORFs found in Contig167.
2026-05-27 07:43:09 | DEBUG    | Searching ORFs in sequence Contig168...
2026-05-27 07:43:09 | INFO     | Success: 5 ORFs found in Contig168.
2026-05-27 07:43:09 | DEBUG    | Searching ORFs in sequence Contig169...
2026-05-27 07:43:09 | INFO     | Success: 4 ORFs found in Contig169.
2026-05-27 07:43:09 | DEBUG    | Searching ORFs in sequence Contig170...
2026-05-27 07:43:09 | INFO     | Success: 17 ORFs found in Contig170.
2026-05-27 07:43:09 | DEBUG    | Searching ORFs in sequence Contig171...
2026-05-27 07:43:09 | INFO     | Success: 11 ORFs found in Contig171.
2026-05-27 07:43:09 | DEBUG    | Searching ORFs in sequence Contig172...
2026-05-27 07:43:09 | INFO     | Success: 2 ORFs found in Contig172.
2026-05-27 07:43:09 | DEBUG    | Searching ORFs in sequence Contig173...
2026-05-27 07:43:09 | INFO     | Success: 3 ORFs found in Contig173.
2026-05-27 07:43:09 | DEBUG    | Searching ORFs in sequence Contig174...
2026-05-27 07:43:09 | INFO     | Success: 12 ORFs found in Contig174.
2026-05-27 07:43:09 | DEBUG    | Searching ORFs in sequence Contig175...
2026-05-27 07:43:09 | INFO     | Success: 4 ORFs found in Contig175.
2026-05-27 07:43:09 | DEBUG    | Searching ORFs in sequence Contig176...
2026-05-27 07:43:09 | INFO     | Success: 2 ORFs found in Contig176.
2026-05-27 07:43:09 | DEBUG    | Searching ORFs in sequence Contig177...
2026-05-27 07:43:09 | INFO     | Success: 9 ORFs found in Contig177.
2026-05-27 07:43:09 | DEBUG    | Searching ORFs in sequence Contig178...
2026-05-27 07:43:09 | INFO     | Success: 16 ORFs found in Contig178.
2026-05-27 07:43:09 | DEBUG    | Searching ORFs in sequence Contig179...
2026-05-27 07:43:09 | INFO     | Success: 1 ORFs found in Contig179.
2026-05-27 07:43:09 | DEBUG    | Searching ORFs in sequence Contig180...
2026-05-27 07:43:09 | INFO     | Success: 4 ORFs found in Contig180.
2026-05-27 07:43:09 | DEBUG    | Searching ORFs in sequence Contig181...
2026-05-27 07:43:09 | INFO     | Success: 0 ORFs found in Contig181.
2026-05-27 07:43:09 | DEBUG    | Searching ORFs in sequence Contig182...
2026-05-27 07:43:09 | INFO     | Success: 22 ORFs found in Contig182.
2026-05-27 07:43:09 | DEBUG    | Searching ORFs in sequence Contig183...
2026-05-27 07:43:09 | INFO     | Success: 5 ORFs found in Contig183.
2026-05-27 07:43:09 | DEBUG    | Searching ORFs in sequence Contig184...
2026-05-27 07:43:09 | INFO     | Success: 4 ORFs found in Contig184.
2026-05-27 07:43:09 | DEBUG    | Searching ORFs in sequence Contig185...
2026-05-27 07:43:09 | INFO     | Success: 2 ORFs found in Contig185.
2026-05-27 07:43:09 | DEBUG    | Searching ORFs in sequence Contig186...
2026-05-27 07:43:09 | INFO     | Success: 8 ORFs found in Contig186.
2026-05-27 07:43:09 | DEBUG    | Searching ORFs in sequence Contig187...
2026-05-27 07:43:09 | INFO     | Success: 3 ORFs found in Contig187.
2026-05-27 07:43:09 | DEBUG    | Searching ORFs in sequence Contig188...
2026-05-27 07:43:09 | INFO     | Success: 8 ORFs found in Contig188.
2026-05-27 07:43:09 | DEBUG    | Searching ORFs in sequence Contig189...
2026-05-27 07:43:09 | INFO     | Success: 3 ORFs found in Contig189.
2026-05-27 07:43:09 | DEBUG    | Searching ORFs in sequence Contig190...
2026-05-27 07:43:09 | INFO     | Success: 3 ORFs found in Contig190.
2026-05-27 07:43:09 | DEBUG    | Searching ORFs in sequence Contig191...
2026-05-27 07:43:09 | INFO     | Success: 6 ORFs found in Contig191.
2026-05-27 07:43:09 | DEBUG    | Searching ORFs in sequence Contig192...
2026-05-27 07:43:09 | INFO     | Success: 1 ORFs found in Contig192.
2026-05-27 07:43:09 | DEBUG    | Searching ORFs in sequence Contig193...
2026-05-27 07:43:09 | INFO     | Success: 7 ORFs found in Contig193.
2026-05-27 07:43:09 | DEBUG    | Searching ORFs in sequence Contig194...
2026-05-27 07:43:09 | INFO     | Success: 1 ORFs found in Contig194.
2026-05-27 07:43:09 | DEBUG    | Searching ORFs in sequence Contig195...
2026-05-27 07:43:09 | INFO     | Success: 4 ORFs found in Contig195.
2026-05-27 07:43:09 | DEBUG    | Searching ORFs in sequence Contig196...
2026-05-27 07:43:09 | INFO     | Success: 4 ORFs found in Contig196.
2026-05-27 07:43:09 | DEBUG    | Searching ORFs in sequence Contig197...
2026-05-27 07:43:09 | INFO     | Success: 9 ORFs found in Contig197.
2026-05-27 07:43:09 | DEBUG    | Searching ORFs in sequence Contig198...
2026-05-27 07:43:09 | INFO     | Success: 1 ORFs found in Contig198.
2026-05-27 07:43:09 | DEBUG    | Searching ORFs in sequence Contig199...
2026-05-27 07:43:09 | INFO     | Success: 5 ORFs found in Contig199.
2026-05-27 07:43:09 | DEBUG    | Searching ORFs in sequence Contig200...
2026-05-27 07:43:09 | INFO     | Success: 8 ORFs found in Contig200.
2026-05-27 07:43:09 | DEBUG    | Searching ORFs in sequence Contig201...
2026-05-27 07:43:09 | INFO     | Success: 9 ORFs found in Contig201.
2026-05-27 07:43:09 | DEBUG    | Searching ORFs in sequence Contig202...
2026-05-27 07:43:09 | INFO     | Success: 3 ORFs found in Contig202.
2026-05-27 07:43:09 | DEBUG    | Searching ORFs in sequence Contig203...
2026-05-27 07:43:09 | INFO     | Success: 3 ORFs found in Contig203.
2026-05-27 07:43:09 | DEBUG    | Searching ORFs in sequence Contig204...
2026-05-27 07:43:09 | INFO     | Success: 2 ORFs found in Contig204.
2026-05-27 07:43:09 | DEBUG    | Searching ORFs in sequence Contig205...
2026-05-27 07:43:09 | INFO     | Success: 4 ORFs found in Contig205.
2026-05-27 07:43:09 | DEBUG    | Searching ORFs in sequence Contig206...
2026-05-27 07:43:09 | INFO     | Success: 4 ORFs found in Contig206.
2026-05-27 07:43:09 | DEBUG    | Searching ORFs in sequence Contig207...
2026-05-27 07:43:09 | INFO     | Success: 8 ORFs found in Contig207.
2026-05-27 07:43:09 | DEBUG    | Searching ORFs in sequence Contig208...
2026-05-27 07:43:09 | INFO     | Success: 6 ORFs found in Contig208.
2026-05-27 07:43:09 | DEBUG    | Searching ORFs in sequence Contig209...
2026-05-27 07:43:09 | INFO     | Success: 0 ORFs found in Contig209.
2026-05-27 07:43:09 | DEBUG    | Searching ORFs in sequence Contig210...
2026-05-27 07:43:09 | INFO     | Success: 9 ORFs found in Contig210.
2026-05-27 07:43:09 | DEBUG    | Searching ORFs in sequence Contig211...
2026-05-27 07:43:09 | INFO     | Success: 1 ORFs found in Contig211.
2026-05-27 07:43:09 | DEBUG    | Searching ORFs in sequence Contig212...
2026-05-27 07:43:09 | INFO     | Success: 5 ORFs found in Contig212.
2026-05-27 07:43:09 | DEBUG    | Searching ORFs in sequence Contig213...
2026-05-27 07:43:09 | INFO     | Success: 2 ORFs found in Contig213.
2026-05-27 07:43:09 | DEBUG    | Searching ORFs in sequence Contig214...
2026-05-27 07:43:09 | INFO     | Success: 2 ORFs found in Contig214.
2026-05-27 07:43:09 | DEBUG    | Searching ORFs in sequence Contig215...
2026-05-27 07:43:09 | INFO     | Success: 11 ORFs found in Contig215.
2026-05-27 07:43:09 | DEBUG    | Searching ORFs in sequence Contig216...
2026-05-27 07:43:09 | INFO     | Success: 9 ORFs found in Contig216.
2026-05-27 07:43:09 | DEBUG    | Searching ORFs in sequence Contig217...
2026-05-27 07:43:09 | INFO     | Success: 7 ORFs found in Contig217.
2026-05-27 07:43:09 | DEBUG    | Searching ORFs in sequence Contig218...
2026-05-27 07:43:09 | INFO     | Success: 7 ORFs found in Contig218.
2026-05-27 07:43:09 | DEBUG    | Searching ORFs in sequence Contig219...
2026-05-27 07:43:09 | INFO     | Success: 8 ORFs found in Contig219.
2026-05-27 07:43:09 | DEBUG    | Searching ORFs in sequence Contig220...
2026-05-27 07:43:09 | INFO     | Success: 7 ORFs found in Contig220.
2026-05-27 07:43:09 | DEBUG    | Searching ORFs in sequence Contig221...
2026-05-27 07:43:09 | INFO     | Success: 4 ORFs found in Contig221.
2026-05-27 07:43:09 | DEBUG    | Searching ORFs in sequence Contig222...
2026-05-27 07:43:09 | INFO     | Success: 2 ORFs found in Contig222.
2026-05-27 07:43:09 | DEBUG    | Searching ORFs in sequence Contig223...
2026-05-27 07:43:09 | INFO     | Success: 3 ORFs found in Contig223.
2026-05-27 07:43:09 | DEBUG    | Searching ORFs in sequence Contig224...
2026-05-27 07:43:09 | INFO     | Success: 3 ORFs found in Contig224.
2026-05-27 07:43:09 | DEBUG    | Searching ORFs in sequence Contig225...
2026-05-27 07:43:09 | INFO     | Success: 4 ORFs found in Contig225.
2026-05-27 07:43:09 | DEBUG    | Searching ORFs in sequence Contig226...
2026-05-27 07:43:09 | INFO     | Success: 16 ORFs found in Contig226.
2026-05-27 07:43:09 | DEBUG    | Searching ORFs in sequence Contig227...
2026-05-27 07:43:09 | INFO     | Success: 15 ORFs found in Contig227.
2026-05-27 07:43:09 | DEBUG    | Searching ORFs in sequence Contig228...
2026-05-27 07:43:09 | INFO     | Success: 14 ORFs found in Contig228.
2026-05-27 07:43:09 | DEBUG    | Searching ORFs in sequence Contig229...
2026-05-27 07:43:09 | INFO     | Success: 8 ORFs found in Contig229.
2026-05-27 07:43:09 | DEBUG    | Searching ORFs in sequence Contig230...
2026-05-27 07:43:09 | INFO     | Success: 8 ORFs found in Contig230.
2026-05-27 07:43:09 | DEBUG    | Searching ORFs in sequence Contig231...
2026-05-27 07:43:09 | INFO     | Success: 3 ORFs found in Contig231.
2026-05-27 07:43:09 | DEBUG    | Searching ORFs in sequence Contig232...
2026-05-27 07:43:09 | INFO     | Success: 1 ORFs found in Contig232.
2026-05-27 07:43:09 | DEBUG    | Searching ORFs in sequence Contig233...
2026-05-27 07:43:09 | INFO     | Success: 5 ORFs found in Contig233.
2026-05-27 07:43:09 | DEBUG    | Searching ORFs in sequence Contig234...
2026-05-27 07:43:09 | INFO     | Success: 27 ORFs found in Contig234.
2026-05-27 07:43:09 | DEBUG    | Searching ORFs in sequence Contig235...
2026-05-27 07:43:09 | INFO     | Success: 43 ORFs found in Contig235.
2026-05-27 07:43:09 | DEBUG    | Searching ORFs in sequence Contig236...
2026-05-27 07:43:09 | INFO     | Success: 7 ORFs found in Contig236.
2026-05-27 07:43:09 | DEBUG    | Searching ORFs in sequence Contig237...
2026-05-27 07:43:09 | INFO     | Success: 19 ORFs found in Contig237.
2026-05-27 07:43:09 | DEBUG    | Searching ORFs in sequence Contig238...
2026-05-27 07:43:09 | INFO     | Success: 3 ORFs found in Contig238.
2026-05-27 07:43:09 | DEBUG    | Searching ORFs in sequence Contig239...
2026-05-27 07:43:09 | INFO     | Success: 4 ORFs found in Contig239.
2026-05-27 07:43:09 | DEBUG    | Searching ORFs in sequence Contig240...
2026-05-27 07:43:09 | INFO     | Success: 30 ORFs found in Contig240.
2026-05-27 07:43:09 | DEBUG    | Searching ORFs in sequence Contig241...
2026-05-27 07:43:09 | INFO     | Success: 6 ORFs found in Contig241.
2026-05-27 07:43:09 | DEBUG    | Searching ORFs in sequence Contig242...
2026-05-27 07:43:09 | INFO     | Success: 4 ORFs found in Contig242.
2026-05-27 07:43:09 | DEBUG    | Searching ORFs in sequence Contig243...
2026-05-27 07:43:09 | INFO     | Success: 8 ORFs found in Contig243.
2026-05-27 07:43:09 | DEBUG    | Searching ORFs in sequence Contig244...
2026-05-27 07:43:09 | INFO     | Success: 8 ORFs found in Contig244.
2026-05-27 07:43:09 | DEBUG    | Searching ORFs in sequence Contig245...
2026-05-27 07:43:09 | INFO     | Success: 7 ORFs found in Contig245.
2026-05-27 07:43:09 | DEBUG    | Searching ORFs in sequence Contig246...
2026-05-27 07:43:09 | INFO     | Success: 9 ORFs found in Contig246.
2026-05-27 07:43:09 | DEBUG    | Searching ORFs in sequence Contig247...
2026-05-27 07:43:09 | INFO     | Success: 10 ORFs found in Contig247.
2026-05-27 07:43:09 | DEBUG    | Searching ORFs in sequence Contig248...
2026-05-27 07:43:09 | INFO     | Success: 1 ORFs found in Contig248.
2026-05-27 07:43:09 | DEBUG    | Searching ORFs in sequence Contig249...
2026-05-27 07:43:09 | INFO     | Success: 12 ORFs found in Contig249.
2026-05-27 07:43:09 | DEBUG    | Searching ORFs in sequence Contig250...
2026-05-27 07:43:09 | INFO     | Success: 4 ORFs found in Contig250.
2026-05-27 07:43:09 | DEBUG    | Searching ORFs in sequence Contig251...
2026-05-27 07:43:09 | INFO     | Success: 2 ORFs found in Contig251.
2026-05-27 07:43:09 | DEBUG    | Searching ORFs in sequence Contig252...
2026-05-27 07:43:09 | INFO     | Success: 28 ORFs found in Contig252.
2026-05-27 07:43:09 | DEBUG    | Searching ORFs in sequence Contig253...
2026-05-27 07:43:09 | INFO     | Success: 80 ORFs found in Contig253.
2026-05-27 07:43:09 | DEBUG    | Searching ORFs in sequence Contig254...
2026-05-27 07:43:09 | INFO     | Success: 14 ORFs found in Contig254.
2026-05-27 07:43:09 | DEBUG    | Searching ORFs in sequence Contig255...
2026-05-27 07:43:09 | INFO     | Success: 7 ORFs found in Contig255.
2026-05-27 07:43:09 | DEBUG    | Searching ORFs in sequence Contig256...
2026-05-27 07:43:09 | INFO     | Success: 6 ORFs found in Contig256.
2026-05-27 07:43:09 | DEBUG    | Searching ORFs in sequence Contig257...
2026-05-27 07:43:09 | INFO     | Success: 11 ORFs found in Contig257.
2026-05-27 07:43:09 | DEBUG    | Searching ORFs in sequence Contig258...
2026-05-27 07:43:09 | INFO     | Success: 23 ORFs found in Contig258.
2026-05-27 07:43:09 | DEBUG    | Searching ORFs in sequence Contig259...
2026-05-27 07:43:09 | INFO     | Success: 8 ORFs found in Contig259.
2026-05-27 07:43:09 | DEBUG    | Searching ORFs in sequence Contig260...
2026-05-27 07:43:09 | INFO     | Success: 5 ORFs found in Contig260.
2026-05-27 07:43:09 | DEBUG    | Searching ORFs in sequence Contig261...
2026-05-27 07:43:09 | INFO     | Success: 5 ORFs found in Contig261.
2026-05-27 07:43:09 | DEBUG    | Searching ORFs in sequence Contig262...
2026-05-27 07:43:09 | INFO     | Success: 4 ORFs found in Contig262.
2026-05-27 07:43:09 | DEBUG    | Searching ORFs in sequence Contig263...
2026-05-27 07:43:09 | INFO     | Success: 15 ORFs found in Contig263.
2026-05-27 07:43:09 | DEBUG    | Searching ORFs in sequence Contig264...
2026-05-27 07:43:09 | INFO     | Success: 10 ORFs found in Contig264.
2026-05-27 07:43:09 | DEBUG    | Searching ORFs in sequence Contig265...
2026-05-27 07:43:09 | INFO     | Success: 12 ORFs found in Contig265.
2026-05-27 07:43:09 | DEBUG    | Searching ORFs in sequence Contig266...
2026-05-27 07:43:09 | INFO     | Success: 28 ORFs found in Contig266.
2026-05-27 07:43:09 | DEBUG    | Searching ORFs in sequence Contig267...
2026-05-27 07:43:09 | INFO     | Success: 7 ORFs found in Contig267.
2026-05-27 07:43:09 | DEBUG    | Searching ORFs in sequence Contig268...
2026-05-27 07:43:09 | INFO     | Success: 18 ORFs found in Contig268.
2026-05-27 07:43:09 | DEBUG    | Searching ORFs in sequence Contig269...
2026-05-27 07:43:09 | INFO     | Success: 13 ORFs found in Contig269.
2026-05-27 07:43:09 | DEBUG    | Searching ORFs in sequence Contig270...
2026-05-27 07:43:09 | INFO     | Success: 6 ORFs found in Contig270.
2026-05-27 07:43:09 | DEBUG    | Searching ORFs in sequence Contig271...
2026-05-27 07:43:09 | INFO     | Success: 4 ORFs found in Contig271.
2026-05-27 07:43:09 | DEBUG    | Searching ORFs in sequence Contig272...
2026-05-27 07:43:09 | INFO     | Success: 2 ORFs found in Contig272.
2026-05-27 07:43:09 | DEBUG    | Searching ORFs in sequence Contig273...
2026-05-27 07:43:09 | INFO     | Success: 1 ORFs found in Contig273.
2026-05-27 07:43:09 | DEBUG    | Searching ORFs in sequence Contig274...
2026-05-27 07:43:09 | INFO     | Success: 26 ORFs found in Contig274.
2026-05-27 07:43:09 | DEBUG    | Searching ORFs in sequence Contig275...
2026-05-27 07:43:09 | INFO     | Success: 3 ORFs found in Contig275.
2026-05-27 07:43:09 | DEBUG    | Searching ORFs in sequence Contig276...
2026-05-27 07:43:09 | INFO     | Success: 18 ORFs found in Contig276.
2026-05-27 07:43:09 | DEBUG    | Searching ORFs in sequence Contig277...
2026-05-27 07:43:09 | INFO     | Success: 5 ORFs found in Contig277.
2026-05-27 07:43:09 | DEBUG    | Searching ORFs in sequence Contig278...
2026-05-27 07:43:09 | INFO     | Success: 10 ORFs found in Contig278.
2026-05-27 07:43:09 | DEBUG    | Searching ORFs in sequence Contig279...
2026-05-27 07:43:09 | INFO     | Success: 6 ORFs found in Contig279.
2026-05-27 07:43:09 | DEBUG    | Searching ORFs in sequence Contig280...
2026-05-27 07:43:09 | INFO     | Success: 3 ORFs found in Contig280.
2026-05-27 07:43:09 | DEBUG    | Searching ORFs in sequence Contig281...
2026-05-27 07:43:09 | INFO     | Success: 5 ORFs found in Contig281.
2026-05-27 07:43:09 | DEBUG    | Searching ORFs in sequence Contig282...
2026-05-27 07:43:09 | INFO     | Success: 15 ORFs found in Contig282.
2026-05-27 07:43:09 | DEBUG    | Searching ORFs in sequence Contig283...
2026-05-27 07:43:09 | INFO     | Success: 7 ORFs found in Contig283.
2026-05-27 07:43:09 | DEBUG    | Searching ORFs in sequence Contig284...
2026-05-27 07:43:09 | INFO     | Success: 5 ORFs found in Contig284.
2026-05-27 07:43:09 | DEBUG    | Searching ORFs in sequence Contig285...
2026-05-27 07:43:09 | INFO     | Success: 5 ORFs found in Contig285.
2026-05-27 07:43:09 | DEBUG    | Searching ORFs in sequence Contig286...
2026-05-27 07:43:09 | INFO     | Success: 15 ORFs found in Contig286.
2026-05-27 07:43:09 | DEBUG    | Searching ORFs in sequence Contig287...
2026-05-27 07:43:09 | INFO     | Success: 7 ORFs found in Contig287.
2026-05-27 07:43:09 | DEBUG    | Searching ORFs in sequence Contig288...
2026-05-27 07:43:09 | INFO     | Success: 31 ORFs found in Contig288.
2026-05-27 07:43:09 | DEBUG    | Searching ORFs in sequence Contig289...
2026-05-27 07:43:09 | INFO     | Success: 28 ORFs found in Contig289.
2026-05-27 07:43:09 | DEBUG    | Searching ORFs in sequence Contig290...
2026-05-27 07:43:09 | INFO     | Success: 27 ORFs found in Contig290.
2026-05-27 07:43:09 | DEBUG    | Searching ORFs in sequence Contig291...
2026-05-27 07:43:09 | INFO     | Success: 28 ORFs found in Contig291.
2026-05-27 07:43:09 | DEBUG    | Searching ORFs in sequence Contig292...
2026-05-27 07:43:09 | INFO     | Success: 0 ORFs found in Contig292.
2026-05-27 07:43:09 | DEBUG    | Searching ORFs in sequence Contig293...
2026-05-27 07:43:09 | INFO     | Success: 12 ORFs found in Contig293.
2026-05-27 07:43:09 | DEBUG    | Searching ORFs in sequence Contig294...
2026-05-27 07:43:09 | INFO     | Success: 7 ORFs found in Contig294.
2026-05-27 07:43:09 | DEBUG    | Searching ORFs in sequence Contig295...
2026-05-27 07:43:09 | INFO     | Success: 15 ORFs found in Contig295.
2026-05-27 07:43:09 | DEBUG    | Searching ORFs in sequence Contig296...
2026-05-27 07:43:09 | INFO     | Success: 18 ORFs found in Contig296.
2026-05-27 07:43:09 | DEBUG    | Searching ORFs in sequence Contig297...
2026-05-27 07:43:09 | INFO     | Success: 1 ORFs found in Contig297.
2026-05-27 07:43:09 | DEBUG    | Searching ORFs in sequence Contig298...
2026-05-27 07:43:09 | INFO     | Success: 1 ORFs found in Contig298.
2026-05-27 07:43:09 | DEBUG    | Searching ORFs in sequence Contig299...
2026-05-27 07:43:09 | INFO     | Success: 0 ORFs found in Contig299.
2026-05-27 07:43:09 | DEBUG    | Searching ORFs in sequence Contig300...
2026-05-27 07:43:09 | INFO     | Success: 3 ORFs found in Contig300.
2026-05-27 07:43:09 | DEBUG    | Searching ORFs in sequence Contig301...
2026-05-27 07:43:09 | INFO     | Success: 11 ORFs found in Contig301.
2026-05-27 07:43:09 | DEBUG    | Searching ORFs in sequence Contig302...
2026-05-27 07:43:09 | INFO     | Success: 9 ORFs found in Contig302.
2026-05-27 07:43:09 | DEBUG    | Searching ORFs in sequence Contig303...
2026-05-27 07:43:09 | INFO     | Success: 19 ORFs found in Contig303.
2026-05-27 07:43:09 | DEBUG    | Searching ORFs in sequence Contig304...
2026-05-27 07:43:09 | INFO     | Success: 10 ORFs found in Contig304.
2026-05-27 07:43:09 | DEBUG    | Searching ORFs in sequence Contig305...
2026-05-27 07:43:09 | INFO     | Success: 8 ORFs found in Contig305.
2026-05-27 07:43:09 | DEBUG    | Searching ORFs in sequence Contig306...
2026-05-27 07:43:09 | INFO     | Success: 3 ORFs found in Contig306.
2026-05-27 07:43:09 | DEBUG    | Searching ORFs in sequence Contig307...
2026-05-27 07:43:09 | INFO     | Success: 3 ORFs found in Contig307.
2026-05-27 07:43:09 | DEBUG    | Searching ORFs in sequence Contig308...
2026-05-27 07:43:09 | INFO     | Success: 0 ORFs found in Contig308.
2026-05-27 07:43:09 | DEBUG    | Searching ORFs in sequence Contig309...
2026-05-27 07:43:09 | INFO     | Success: 5 ORFs found in Contig309.
2026-05-27 07:43:09 | DEBUG    | Searching ORFs in sequence Contig310...
2026-05-27 07:43:09 | INFO     | Success: 9 ORFs found in Contig310.
2026-05-27 07:43:09 | DEBUG    | Searching ORFs in sequence Contig311...
2026-05-27 07:43:09 | INFO     | Success: 2 ORFs found in Contig311.
2026-05-27 07:43:09 | DEBUG    | Searching ORFs in sequence Contig312...
2026-05-27 07:43:09 | INFO     | Success: 5 ORFs found in Contig312.
2026-05-27 07:43:09 | DEBUG    | Searching ORFs in sequence Contig313...
2026-05-27 07:43:09 | INFO     | Success: 4 ORFs found in Contig313.
2026-05-27 07:43:09 | DEBUG    | Searching ORFs in sequence Contig314...
2026-05-27 07:43:09 | INFO     | Success: 3 ORFs found in Contig314.
2026-05-27 07:43:09 | DEBUG    | Searching ORFs in sequence Contig315...
2026-05-27 07:43:09 | INFO     | Success: 8 ORFs found in Contig315.
2026-05-27 07:43:09 | DEBUG    | Searching ORFs in sequence Contig316...
2026-05-27 07:43:09 | INFO     | Success: 2 ORFs found in Contig316.
2026-05-27 07:43:09 | DEBUG    | Searching ORFs in sequence Contig317...
2026-05-27 07:43:09 | INFO     | Success: 12 ORFs found in Contig317.
2026-05-27 07:43:09 | DEBUG    | Searching ORFs in sequence Contig318...
2026-05-27 07:43:09 | INFO     | Success: 10 ORFs found in Contig318.
2026-05-27 07:43:09 | DEBUG    | Searching ORFs in sequence Contig319...
2026-05-27 07:43:09 | INFO     | Success: 9 ORFs found in Contig319.
2026-05-27 07:43:09 | DEBUG    | Searching ORFs in sequence Contig320...
2026-05-27 07:43:09 | INFO     | Success: 11 ORFs found in Contig320.
2026-05-27 07:43:09 | DEBUG    | Searching ORFs in sequence Contig321...
2026-05-27 07:43:09 | INFO     | Success: 6 ORFs found in Contig321.
2026-05-27 07:43:09 | DEBUG    | Searching ORFs in sequence Contig322...
2026-05-27 07:43:09 | INFO     | Success: 8 ORFs found in Contig322.
2026-05-27 07:43:09 | DEBUG    | Searching ORFs in sequence Contig323...
2026-05-27 07:43:09 | INFO     | Success: 4 ORFs found in Contig323.
2026-05-27 07:43:09 | DEBUG    | Searching ORFs in sequence Contig324...
2026-05-27 07:43:09 | INFO     | Success: 7 ORFs found in Contig324.
2026-05-27 07:43:09 | DEBUG    | Searching ORFs in sequence Contig325...
2026-05-27 07:43:09 | INFO     | Success: 7 ORFs found in Contig325.
2026-05-27 07:43:09 | DEBUG    | Searching ORFs in sequence Contig326...
2026-05-27 07:43:09 | INFO     | Success: 1 ORFs found in Contig326.
2026-05-27 07:43:09 | DEBUG    | Searching ORFs in sequence Contig327...
2026-05-27 07:43:09 | INFO     | Success: 4 ORFs found in Contig327.
2026-05-27 07:43:09 | DEBUG    | Searching ORFs in sequence Contig328...
2026-05-27 07:43:09 | INFO     | Success: 12 ORFs found in Contig328.
2026-05-27 07:43:09 | DEBUG    | Searching ORFs in sequence Contig329...
2026-05-27 07:43:09 | INFO     | Success: 7 ORFs found in Contig329.
2026-05-27 07:43:09 | DEBUG    | Searching ORFs in sequence Contig330...
2026-05-27 07:43:09 | INFO     | Success: 8 ORFs found in Contig330.
2026-05-27 07:43:09 | DEBUG    | Searching ORFs in sequence Contig331...
2026-05-27 07:43:09 | INFO     | Success: 7 ORFs found in Contig331.
2026-05-27 07:43:09 | DEBUG    | Searching ORFs in sequence Contig332...
2026-05-27 07:43:09 | INFO     | Success: 1 ORFs found in Contig332.
2026-05-27 07:43:09 | DEBUG    | Searching ORFs in sequence Contig333...
2026-05-27 07:43:09 | INFO     | Success: 4 ORFs found in Contig333.
2026-05-27 07:43:09 | DEBUG    | Searching ORFs in sequence Contig334...
2026-05-27 07:43:09 | INFO     | Success: 7 ORFs found in Contig334.
2026-05-27 07:43:09 | DEBUG    | Searching ORFs in sequence Contig335...
2026-05-27 07:43:09 | INFO     | Success: 7 ORFs found in Contig335.
2026-05-27 07:43:09 | DEBUG    | Searching ORFs in sequence Contig336...
2026-05-27 07:43:09 | INFO     | Success: 11 ORFs found in Contig336.
2026-05-27 07:43:09 | DEBUG    | Searching ORFs in sequence Contig337...
2026-05-27 07:43:09 | INFO     | Success: 5 ORFs found in Contig337.
2026-05-27 07:43:09 | DEBUG    | Searching ORFs in sequence Contig338...
2026-05-27 07:43:09 | INFO     | Success: 1 ORFs found in Contig338.
2026-05-27 07:43:09 | DEBUG    | Searching ORFs in sequence Contig339...
2026-05-27 07:43:09 | INFO     | Success: 0 ORFs found in Contig339.
2026-05-27 07:43:09 | DEBUG    | Searching ORFs in sequence Contig340...
2026-05-27 07:43:09 | INFO     | Success: 14 ORFs found in Contig340.
2026-05-27 07:43:09 | DEBUG    | Searching ORFs in sequence Contig341...
2026-05-27 07:43:09 | INFO     | Success: 28 ORFs found in Contig341.
2026-05-27 07:43:09 | DEBUG    | Searching ORFs in sequence Contig342...
2026-05-27 07:43:09 | INFO     | Success: 30 ORFs found in Contig342.
2026-05-27 07:43:09 | DEBUG    | Searching ORFs in sequence Contig343...
2026-05-27 07:43:09 | INFO     | Success: 7 ORFs found in Contig343.
2026-05-27 07:43:09 | DEBUG    | Searching ORFs in sequence Contig344...
2026-05-27 07:43:09 | INFO     | Success: 12 ORFs found in Contig344.
2026-05-27 07:43:09 | DEBUG    | Searching ORFs in sequence Contig345...
2026-05-27 07:43:09 | INFO     | Success: 1 ORFs found in Contig345.
2026-05-27 07:43:09 | DEBUG    | Searching ORFs in sequence Contig346...
2026-05-27 07:43:09 | INFO     | Success: 20 ORFs found in Contig346.
2026-05-27 07:43:09 | DEBUG    | Searching ORFs in sequence Contig347...
2026-05-27 07:43:09 | INFO     | Success: 9 ORFs found in Contig347.
2026-05-27 07:43:09 | DEBUG    | Searching ORFs in sequence Contig348...
2026-05-27 07:43:09 | INFO     | Success: 3 ORFs found in Contig348.
2026-05-27 07:43:09 | DEBUG    | Searching ORFs in sequence Contig349...
2026-05-27 07:43:09 | INFO     | Success: 2 ORFs found in Contig349.
2026-05-27 07:43:09 | DEBUG    | Searching ORFs in sequence Contig350...
2026-05-27 07:43:09 | INFO     | Success: 7 ORFs found in Contig350.
2026-05-27 07:43:09 | DEBUG    | Searching ORFs in sequence Contig351...
2026-05-27 07:43:09 | INFO     | Success: 5 ORFs found in Contig351.
2026-05-27 07:43:09 | DEBUG    | Searching ORFs in sequence Contig352...
2026-05-27 07:43:09 | INFO     | Success: 2 ORFs found in Contig352.
2026-05-27 07:43:09 | DEBUG    | Searching ORFs in sequence Contig353...
2026-05-27 07:43:09 | INFO     | Success: 3 ORFs found in Contig353.
2026-05-27 07:43:09 | DEBUG    | Searching ORFs in sequence Contig354...
2026-05-27 07:43:09 | INFO     | Success: 16 ORFs found in Contig354.
2026-05-27 07:43:09 | DEBUG    | Searching ORFs in sequence Contig355...
2026-05-27 07:43:09 | INFO     | Success: 11 ORFs found in Contig355.
2026-05-27 07:43:09 | DEBUG    | Searching ORFs in sequence Contig356...
2026-05-27 07:43:09 | INFO     | Success: 5 ORFs found in Contig356.
2026-05-27 07:43:09 | DEBUG    | Searching ORFs in sequence Contig357...
2026-05-27 07:43:09 | INFO     | Success: 2 ORFs found in Contig357.
2026-05-27 07:43:09 | DEBUG    | Searching ORFs in sequence Contig358...
2026-05-27 07:43:09 | INFO     | Success: 3 ORFs found in Contig358.
2026-05-27 07:43:09 | DEBUG    | Searching ORFs in sequence Contig359...
2026-05-27 07:43:09 | INFO     | Success: 4 ORFs found in Contig359.
2026-05-27 07:43:09 | DEBUG    | Searching ORFs in sequence Contig360...
2026-05-27 07:43:09 | INFO     | Success: 5 ORFs found in Contig360.
2026-05-27 07:43:09 | DEBUG    | Searching ORFs in sequence Contig361...
2026-05-27 07:43:09 | INFO     | Success: 2 ORFs found in Contig361.
2026-05-27 07:43:09 | DEBUG    | Searching ORFs in sequence Contig362...
2026-05-27 07:43:09 | INFO     | Success: 6 ORFs found in Contig362.
2026-05-27 07:43:09 | DEBUG    | Searching ORFs in sequence Contig363...
2026-05-27 07:43:09 | INFO     | Success: 7 ORFs found in Contig363.
2026-05-27 07:43:09 | DEBUG    | Searching ORFs in sequence Contig364...
2026-05-27 07:43:09 | INFO     | Success: 2 ORFs found in Contig364.
2026-05-27 07:43:09 | DEBUG    | Searching ORFs in sequence Contig365...
2026-05-27 07:43:09 | INFO     | Success: 1 ORFs found in Contig365.
2026-05-27 07:43:09 | DEBUG    | Searching ORFs in sequence Contig366...
2026-05-27 07:43:09 | INFO     | Success: 9 ORFs found in Contig366.
2026-05-27 07:43:09 | DEBUG    | Searching ORFs in sequence Contig367...
2026-05-27 07:43:09 | INFO     | Success: 8 ORFs found in Contig367.
2026-05-27 07:43:09 | DEBUG    | Searching ORFs in sequence Contig368...
2026-05-27 07:43:09 | INFO     | Success: 12 ORFs found in Contig368.
2026-05-27 07:43:09 | DEBUG    | Searching ORFs in sequence Contig369...
2026-05-27 07:43:09 | INFO     | Success: 2 ORFs found in Contig369.
2026-05-27 07:43:09 | DEBUG    | Searching ORFs in sequence Contig370...
2026-05-27 07:43:09 | INFO     | Success: 1 ORFs found in Contig370.
2026-05-27 07:43:09 | DEBUG    | Searching ORFs in sequence Contig371...
2026-05-27 07:43:09 | INFO     | Success: 2 ORFs found in Contig371.
2026-05-27 07:43:09 | DEBUG    | Searching ORFs in sequence Contig372...
2026-05-27 07:43:09 | INFO     | Success: 2 ORFs found in Contig372.
2026-05-27 07:43:09 | DEBUG    | Searching ORFs in sequence Contig373...
2026-05-27 07:43:10 | INFO     | Success: 7 ORFs found in Contig373.
2026-05-27 07:43:10 | DEBUG    | Searching ORFs in sequence Contig374...
2026-05-27 07:43:10 | INFO     | Success: 2 ORFs found in Contig374.
2026-05-27 07:43:10 | DEBUG    | Searching ORFs in sequence Contig375...
2026-05-27 07:43:10 | INFO     | Success: 4 ORFs found in Contig375.
2026-05-27 07:43:10 | DEBUG    | Searching ORFs in sequence Contig376...
2026-05-27 07:43:10 | INFO     | Success: 0 ORFs found in Contig376.
2026-05-27 07:43:10 | DEBUG    | Searching ORFs in sequence Contig377...
2026-05-27 07:43:10 | INFO     | Success: 5 ORFs found in Contig377.
2026-05-27 07:43:10 | DEBUG    | Searching ORFs in sequence Contig378...
2026-05-27 07:43:10 | INFO     | Success: 2 ORFs found in Contig378.
2026-05-27 07:43:10 | DEBUG    | Searching ORFs in sequence Contig379...
2026-05-27 07:43:10 | INFO     | Success: 1 ORFs found in Contig379.
2026-05-27 07:43:10 | DEBUG    | Searching ORFs in sequence Contig380...
2026-05-27 07:43:10 | INFO     | Success: 2 ORFs found in Contig380.
2026-05-27 07:43:10 | DEBUG    | Searching ORFs in sequence Contig381...
2026-05-27 07:43:10 | INFO     | Success: 12 ORFs found in Contig381.
2026-05-27 07:43:10 | DEBUG    | Searching ORFs in sequence Contig382...
2026-05-27 07:43:10 | INFO     | Success: 9 ORFs found in Contig382.
2026-05-27 07:43:10 | DEBUG    | Searching ORFs in sequence Contig383...
2026-05-27 07:43:10 | INFO     | Success: 12 ORFs found in Contig383.
2026-05-27 07:43:10 | DEBUG    | Searching ORFs in sequence Contig384...
2026-05-27 07:43:10 | INFO     | Success: 7 ORFs found in Contig384.
2026-05-27 07:43:10 | DEBUG    | Searching ORFs in sequence Contig385...
2026-05-27 07:43:10 | INFO     | Success: 54 ORFs found in Contig385.
2026-05-27 07:43:10 | DEBUG    | Searching ORFs in sequence Contig386...
2026-05-27 07:43:10 | INFO     | Success: 8 ORFs found in Contig386.
2026-05-27 07:43:10 | DEBUG    | Searching ORFs in sequence Contig387...
2026-05-27 07:43:10 | INFO     | Success: 2 ORFs found in Contig387.
2026-05-27 07:43:10 | DEBUG    | Searching ORFs in sequence Contig388...
2026-05-27 07:43:10 | INFO     | Success: 1 ORFs found in Contig388.
2026-05-27 07:43:10 | DEBUG    | Searching ORFs in sequence Contig389...
2026-05-27 07:43:10 | INFO     | Success: 1 ORFs found in Contig389.
2026-05-27 07:43:10 | DEBUG    | Searching ORFs in sequence Contig390...
2026-05-27 07:43:10 | INFO     | Success: 5 ORFs found in Contig390.
2026-05-27 07:43:10 | DEBUG    | Searching ORFs in sequence Contig391...
2026-05-27 07:43:10 | INFO     | Success: 11 ORFs found in Contig391.
2026-05-27 07:43:10 | DEBUG    | Searching ORFs in sequence Contig392...
2026-05-27 07:43:10 | INFO     | Success: 1 ORFs found in Contig392.
2026-05-27 07:43:10 | DEBUG    | Searching ORFs in sequence Contig393...
2026-05-27 07:43:10 | INFO     | Success: 7 ORFs found in Contig393.
2026-05-27 07:43:10 | DEBUG    | Searching ORFs in sequence Contig394...
2026-05-27 07:43:10 | INFO     | Success: 21 ORFs found in Contig394.
2026-05-27 07:43:10 | DEBUG    | Searching ORFs in sequence Contig395...
2026-05-27 07:43:10 | INFO     | Success: 11 ORFs found in Contig395.
2026-05-27 07:43:10 | DEBUG    | Searching ORFs in sequence Contig396...
2026-05-27 07:43:10 | INFO     | Success: 1 ORFs found in Contig396.
2026-05-27 07:43:10 | DEBUG    | Searching ORFs in sequence Contig397...
2026-05-27 07:43:10 | INFO     | Success: 3 ORFs found in Contig397.
2026-05-27 07:43:10 | DEBUG    | Searching ORFs in sequence Contig398...
2026-05-27 07:43:10 | INFO     | Success: 10 ORFs found in Contig398.
2026-05-27 07:43:10 | DEBUG    | Searching ORFs in sequence Contig399...
2026-05-27 07:43:10 | INFO     | Success: 5 ORFs found in Contig399.
2026-05-27 07:43:10 | DEBUG    | Searching ORFs in sequence Contig400...
2026-05-27 07:43:10 | INFO     | Success: 18 ORFs found in Contig400.
2026-05-27 07:43:10 | DEBUG    | Searching ORFs in sequence Contig401...
2026-05-27 07:43:10 | INFO     | Success: 24 ORFs found in Contig401.
2026-05-27 07:43:10 | DEBUG    | Searching ORFs in sequence Contig402...
2026-05-27 07:43:10 | INFO     | Success: 14 ORFs found in Contig402.
2026-05-27 07:43:10 | DEBUG    | Searching ORFs in sequence Contig403...
2026-05-27 07:43:10 | INFO     | Success: 2 ORFs found in Contig403.
2026-05-27 07:43:10 | DEBUG    | Searching ORFs in sequence Contig404...
2026-05-27 07:43:10 | INFO     | Success: 10 ORFs found in Contig404.
2026-05-27 07:43:10 | DEBUG    | Searching ORFs in sequence Contig405...
2026-05-27 07:43:10 | INFO     | Success: 27 ORFs found in Contig405.
2026-05-27 07:43:10 | DEBUG    | Searching ORFs in sequence Contig406...
2026-05-27 07:43:10 | INFO     | Success: 14 ORFs found in Contig406.
2026-05-27 07:43:10 | DEBUG    | Searching ORFs in sequence Contig407...
2026-05-27 07:43:10 | INFO     | Success: 14 ORFs found in Contig407.
2026-05-27 07:43:10 | DEBUG    | Searching ORFs in sequence Contig408...
2026-05-27 07:43:10 | INFO     | Success: 5 ORFs found in Contig408.
2026-05-27 07:43:10 | DEBUG    | Searching ORFs in sequence Contig409...
2026-05-27 07:43:10 | INFO     | Success: 8 ORFs found in Contig409.
2026-05-27 07:43:10 | DEBUG    | Searching ORFs in sequence Contig410...
2026-05-27 07:43:10 | INFO     | Success: 3 ORFs found in Contig410.
2026-05-27 07:43:10 | DEBUG    | Searching ORFs in sequence Contig411...
2026-05-27 07:43:10 | INFO     | Success: 1 ORFs found in Contig411.
2026-05-27 07:43:10 | DEBUG    | Searching ORFs in sequence Contig412...
2026-05-27 07:43:10 | INFO     | Success: 7 ORFs found in Contig412.
2026-05-27 07:43:10 | DEBUG    | Searching ORFs in sequence Contig413...
2026-05-27 07:43:10 | INFO     | Success: 3 ORFs found in Contig413.
2026-05-27 07:43:10 | DEBUG    | Searching ORFs in sequence Contig414...
2026-05-27 07:43:10 | INFO     | Success: 0 ORFs found in Contig414.
2026-05-27 07:43:10 | DEBUG    | Searching ORFs in sequence Contig415...
2026-05-27 07:43:10 | INFO     | Success: 4 ORFs found in Contig415.
2026-05-27 07:43:10 | DEBUG    | Searching ORFs in sequence Contig416...
2026-05-27 07:43:10 | INFO     | Success: 7 ORFs found in Contig416.
2026-05-27 07:43:10 | DEBUG    | Searching ORFs in sequence Contig417...
2026-05-27 07:43:10 | INFO     | Success: 10 ORFs found in Contig417.
2026-05-27 07:43:10 | DEBUG    | Searching ORFs in sequence Contig418...
2026-05-27 07:43:10 | INFO     | Success: 10 ORFs found in Contig418.
2026-05-27 07:43:10 | DEBUG    | Searching ORFs in sequence Contig419...
2026-05-27 07:43:10 | INFO     | Success: 6 ORFs found in Contig419.
2026-05-27 07:43:10 | DEBUG    | Searching ORFs in sequence Contig420...
2026-05-27 07:43:10 | INFO     | Success: 7 ORFs found in Contig420.
2026-05-27 07:43:10 | DEBUG    | Searching ORFs in sequence Contig421...
2026-05-27 07:43:10 | INFO     | Success: 4 ORFs found in Contig421.
2026-05-27 07:43:10 | DEBUG    | Searching ORFs in sequence Contig422...
2026-05-27 07:43:10 | INFO     | Success: 6 ORFs found in Contig422.
2026-05-27 07:43:10 | DEBUG    | Searching ORFs in sequence Contig423...
2026-05-27 07:43:10 | INFO     | Success: 1 ORFs found in Contig423.
2026-05-27 07:43:10 | DEBUG    | Searching ORFs in sequence Contig424...
2026-05-27 07:43:10 | INFO     | Success: 4 ORFs found in Contig424.
2026-05-27 07:43:10 | DEBUG    | Searching ORFs in sequence Contig425...
2026-05-27 07:43:10 | INFO     | Success: 10 ORFs found in Contig425.
2026-05-27 07:43:10 | DEBUG    | Searching ORFs in sequence Contig426...
2026-05-27 07:43:10 | INFO     | Success: 2 ORFs found in Contig426.
2026-05-27 07:43:10 | DEBUG    | Searching ORFs in sequence Contig427...
2026-05-27 07:43:10 | INFO     | Success: 5 ORFs found in Contig427.
2026-05-27 07:43:10 | DEBUG    | Searching ORFs in sequence Contig428...
2026-05-27 07:43:10 | INFO     | Success: 1 ORFs found in Contig428.
2026-05-27 07:43:10 | DEBUG    | Searching ORFs in sequence Contig429...
2026-05-27 07:43:10 | INFO     | Success: 8 ORFs found in Contig429.
2026-05-27 07:43:10 | DEBUG    | Searching ORFs in sequence Contig430...
2026-05-27 07:43:10 | INFO     | Success: 1 ORFs found in Contig430.
2026-05-27 07:43:10 | DEBUG    | Searching ORFs in sequence Contig431...
2026-05-27 07:43:10 | INFO     | Success: 2 ORFs found in Contig431.
2026-05-27 07:43:10 | DEBUG    | Searching ORFs in sequence Contig432...
2026-05-27 07:43:10 | INFO     | Success: 1 ORFs found in Contig432.
2026-05-27 07:43:10 | DEBUG    | Searching ORFs in sequence Contig433...
2026-05-27 07:43:10 | INFO     | Success: 5 ORFs found in Contig433.
2026-05-27 07:43:10 | DEBUG    | Searching ORFs in sequence Contig434...
2026-05-27 07:43:10 | INFO     | Success: 1 ORFs found in Contig434.
2026-05-27 07:43:10 | DEBUG    | Searching ORFs in sequence Contig435...
2026-05-27 07:43:10 | INFO     | Success: 6 ORFs found in Contig435.
2026-05-27 07:43:10 | DEBUG    | Searching ORFs in sequence Contig436...
2026-05-27 07:43:10 | INFO     | Success: 3 ORFs found in Contig436.
2026-05-27 07:43:10 | DEBUG    | Searching ORFs in sequence Contig437...
2026-05-27 07:43:10 | INFO     | Success: 4 ORFs found in Contig437.
2026-05-27 07:43:10 | DEBUG    | Searching ORFs in sequence Contig438...
2026-05-27 07:43:10 | INFO     | Success: 3 ORFs found in Contig438.
2026-05-27 07:43:10 | DEBUG    | Searching ORFs in sequence Contig439...
2026-05-27 07:43:10 | INFO     | Success: 8 ORFs found in Contig439.
2026-05-27 07:43:10 | DEBUG    | Searching ORFs in sequence Contig440...
2026-05-27 07:43:10 | INFO     | Success: 4 ORFs found in Contig440.
2026-05-27 07:43:10 | DEBUG    | Searching ORFs in sequence Contig441...
2026-05-27 07:43:10 | INFO     | Success: 4 ORFs found in Contig441.
2026-05-27 07:43:10 | DEBUG    | Searching ORFs in sequence Contig442...
2026-05-27 07:43:10 | INFO     | Success: 5 ORFs found in Contig442.
2026-05-27 07:43:10 | DEBUG    | Searching ORFs in sequence Contig443...
2026-05-27 07:43:10 | INFO     | Success: 7 ORFs found in Contig443.
2026-05-27 07:43:10 | DEBUG    | Searching ORFs in sequence Contig444...
2026-05-27 07:43:10 | INFO     | Success: 5 ORFs found in Contig444.
2026-05-27 07:43:10 | DEBUG    | Searching ORFs in sequence Contig445...
2026-05-27 07:43:10 | INFO     | Success: 18 ORFs found in Contig445.
2026-05-27 07:43:10 | DEBUG    | Searching ORFs in sequence Contig446...
2026-05-27 07:43:10 | INFO     | Success: 6 ORFs found in Contig446.
2026-05-27 07:43:10 | DEBUG    | Searching ORFs in sequence Contig447...
2026-05-27 07:43:10 | INFO     | Success: 1 ORFs found in Contig447.
2026-05-27 07:43:10 | DEBUG    | Searching ORFs in sequence Contig448...
2026-05-27 07:43:10 | INFO     | Success: 3 ORFs found in Contig448.
2026-05-27 07:43:10 | DEBUG    | Searching ORFs in sequence Contig449...
2026-05-27 07:43:10 | INFO     | Success: 10 ORFs found in Contig449.
2026-05-27 07:43:10 | DEBUG    | Searching ORFs in sequence Contig450...
2026-05-27 07:43:10 | INFO     | Success: 20 ORFs found in Contig450.
2026-05-27 07:43:10 | DEBUG    | Searching ORFs in sequence Contig451...
2026-05-27 07:43:10 | INFO     | Success: 6 ORFs found in Contig451.
2026-05-27 07:43:10 | DEBUG    | Searching ORFs in sequence Contig452...
2026-05-27 07:43:10 | INFO     | Success: 7 ORFs found in Contig452.
2026-05-27 07:43:10 | DEBUG    | Searching ORFs in sequence Contig453...
2026-05-27 07:43:10 | INFO     | Success: 20 ORFs found in Contig453.
2026-05-27 07:43:10 | DEBUG    | Searching ORFs in sequence Contig454...
2026-05-27 07:43:10 | INFO     | Success: 8 ORFs found in Contig454.
2026-05-27 07:43:10 | DEBUG    | Searching ORFs in sequence Contig455...
2026-05-27 07:43:10 | INFO     | Success: 14 ORFs found in Contig455.
2026-05-27 07:43:10 | DEBUG    | Searching ORFs in sequence Contig456...
2026-05-27 07:43:10 | INFO     | Success: 2 ORFs found in Contig456.
2026-05-27 07:43:10 | DEBUG    | Searching ORFs in sequence Contig457...
2026-05-27 07:43:10 | INFO     | Success: 2 ORFs found in Contig457.
2026-05-27 07:43:10 | DEBUG    | Searching ORFs in sequence Contig458...
2026-05-27 07:43:10 | INFO     | Success: 12 ORFs found in Contig458.
2026-05-27 07:43:10 | DEBUG    | Searching ORFs in sequence Contig459...
2026-05-27 07:43:10 | INFO     | Success: 14 ORFs found in Contig459.
2026-05-27 07:43:10 | DEBUG    | Searching ORFs in sequence Contig460...
2026-05-27 07:43:10 | INFO     | Success: 1 ORFs found in Contig460.
2026-05-27 07:43:10 | DEBUG    | Searching ORFs in sequence Contig461...
2026-05-27 07:43:10 | INFO     | Success: 1 ORFs found in Contig461.
2026-05-27 07:43:10 | DEBUG    | Searching ORFs in sequence Contig462...
2026-05-27 07:43:10 | INFO     | Success: 1 ORFs found in Contig462.
2026-05-27 07:43:10 | DEBUG    | Searching ORFs in sequence Contig463...
2026-05-27 07:43:10 | INFO     | Success: 19 ORFs found in Contig463.
2026-05-27 07:43:10 | DEBUG    | Searching ORFs in sequence Contig464...
2026-05-27 07:43:10 | INFO     | Success: 15 ORFs found in Contig464.
2026-05-27 07:43:10 | DEBUG    | Searching ORFs in sequence Contig465...
2026-05-27 07:43:10 | INFO     | Success: 12 ORFs found in Contig465.
2026-05-27 07:43:10 | DEBUG    | Searching ORFs in sequence Contig466...
2026-05-27 07:43:10 | INFO     | Success: 8 ORFs found in Contig466.
2026-05-27 07:43:10 | DEBUG    | Searching ORFs in sequence Contig467...
2026-05-27 07:43:10 | INFO     | Success: 6 ORFs found in Contig467.
2026-05-27 07:43:10 | DEBUG    | Searching ORFs in sequence Contig468...
2026-05-27 07:43:10 | INFO     | Success: 4 ORFs found in Contig468.
2026-05-27 07:43:10 | DEBUG    | Searching ORFs in sequence Contig469...
2026-05-27 07:43:10 | INFO     | Success: 10 ORFs found in Contig469.
2026-05-27 07:43:10 | DEBUG    | Searching ORFs in sequence Contig470...
2026-05-27 07:43:10 | INFO     | Success: 17 ORFs found in Contig470.
2026-05-27 07:43:10 | DEBUG    | Searching ORFs in sequence Contig471...
2026-05-27 07:43:10 | INFO     | Success: 3 ORFs found in Contig471.
2026-05-27 07:43:10 | DEBUG    | Searching ORFs in sequence Contig472...
2026-05-27 07:43:10 | INFO     | Success: 1 ORFs found in Contig472.
2026-05-27 07:43:10 | DEBUG    | Searching ORFs in sequence Contig473...
2026-05-27 07:43:10 | INFO     | Success: 4 ORFs found in Contig473.
2026-05-27 07:43:10 | DEBUG    | Searching ORFs in sequence Contig474...
2026-05-27 07:43:10 | INFO     | Success: 5 ORFs found in Contig474.
2026-05-27 07:43:10 | DEBUG    | Searching ORFs in sequence Contig475...
2026-05-27 07:43:10 | INFO     | Success: 7 ORFs found in Contig475.
2026-05-27 07:43:10 | DEBUG    | Searching ORFs in sequence Contig476...
2026-05-27 07:43:10 | INFO     | Success: 7 ORFs found in Contig476.
2026-05-27 07:43:10 | DEBUG    | Searching ORFs in sequence Contig477...
2026-05-27 07:43:10 | INFO     | Success: 10 ORFs found in Contig477.
2026-05-27 07:43:10 | DEBUG    | Searching ORFs in sequence Contig478...
2026-05-27 07:43:10 | INFO     | Success: 20 ORFs found in Contig478.
2026-05-27 07:43:10 | DEBUG    | Searching ORFs in sequence Contig479...
2026-05-27 07:43:10 | INFO     | Success: 17 ORFs found in Contig479.
2026-05-27 07:43:10 | DEBUG    | Searching ORFs in sequence Contig480...
2026-05-27 07:43:10 | INFO     | Success: 9 ORFs found in Contig480.
2026-05-27 07:43:10 | DEBUG    | Searching ORFs in sequence Contig481...
2026-05-27 07:43:10 | INFO     | Success: 5 ORFs found in Contig481.
2026-05-27 07:43:10 | DEBUG    | Searching ORFs in sequence Contig482...
2026-05-27 07:43:10 | INFO     | Success: 8 ORFs found in Contig482.
2026-05-27 07:43:10 | DEBUG    | Searching ORFs in sequence Contig483...
2026-05-27 07:43:10 | INFO     | Success: 9 ORFs found in Contig483.
2026-05-27 07:43:10 | DEBUG    | Searching ORFs in sequence Contig484...
2026-05-27 07:43:10 | INFO     | Success: 9 ORFs found in Contig484.
2026-05-27 07:43:10 | DEBUG    | Searching ORFs in sequence Contig485...
2026-05-27 07:43:10 | INFO     | Success: 6 ORFs found in Contig485.
2026-05-27 07:43:10 | DEBUG    | Searching ORFs in sequence Contig486...
2026-05-27 07:43:10 | INFO     | Success: 5 ORFs found in Contig486.
2026-05-27 07:43:10 | DEBUG    | Searching ORFs in sequence Contig487...
2026-05-27 07:43:10 | INFO     | Success: 6 ORFs found in Contig487.
2026-05-27 07:43:10 | DEBUG    | Searching ORFs in sequence Contig488...
2026-05-27 07:43:10 | INFO     | Success: 5 ORFs found in Contig488.
2026-05-27 07:43:10 | DEBUG    | Searching ORFs in sequence Contig489...
2026-05-27 07:43:10 | INFO     | Success: 20 ORFs found in Contig489.
2026-05-27 07:43:10 | DEBUG    | Searching ORFs in sequence Contig490...
2026-05-27 07:43:10 | INFO     | Success: 15 ORFs found in Contig490.
2026-05-27 07:43:10 | DEBUG    | Searching ORFs in sequence Contig491...
2026-05-27 07:43:10 | INFO     | Success: 9 ORFs found in Contig491.
2026-05-27 07:43:10 | DEBUG    | Searching ORFs in sequence Contig492...
2026-05-27 07:43:10 | INFO     | Success: 7 ORFs found in Contig492.
2026-05-27 07:43:10 | DEBUG    | Searching ORFs in sequence Contig493...
2026-05-27 07:43:10 | INFO     | Success: 5 ORFs found in Contig493.
2026-05-27 07:43:10 | DEBUG    | Searching ORFs in sequence Contig494...
2026-05-27 07:43:10 | INFO     | Success: 2 ORFs found in Contig494.
2026-05-27 07:43:10 | DEBUG    | Searching ORFs in sequence Contig495...
2026-05-27 07:43:10 | INFO     | Success: 15 ORFs found in Contig495.
2026-05-27 07:43:10 | DEBUG    | Searching ORFs in sequence Contig496...
2026-05-27 07:43:10 | INFO     | Success: 13 ORFs found in Contig496.
2026-05-27 07:43:10 | DEBUG    | Searching ORFs in sequence Contig497...
2026-05-27 07:43:10 | INFO     | Success: 10 ORFs found in Contig497.
2026-05-27 07:43:10 | DEBUG    | Searching ORFs in sequence Contig498...
2026-05-27 07:43:10 | INFO     | Success: 2 ORFs found in Contig498.
2026-05-27 07:43:10 | DEBUG    | Searching ORFs in sequence Contig499...
2026-05-27 07:43:10 | INFO     | Success: 16 ORFs found in Contig499.
2026-05-27 07:43:10 | DEBUG    | Searching ORFs in sequence Contig500...
2026-05-27 07:43:10 | INFO     | Success: 5 ORFs found in Contig500.
2026-05-27 07:43:10 | DEBUG    | Searching ORFs in sequence Contig501...
2026-05-27 07:43:10 | INFO     | Success: 6 ORFs found in Contig501.
2026-05-27 07:43:10 | DEBUG    | Searching ORFs in sequence Contig502...
2026-05-27 07:43:10 | INFO     | Success: 22 ORFs found in Contig502.
2026-05-27 07:43:10 | DEBUG    | Searching ORFs in sequence Contig503...
2026-05-27 07:43:10 | INFO     | Success: 14 ORFs found in Contig503.
2026-05-27 07:43:10 | DEBUG    | Searching ORFs in sequence Contig504...
2026-05-27 07:43:10 | INFO     | Success: 8 ORFs found in Contig504.
2026-05-27 07:43:10 | DEBUG    | Searching ORFs in sequence Contig505...
2026-05-27 07:43:10 | INFO     | Success: 10 ORFs found in Contig505.
2026-05-27 07:43:10 | DEBUG    | Searching ORFs in sequence Contig506...
2026-05-27 07:43:10 | INFO     | Success: 12 ORFs found in Contig506.
2026-05-27 07:43:10 | DEBUG    | Searching ORFs in sequence Contig507...
2026-05-27 07:43:10 | INFO     | Success: 0 ORFs found in Contig507.
2026-05-27 07:43:10 | DEBUG    | Searching ORFs in sequence Contig508...
2026-05-27 07:43:10 | INFO     | Success: 32 ORFs found in Contig508.
2026-05-27 07:43:10 | DEBUG    | Searching ORFs in sequence Contig509...
2026-05-27 07:43:10 | INFO     | Success: 0 ORFs found in Contig509.
2026-05-27 07:43:10 | DEBUG    | Searching ORFs in sequence Contig510...
2026-05-27 07:43:10 | INFO     | Success: 0 ORFs found in Contig510.
2026-05-27 07:43:10 | DEBUG    | Searching ORFs in sequence Contig511...
2026-05-27 07:43:10 | INFO     | Success: 12 ORFs found in Contig511.
2026-05-27 07:43:10 | DEBUG    | Searching ORFs in sequence Contig512...
2026-05-27 07:43:10 | INFO     | Success: 7 ORFs found in Contig512.
2026-05-27 07:43:10 | DEBUG    | Searching ORFs in sequence Contig513...
2026-05-27 07:43:10 | INFO     | Success: 11 ORFs found in Contig513.
2026-05-27 07:43:10 | DEBUG    | Searching ORFs in sequence Contig514...
2026-05-27 07:43:10 | INFO     | Success: 11 ORFs found in Contig514.
2026-05-27 07:43:10 | DEBUG    | Searching ORFs in sequence Contig515...
2026-05-27 07:43:10 | INFO     | Success: 16 ORFs found in Contig515.
2026-05-27 07:43:10 | DEBUG    | Searching ORFs in sequence Contig516...
2026-05-27 07:43:10 | INFO     | Success: 24 ORFs found in Contig516.
2026-05-27 07:43:10 | DEBUG    | Searching ORFs in sequence Contig517...
2026-05-27 07:43:10 | INFO     | Success: 11 ORFs found in Contig517.
2026-05-27 07:43:10 | DEBUG    | Searching ORFs in sequence Contig518...
2026-05-27 07:43:10 | INFO     | Success: 9 ORFs found in Contig518.
2026-05-27 07:43:10 | DEBUG    | Searching ORFs in sequence Contig519...
2026-05-27 07:43:10 | INFO     | Success: 17 ORFs found in Contig519.
2026-05-27 07:43:10 | DEBUG    | Searching ORFs in sequence Contig520...
2026-05-27 07:43:10 | INFO     | Success: 7 ORFs found in Contig520.
2026-05-27 07:43:10 | DEBUG    | Searching ORFs in sequence Contig521...
2026-05-27 07:43:10 | INFO     | Success: 4 ORFs found in Contig521.
2026-05-27 07:43:10 | DEBUG    | Searching ORFs in sequence Contig522...
2026-05-27 07:43:10 | INFO     | Success: 9 ORFs found in Contig522.
2026-05-27 07:43:10 | DEBUG    | Searching ORFs in sequence Contig523...
2026-05-27 07:43:10 | INFO     | Success: 3 ORFs found in Contig523.
2026-05-27 07:43:10 | DEBUG    | Searching ORFs in sequence Contig524...
2026-05-27 07:43:10 | INFO     | Success: 10 ORFs found in Contig524.
2026-05-27 07:43:10 | DEBUG    | Searching ORFs in sequence Contig525...
2026-05-27 07:43:10 | INFO     | Success: 5 ORFs found in Contig525.
2026-05-27 07:43:10 | DEBUG    | Searching ORFs in sequence Contig526...
2026-05-27 07:43:10 | INFO     | Success: 14 ORFs found in Contig526.
2026-05-27 07:43:10 | DEBUG    | Searching ORFs in sequence Contig527...
2026-05-27 07:43:10 | INFO     | Success: 5 ORFs found in Contig527.
2026-05-27 07:43:10 | DEBUG    | Searching ORFs in sequence Contig528...
2026-05-27 07:43:10 | INFO     | Success: 16 ORFs found in Contig528.
2026-05-27 07:43:10 | DEBUG    | Searching ORFs in sequence Contig529...
2026-05-27 07:43:10 | INFO     | Success: 17 ORFs found in Contig529.
2026-05-27 07:43:10 | DEBUG    | Searching ORFs in sequence Contig530...
2026-05-27 07:43:10 | INFO     | Success: 26 ORFs found in Contig530.
2026-05-27 07:43:10 | DEBUG    | Searching ORFs in sequence Contig531...
2026-05-27 07:43:10 | INFO     | Success: 12 ORFs found in Contig531.
2026-05-27 07:43:10 | DEBUG    | Searching ORFs in sequence Contig532...
2026-05-27 07:43:10 | INFO     | Success: 49 ORFs found in Contig532.
2026-05-27 07:43:10 | DEBUG    | Searching ORFs in sequence Contig533...
2026-05-27 07:43:10 | INFO     | Success: 25 ORFs found in Contig533.
2026-05-27 07:43:10 | DEBUG    | Searching ORFs in sequence Contig534...
2026-05-27 07:43:10 | INFO     | Success: 31 ORFs found in Contig534.
2026-05-27 07:43:10 | DEBUG    | Searching ORFs in sequence Contig535...
2026-05-27 07:43:10 | INFO     | Success: 5 ORFs found in Contig535.
2026-05-27 07:43:10 | DEBUG    | Searching ORFs in sequence Contig536...
2026-05-27 07:43:10 | INFO     | Success: 8 ORFs found in Contig536.
2026-05-27 07:43:10 | DEBUG    | Searching ORFs in sequence Contig537...
2026-05-27 07:43:10 | INFO     | Success: 1 ORFs found in Contig537.
2026-05-27 07:43:10 | DEBUG    | Searching ORFs in sequence Contig538...
2026-05-27 07:43:10 | INFO     | Success: 0 ORFs found in Contig538.
2026-05-27 07:43:10 | DEBUG    | Searching ORFs in sequence Contig539...
2026-05-27 07:43:10 | INFO     | Success: 4 ORFs found in Contig539.
2026-05-27 07:43:10 | DEBUG    | Searching ORFs in sequence Contig540...
2026-05-27 07:43:10 | INFO     | Success: 6 ORFs found in Contig540.
2026-05-27 07:43:10 | DEBUG    | Searching ORFs in sequence Contig541...
2026-05-27 07:43:10 | INFO     | Success: 11 ORFs found in Contig541.
2026-05-27 07:43:10 | DEBUG    | Searching ORFs in sequence Contig542...
2026-05-27 07:43:10 | INFO     | Success: 12 ORFs found in Contig542.
2026-05-27 07:43:10 | DEBUG    | Searching ORFs in sequence Contig543...
2026-05-27 07:43:10 | INFO     | Success: 4 ORFs found in Contig543.
2026-05-27 07:43:10 | DEBUG    | Searching ORFs in sequence Contig544...
2026-05-27 07:43:10 | INFO     | Success: 18 ORFs found in Contig544.
2026-05-27 07:43:10 | DEBUG    | Searching ORFs in sequence Contig545...
2026-05-27 07:43:10 | INFO     | Success: 9 ORFs found in Contig545.
2026-05-27 07:43:10 | DEBUG    | Searching ORFs in sequence Contig546...
2026-05-27 07:43:10 | INFO     | Success: 3 ORFs found in Contig546.
2026-05-27 07:43:10 | DEBUG    | Searching ORFs in sequence Contig547...
2026-05-27 07:43:10 | INFO     | Success: 2 ORFs found in Contig547.
2026-05-27 07:43:10 | SUCCESS  | ORF finding done.
2026-05-27 07:43:10 | INFO     | Loading Diamond RefSeq → testFast/diamond/refseq.tsv
2026-05-27 07:43:10 | DEBUG    | diamond [refseq]: 307 hits processed.
2026-05-27 07:43:10 | SUCCESS  | RefSeq: 307 hits attached.
2026-05-27 07:43:10 | INFO     | Loading RVDB HMM → testFast/hmm/RVDB.tsv
2026-05-27 07:43:10 | SUCCESS  | 7102 metadata records loaded for RVDB.
2026-05-27 07:43:10 | SUCCESS  | RVDB: 717 hits attached.
2026-05-27 07:43:10 | INFO     | Loading Vfam HMM → testFast/hmm/Vfam.tsv
2026-05-27 07:43:10 | SUCCESS  | 39548 metadata records loaded for Vfam.
2026-05-27 07:43:10 | SUCCESS  | Vfam: 136 hits attached.
2026-05-27 07:43:10 | INFO     | Loading EggNOG HMM → testFast/hmm/EggNOG.tsv
2026-05-27 07:43:10 | SUCCESS  | 2010 metadata records loaded for EggNOG.
2026-05-27 07:43:10 | SUCCESS  | EggNOG: 145 hits attached.
2026-05-27 07:43:10 | INFO     | Loading Diamond NR → testFast/diamond/nr.tsv
2026-05-27 07:43:10 | DEBUG    | diamond [nr]: 505 hits processed.
2026-05-27 07:43:10 | SUCCESS  | NR: 505 hits attached.
2026-05-27 07:43:10 | INFO     | Loading Pfam HMM → testFast/hmm/Pfam.tsv
2026-05-27 07:43:10 | SUCCESS  | 23794 metadata records loaded for Pfam.
2026-05-27 07:43:10 | SUCCESS  | Pfam: 225 hits attached.
2026-05-27 07:43:10 | INFO     | Loading BLASTn → testFast/blastn/blastn.tsv
2026-05-27 07:43:10 | DEBUG    | BLASTn: 33 hit(s) attached across 9 sequence(s).
2026-05-27 07:43:10 | SUCCESS  | BLASTn: 33 hits attached.
2026-05-27 07:43:10 | INFO     | Annotating taxonomy...
2026-05-27 07:43:11 | SUCCESS  | TaxonomyLoader: 259993 scientific names, 9692 species names indexed from /home/gabriel/viralquest/data/viralTax.json.xz.
2026-05-27 07:43:11 | DEBUG    | No taxonomy match for 'Tjuloc virus' (seq: Contig224)
2026-05-27 07:43:11 | SUCCESS  | Taxonomy resolved for 80/547 sequences.
2026-05-27 07:43:11 | SUCCESS  | ViralFamilyLoader: 257 entries merged (257 high-token, 257 low-token).
2026-05-27 07:43:11 | DEBUG    | No ViralFamilyInfo for seq 'Contig73' (family=None, genus=Pandoravirus, order=None)
2026-05-27 07:43:11 | DEBUG    | No ViralFamilyInfo for seq 'Contig205' (family=Schizomimiviridae, genus=Kratosvirus, order=Imitervirales)
2026-05-27 07:43:11 | DEBUG    | No ViralFamilyInfo for seq 'Contig247' (family=Kyanoviridae, genus=Haifavirus, order=None)
2026-05-27 07:43:11 | DEBUG    | No ViralFamilyInfo for seq 'Contig252' (family=None, genus=None, order=None)
2026-05-27 07:43:11 | DEBUG    | No ViralFamilyInfo for seq 'Contig254' (family=None, genus=Pithovirus, order=None)
2026-05-27 07:43:11 | DEBUG    | No ViralFamilyInfo for seq 'Contig256' (family=None, genus=Lambdavirus, order=None)
2026-05-27 07:43:11 | DEBUG    | No ViralFamilyInfo for seq 'Contig335' (family=None, genus=None, order=None)
2026-05-27 07:43:11 | DEBUG    | No ViralFamilyInfo for seq 'Contig427' (family=Fervensviridae, genus=Deepoceanvirus, order=None)
2026-05-27 07:43:11 | DEBUG    | No ViralFamilyInfo for seq 'Contig484' (family=None, genus=Pandoravirus, order=None)
2026-05-27 07:43:11 | DEBUG    | No ViralFamilyInfo for seq 'Contig502' (family=None, genus=Pandoravirus, order=None)
2026-05-27 07:43:11 | SUCCESS  | ViralFamilyInfo annotated 70/547 sequences.
2026-05-27 07:43:11 | INFO     | Clustering sequences...
2026-05-27 07:43:11 | WARNING  | ClusterBuilder: 20 sequence(s) skipped — no BLASTx species.
2026-05-27 07:43:11 | SUCCESS  | ClusterBuilder: 53 cluster(s) from 81 sequence(s).
2026-05-27 07:43:12 | SUCCESS  | VQ_CLU_0001 | 'Abelson murine leukemia virus' | 2 seq(s) | representative: 'Contig317' (3793 nt)
2026-05-27 07:43:12 | SUCCESS  | VQ_CLU_0002 | 'Acanthamoeba polyphaga mimivirus' | 1 seq(s) | representative: 'Contig547' (1020 nt)
2026-05-27 07:43:12 | SUCCESS  | VQ_CLU_0003 | 'Adoxophyes orana granulovirus' | 1 seq(s) | representative: 'Contig523' (669 nt)
2026-05-27 07:43:12 | SUCCESS  | VQ_CLU_0004 | 'Alphaentomopoxvirus acuprea' | 1 seq(s) | representative: 'Contig319' (1532 nt)
2026-05-27 07:43:12 | SUCCESS  | VQ_CLU_0005 | 'Apis mellifera filamentous virus' | 1 seq(s) | representative: 'Contig335' (2375 nt)
2026-05-27 07:43:12 | SUCCESS  | VQ_CLU_0006 | 'Aureococcus anophagefferens virus' | 1 seq(s) | representative: 'Contig205' (824 nt)
2026-05-27 07:43:13 | SUCCESS  | VQ_CLU_0007 | 'Bathycoccus sp. RCC1105 virus BpV1' | 2 seq(s) | representative: 'Contig237' (4939 nt)
2026-05-27 07:43:13 | SUCCESS  | VQ_CLU_0008 | 'Big Cypress virus' | 1 seq(s) | representative: 'Contig252' (7591 nt)
2026-05-27 07:43:13 | SUCCESS  | VQ_CLU_0009 | 'Blacklegged tick chuvirus 2' | 1 seq(s) | representative: 'Contig341' (6109 nt)
2026-05-27 07:43:14 | SUCCESS  | VQ_CLU_0010 | 'Bodo saltans virus' | 4 seq(s) | representative: 'Contig154' (5776 nt)
2026-05-27 07:43:14 | SUCCESS  | VQ_CLU_0011 | 'Cafeteria roenbergensis virus BV-PW1' | 2 seq(s) | representative: 'Contig156' (6149 nt)
2026-05-27 07:43:14 | SUCCESS  | VQ_CLU_0012 | 'Canarypox virus' | 1 seq(s) | representative: 'Contig234' (8901 nt)
2026-05-27 07:43:14 | SUCCESS  | VQ_CLU_0013 | 'Cassava brown streak virus' | 1 seq(s) | representative: 'Contig444' (739 nt)
2026-05-27 07:43:15 | SUCCESS  | VQ_CLU_0014 | 'Chrysochromulina ericina virus' | 2 seq(s) | representative: 'Contig511' (3557 nt)
2026-05-27 07:43:15 | SUCCESS  | VQ_CLU_0015 | 'Cladosporium fulvum T-1 virus' | 1 seq(s) | representative: 'Contig193' (1603 nt)
2026-05-27 07:43:16 | SUCCESS  | VQ_CLU_0016 | 'Diachasmimorpha longicaudata entomopoxvirus' | 6 seq(s) | representative: 'Contig240' (8375 nt)
2026-05-27 07:43:16 | SUCCESS  | VQ_CLU_0017 | 'Diadromus pulchellus ascovirus 4a' | 3 seq(s) | representative: 'Contig453' (4121 nt)
2026-05-27 07:43:16 | SUCCESS  | VQ_CLU_0018 | 'Ectocarpus siliculosus virus 1' | 1 seq(s) | representative: 'Contig253' (19147 nt)
2026-05-27 07:43:16 | SUCCESS  | VQ_CLU_0019 | 'Escherichia phage DE3' | 1 seq(s) | representative: 'Contig256' (1366 nt)
2026-05-27 07:43:17 | SUCCESS  | VQ_CLU_0020 | 'Fadolivirus algeromassiliense' | 4 seq(s) | representative: 'Contig450' (3057 nt)
2026-05-27 07:43:17 | SUCCESS  | VQ_CLU_0021 | 'Feldmannia irregularis virus a' | 1 seq(s) | representative: 'Contig401' (7822 nt)
2026-05-27 07:43:17 | SUCCESS  | VQ_CLU_0022 | 'Feldmannia species virus' | 1 seq(s) | representative: 'Contig400' (6843 nt)
2026-05-27 07:43:17 | SUCCESS  | VQ_CLU_0023 | 'Feline sarcoma virus (STRAIN HARDY-ZUCKERMAN 4)' | 1 seq(s) | representative: 'Contig445' (3178 nt)
2026-05-27 07:43:18 | SUCCESS  | VQ_CLU_0024 | 'Flamingopox virus FGPVKD09' | 3 seq(s) | representative: 'Contig79' (910 nt)
2026-05-27 07:43:18 | SUCCESS  | VQ_CLU_0025 | 'Fowlpox virus' | 1 seq(s) | representative: 'Contig493' (1555 nt)
2026-05-27 07:43:19 | SUCCESS  | VQ_CLU_0026 | 'Gibbon ape leukemia virus' | 3 seq(s) | representative: 'Contig530' (7021 nt)
2026-05-27 07:43:19 | SUCCESS  | VQ_CLU_0027 | 'Ichnoviriform fugitivi' | 1 seq(s) | representative: 'Contig269' (3057 nt)
2026-05-27 07:43:19 | SUCCESS  | VQ_CLU_0028 | 'Lausannevirus' | 1 seq(s) | representative: 'Contig301' (4293 nt)
2026-05-27 07:43:19 | SUCCESS  | VQ_CLU_0029 | 'Malacosoma neustria nucleopolyhedrovirus' | 1 seq(s) | representative: 'Contig385' (11460 nt)
2026-05-27 07:43:19 | SUCCESS  | VQ_CLU_0030 | 'Methanocaldococcus fervens tailed virus 1' | 1 seq(s) | representative: 'Contig427' (1285 nt)
2026-05-27 07:43:19 | SUCCESS  | VQ_CLU_0031 | 'Moumouvirus goulette' | 1 seq(s) | representative: 'Contig393' (2575 nt)
2026-05-27 07:43:19 | SUCCESS  | VQ_CLU_0032 | 'Mus dunni endogenous virus' | 1 seq(s) | representative: 'Contig531' (3189 nt)
2026-05-27 07:43:19 | SUCCESS  | VQ_CLU_0033 | 'Orpheovirus IHUMI-LCC2' | 3 seq(s) | representative: 'Contig418' (2909 nt)
2026-05-27 07:43:20 | SUCCESS  | VQ_CLU_0034 | 'Oryctes rhinoceros nudivirus' | 2 seq(s) | representative: 'Contig491' (4009 nt)
2026-05-27 07:43:20 | SUCCESS  | VQ_CLU_0035 | 'Pandoravirus neocaledonia' | 1 seq(s) | representative: 'Contig502' (4969 nt)
2026-05-27 07:43:20 | SUCCESS  | VQ_CLU_0036 | 'Pandoravirus quercus' | 1 seq(s) | representative: 'Contig484' (2393 nt)
2026-05-27 07:43:20 | SUCCESS  | VQ_CLU_0037 | 'Pandoravirus salinus' | 1 seq(s) | representative: 'Contig73' (1748 nt)
2026-05-27 07:43:20 | SUCCESS  | VQ_CLU_0038 | 'Paramecium bursaria Chlorella virus NY2A' | 1 seq(s) | representative: 'Contig132' (2785 nt)
2026-05-27 07:43:20 | SUCCESS  | VQ_CLU_0039 | 'Pithovirus sibericum' | 1 seq(s) | representative: 'Contig254' (4957 nt)
2026-05-27 07:43:20 | SUCCESS  | VQ_CLU_0040 | 'Prochlorococcus phage P-TIM68' | 1 seq(s) | representative: 'Contig247' (1903 nt)
2026-05-27 07:43:20 | SUCCESS  | VQ_CLU_0041 | 'Robinvale bee virus 2' | 1 seq(s) | representative: 'Contig125' (4976 nt)
2026-05-27 07:43:21 | SUCCESS  | VQ_CLU_0042 | 'Sanya cydistomyia duplonotatay narnavirus 1' | 3 seq(s) | representative: 'Contig513' (2563 nt)
2026-05-27 07:43:21 | SUCCESS  | VQ_CLU_0043 | 'Tjuloc virus' | 1 seq(s) | representative: 'Contig224' (1840 nt)
2026-05-27 07:43:21 | SUCCESS  | VQ_CLU_0044 | 'Trichoplusia ni TED virus' | 1 seq(s) | representative: 'Contig194' (1356 nt)
2026-05-27 07:43:21 | SUCCESS  | VQ_CLU_0045 | 'Trichoplusia ni ascovirus 2c' | 1 seq(s) | representative: 'Contig320' (3169 nt)
2026-05-27 07:43:21 | SUCCESS  | VQ_CLU_0046 | 'Tupanvirus deep ocean' | 1 seq(s) | representative: 'Contig302' (3457 nt)
2026-05-27 07:43:21 | SUCCESS  | VQ_CLU_0047 | 'Tupanvirus soda lake' | 2 seq(s) | representative: 'Contig449' (1911 nt)
2026-05-27 07:43:21 | SUCCESS  | VQ_CLU_0048 | 'Turkeypox virus' | 1 seq(s) | representative: 'Contig113' (2391 nt)
2026-05-27 07:43:21 | SUCCESS  | VQ_CLU_0049 | 'Vespula vulgaris Partiti-like virus 1' | 1 seq(s) | representative: 'Contig337' (2261 nt)
2026-05-27 07:43:21 | SUCCESS  | VQ_CLU_0050 | 'Wiseana iridescent virus' | 1 seq(s) | representative: 'Contig100' (1848 nt)
2026-05-27 07:43:21 | SUCCESS  | VQ_CLU_0051 | 'Yaba monkey tumor virus' | 1 seq(s) | representative: 'Contig165' (2345 nt)
2026-05-27 07:43:22 | SUCCESS  | VQ_CLU_0052 | 'Yaba-like disease virus' | 2 seq(s) | representative: 'Contig282' (3515 nt)
2026-05-27 07:43:22 | SUCCESS  | VQ_CLU_0053 | 'brine shrimp flavi-like virus 1' | 1 seq(s) | representative: 'Contig274' (8713 nt)
2026-05-27 07:43:22 | INFO     | Exporting reports...
2026-05-27 07:43:22 | INFO     | Viral contigs FASTA (101 seqs) → devout/test_viral_contigs.fasta
2026-05-27 07:43:22 | INFO     | Exporter: 538 sequence(s) excluded — did not pass NR BLASTx viral confirmation.
2026-05-27 07:43:22 | SUCCESS  | Report written → 'devout/test_viralquest.json'  (9 sequences, 7 clusters).
2026-05-27 07:43:22 | SUCCESS  | Done — 101 viral sequences, 53 clusters.
  JSON  → devout/test_viralquest.json
  HTML  → devout/test_viralquest.html
  FASTA → devout/test_viral_contigs.fasta
2026-05-27 07:46:10 | INFO     | Parsing FASTA...
2026-05-27 07:46:10 | INFO     | Starting fasta parser
2026-05-27 07:46:10 | SUCCESS  | Found 547 valid sequences in data/test.fasta
2026-05-27 07:46:10 | SUCCESS  | Parsed 547 sequences.
2026-05-27 07:46:10 | INFO     | Finding ORFs...
2026-05-27 07:46:10 | INFO     | Starting ORF search (Minimal length: 150 nt)
2026-05-27 07:46:10 | DEBUG    | Searching ORFs in sequence Contig1...
2026-05-27 07:46:10 | INFO     | Success: 0 ORFs found in Contig1.
2026-05-27 07:46:10 | DEBUG    | Searching ORFs in sequence Contig2...
2026-05-27 07:46:10 | INFO     | Success: 8 ORFs found in Contig2.
2026-05-27 07:46:10 | DEBUG    | Searching ORFs in sequence Contig3...
2026-05-27 07:46:10 | INFO     | Success: 1 ORFs found in Contig3.
2026-05-27 07:46:10 | DEBUG    | Searching ORFs in sequence Contig4...
2026-05-27 07:46:10 | INFO     | Success: 2 ORFs found in Contig4.
2026-05-27 07:46:10 | DEBUG    | Searching ORFs in sequence Contig5...
2026-05-27 07:46:10 | INFO     | Success: 3 ORFs found in Contig5.
2026-05-27 07:46:10 | DEBUG    | Searching ORFs in sequence Contig6...
2026-05-27 07:46:10 | INFO     | Success: 3 ORFs found in Contig6.
2026-05-27 07:46:10 | DEBUG    | Searching ORFs in sequence Contig7...
2026-05-27 07:46:10 | INFO     | Success: 3 ORFs found in Contig7.
2026-05-27 07:46:10 | DEBUG    | Searching ORFs in sequence Contig8...
2026-05-27 07:46:10 | INFO     | Success: 3 ORFs found in Contig8.
2026-05-27 07:46:10 | DEBUG    | Searching ORFs in sequence Contig9...
2026-05-27 07:46:10 | INFO     | Success: 18 ORFs found in Contig9.
2026-05-27 07:46:10 | DEBUG    | Searching ORFs in sequence Contig10...
2026-05-27 07:46:10 | INFO     | Success: 2 ORFs found in Contig10.
2026-05-27 07:46:10 | DEBUG    | Searching ORFs in sequence Contig11...
2026-05-27 07:46:10 | INFO     | Success: 6 ORFs found in Contig11.
2026-05-27 07:46:10 | DEBUG    | Searching ORFs in sequence Contig12...
2026-05-27 07:46:10 | INFO     | Success: 1 ORFs found in Contig12.
2026-05-27 07:46:10 | DEBUG    | Searching ORFs in sequence Contig13...
2026-05-27 07:46:10 | INFO     | Success: 3 ORFs found in Contig13.
2026-05-27 07:46:10 | DEBUG    | Searching ORFs in sequence Contig14...
2026-05-27 07:46:10 | INFO     | Success: 2 ORFs found in Contig14.
2026-05-27 07:46:10 | DEBUG    | Searching ORFs in sequence Contig15...
2026-05-27 07:46:10 | INFO     | Success: 2 ORFs found in Contig15.
2026-05-27 07:46:10 | DEBUG    | Searching ORFs in sequence Contig16...
2026-05-27 07:46:10 | INFO     | Success: 4 ORFs found in Contig16.
2026-05-27 07:46:10 | DEBUG    | Searching ORFs in sequence Contig17...
2026-05-27 07:46:10 | INFO     | Success: 6 ORFs found in Contig17.
2026-05-27 07:46:10 | DEBUG    | Searching ORFs in sequence Contig18...
2026-05-27 07:46:10 | INFO     | Success: 2 ORFs found in Contig18.
2026-05-27 07:46:10 | DEBUG    | Searching ORFs in sequence Contig19...
2026-05-27 07:46:10 | INFO     | Success: 2 ORFs found in Contig19.
2026-05-27 07:46:10 | DEBUG    | Searching ORFs in sequence Contig20...
2026-05-27 07:46:10 | INFO     | Success: 11 ORFs found in Contig20.
2026-05-27 07:46:10 | DEBUG    | Searching ORFs in sequence Contig21...
2026-05-27 07:46:10 | INFO     | Success: 1 ORFs found in Contig21.
2026-05-27 07:46:10 | DEBUG    | Searching ORFs in sequence Contig22...
2026-05-27 07:46:10 | INFO     | Success: 3 ORFs found in Contig22.
2026-05-27 07:46:10 | DEBUG    | Searching ORFs in sequence Contig23...
2026-05-27 07:46:10 | INFO     | Success: 8 ORFs found in Contig23.
2026-05-27 07:46:10 | DEBUG    | Searching ORFs in sequence Contig24...
2026-05-27 07:46:10 | INFO     | Success: 0 ORFs found in Contig24.
2026-05-27 07:46:10 | DEBUG    | Searching ORFs in sequence Contig25...
2026-05-27 07:46:10 | INFO     | Success: 12 ORFs found in Contig25.
2026-05-27 07:46:10 | DEBUG    | Searching ORFs in sequence Contig26...
2026-05-27 07:46:10 | INFO     | Success: 13 ORFs found in Contig26.
2026-05-27 07:46:10 | DEBUG    | Searching ORFs in sequence Contig27...
2026-05-27 07:46:10 | INFO     | Success: 6 ORFs found in Contig27.
2026-05-27 07:46:10 | DEBUG    | Searching ORFs in sequence Contig28...
2026-05-27 07:46:10 | INFO     | Success: 8 ORFs found in Contig28.
2026-05-27 07:46:10 | DEBUG    | Searching ORFs in sequence Contig29...
2026-05-27 07:46:10 | INFO     | Success: 4 ORFs found in Contig29.
2026-05-27 07:46:10 | DEBUG    | Searching ORFs in sequence Contig30...
2026-05-27 07:46:10 | INFO     | Success: 20 ORFs found in Contig30.
2026-05-27 07:46:10 | DEBUG    | Searching ORFs in sequence Contig31...
2026-05-27 07:46:10 | INFO     | Success: 10 ORFs found in Contig31.
2026-05-27 07:46:10 | DEBUG    | Searching ORFs in sequence Contig32...
2026-05-27 07:46:10 | INFO     | Success: 2 ORFs found in Contig32.
2026-05-27 07:46:10 | DEBUG    | Searching ORFs in sequence Contig33...
2026-05-27 07:46:10 | INFO     | Success: 13 ORFs found in Contig33.
2026-05-27 07:46:10 | DEBUG    | Searching ORFs in sequence Contig34...
2026-05-27 07:46:10 | INFO     | Success: 2 ORFs found in Contig34.
2026-05-27 07:46:10 | DEBUG    | Searching ORFs in sequence Contig35...
2026-05-27 07:46:10 | INFO     | Success: 3 ORFs found in Contig35.
2026-05-27 07:46:10 | DEBUG    | Searching ORFs in sequence Contig36...
2026-05-27 07:46:10 | INFO     | Success: 6 ORFs found in Contig36.
2026-05-27 07:46:10 | DEBUG    | Searching ORFs in sequence Contig37...
2026-05-27 07:46:10 | INFO     | Success: 8 ORFs found in Contig37.
2026-05-27 07:46:10 | DEBUG    | Searching ORFs in sequence Contig38...
2026-05-27 07:46:10 | INFO     | Success: 1 ORFs found in Contig38.
2026-05-27 07:46:10 | DEBUG    | Searching ORFs in sequence Contig39...
2026-05-27 07:46:10 | INFO     | Success: 0 ORFs found in Contig39.
2026-05-27 07:46:10 | DEBUG    | Searching ORFs in sequence Contig40...
2026-05-27 07:46:10 | INFO     | Success: 14 ORFs found in Contig40.
2026-05-27 07:46:10 | DEBUG    | Searching ORFs in sequence Contig41...
2026-05-27 07:46:10 | INFO     | Success: 1 ORFs found in Contig41.
2026-05-27 07:46:10 | DEBUG    | Searching ORFs in sequence Contig42...
2026-05-27 07:46:10 | INFO     | Success: 2 ORFs found in Contig42.
2026-05-27 07:46:10 | DEBUG    | Searching ORFs in sequence Contig43...
2026-05-27 07:46:10 | INFO     | Success: 5 ORFs found in Contig43.
2026-05-27 07:46:10 | DEBUG    | Searching ORFs in sequence Contig44...
2026-05-27 07:46:10 | INFO     | Success: 8 ORFs found in Contig44.
2026-05-27 07:46:10 | DEBUG    | Searching ORFs in sequence Contig45...
2026-05-27 07:46:10 | INFO     | Success: 1 ORFs found in Contig45.
2026-05-27 07:46:10 | DEBUG    | Searching ORFs in sequence Contig46...
2026-05-27 07:46:10 | INFO     | Success: 0 ORFs found in Contig46.
2026-05-27 07:46:10 | DEBUG    | Searching ORFs in sequence Contig47...
2026-05-27 07:46:10 | INFO     | Success: 8 ORFs found in Contig47.
2026-05-27 07:46:10 | DEBUG    | Searching ORFs in sequence Contig48...
2026-05-27 07:46:10 | INFO     | Success: 3 ORFs found in Contig48.
2026-05-27 07:46:10 | DEBUG    | Searching ORFs in sequence Contig49...
2026-05-27 07:46:10 | INFO     | Success: 8 ORFs found in Contig49.
2026-05-27 07:46:10 | DEBUG    | Searching ORFs in sequence Contig50...
2026-05-27 07:46:10 | INFO     | Success: 13 ORFs found in Contig50.
2026-05-27 07:46:10 | DEBUG    | Searching ORFs in sequence Contig51...
2026-05-27 07:46:10 | INFO     | Success: 26 ORFs found in Contig51.
2026-05-27 07:46:10 | DEBUG    | Searching ORFs in sequence Contig52...
2026-05-27 07:46:10 | INFO     | Success: 5 ORFs found in Contig52.
2026-05-27 07:46:10 | DEBUG    | Searching ORFs in sequence Contig53...
2026-05-27 07:46:10 | INFO     | Success: 17 ORFs found in Contig53.
2026-05-27 07:46:10 | DEBUG    | Searching ORFs in sequence Contig54...
2026-05-27 07:46:10 | INFO     | Success: 3 ORFs found in Contig54.
2026-05-27 07:46:10 | DEBUG    | Searching ORFs in sequence Contig55...
2026-05-27 07:46:10 | INFO     | Success: 0 ORFs found in Contig55.
2026-05-27 07:46:10 | DEBUG    | Searching ORFs in sequence Contig56...
2026-05-27 07:46:10 | INFO     | Success: 2 ORFs found in Contig56.
2026-05-27 07:46:10 | DEBUG    | Searching ORFs in sequence Contig57...
2026-05-27 07:46:10 | INFO     | Success: 2 ORFs found in Contig57.
2026-05-27 07:46:10 | DEBUG    | Searching ORFs in sequence Contig58...
2026-05-27 07:46:10 | INFO     | Success: 5 ORFs found in Contig58.
2026-05-27 07:46:10 | DEBUG    | Searching ORFs in sequence Contig59...
2026-05-27 07:46:10 | INFO     | Success: 8 ORFs found in Contig59.
2026-05-27 07:46:10 | DEBUG    | Searching ORFs in sequence Contig60...
2026-05-27 07:46:10 | INFO     | Success: 1 ORFs found in Contig60.
2026-05-27 07:46:10 | DEBUG    | Searching ORFs in sequence Contig61...
2026-05-27 07:46:10 | INFO     | Success: 1 ORFs found in Contig61.
2026-05-27 07:46:10 | DEBUG    | Searching ORFs in sequence Contig62...
2026-05-27 07:46:10 | INFO     | Success: 1 ORFs found in Contig62.
2026-05-27 07:46:10 | DEBUG    | Searching ORFs in sequence Contig63...
2026-05-27 07:46:10 | INFO     | Success: 3 ORFs found in Contig63.
2026-05-27 07:46:10 | DEBUG    | Searching ORFs in sequence Contig64...
2026-05-27 07:46:10 | INFO     | Success: 0 ORFs found in Contig64.
2026-05-27 07:46:10 | DEBUG    | Searching ORFs in sequence Contig65...
2026-05-27 07:46:10 | INFO     | Success: 17 ORFs found in Contig65.
2026-05-27 07:46:10 | DEBUG    | Searching ORFs in sequence Contig66...
2026-05-27 07:46:10 | INFO     | Success: 32 ORFs found in Contig66.
2026-05-27 07:46:10 | DEBUG    | Searching ORFs in sequence Contig67...
2026-05-27 07:46:10 | INFO     | Success: 0 ORFs found in Contig67.
2026-05-27 07:46:10 | DEBUG    | Searching ORFs in sequence Contig68...
2026-05-27 07:46:10 | INFO     | Success: 2 ORFs found in Contig68.
2026-05-27 07:46:10 | DEBUG    | Searching ORFs in sequence Contig69...
2026-05-27 07:46:10 | INFO     | Success: 7 ORFs found in Contig69.
2026-05-27 07:46:10 | DEBUG    | Searching ORFs in sequence Contig70...
2026-05-27 07:46:10 | INFO     | Success: 9 ORFs found in Contig70.
2026-05-27 07:46:10 | DEBUG    | Searching ORFs in sequence Contig71...
2026-05-27 07:46:10 | INFO     | Success: 2 ORFs found in Contig71.
2026-05-27 07:46:10 | DEBUG    | Searching ORFs in sequence Contig72...
2026-05-27 07:46:10 | INFO     | Success: 4 ORFs found in Contig72.
2026-05-27 07:46:10 | DEBUG    | Searching ORFs in sequence Contig73...
2026-05-27 07:46:10 | INFO     | Success: 6 ORFs found in Contig73.
2026-05-27 07:46:10 | DEBUG    | Searching ORFs in sequence Contig74...
2026-05-27 07:46:10 | INFO     | Success: 0 ORFs found in Contig74.
2026-05-27 07:46:10 | DEBUG    | Searching ORFs in sequence Contig75...
2026-05-27 07:46:10 | INFO     | Success: 1 ORFs found in Contig75.
2026-05-27 07:46:10 | DEBUG    | Searching ORFs in sequence Contig76...
2026-05-27 07:46:10 | INFO     | Success: 2 ORFs found in Contig76.
2026-05-27 07:46:10 | DEBUG    | Searching ORFs in sequence Contig77...
2026-05-27 07:46:10 | INFO     | Success: 11 ORFs found in Contig77.
2026-05-27 07:46:10 | DEBUG    | Searching ORFs in sequence Contig78...
2026-05-27 07:46:10 | INFO     | Success: 6 ORFs found in Contig78.
2026-05-27 07:46:10 | DEBUG    | Searching ORFs in sequence Contig79...
2026-05-27 07:46:10 | INFO     | Success: 5 ORFs found in Contig79.
2026-05-27 07:46:10 | DEBUG    | Searching ORFs in sequence Contig80...
2026-05-27 07:46:10 | INFO     | Success: 2 ORFs found in Contig80.
2026-05-27 07:46:10 | DEBUG    | Searching ORFs in sequence Contig81...
2026-05-27 07:46:10 | INFO     | Success: 1 ORFs found in Contig81.
2026-05-27 07:46:10 | DEBUG    | Searching ORFs in sequence Contig82...
2026-05-27 07:46:10 | INFO     | Success: 5 ORFs found in Contig82.
2026-05-27 07:46:10 | DEBUG    | Searching ORFs in sequence Contig83...
2026-05-27 07:46:10 | INFO     | Success: 11 ORFs found in Contig83.
2026-05-27 07:46:10 | DEBUG    | Searching ORFs in sequence Contig84...
2026-05-27 07:46:10 | INFO     | Success: 3 ORFs found in Contig84.
2026-05-27 07:46:10 | DEBUG    | Searching ORFs in sequence Contig85...
2026-05-27 07:46:10 | INFO     | Success: 4 ORFs found in Contig85.
2026-05-27 07:46:10 | DEBUG    | Searching ORFs in sequence Contig86...
2026-05-27 07:46:10 | INFO     | Success: 3 ORFs found in Contig86.
2026-05-27 07:46:10 | DEBUG    | Searching ORFs in sequence Contig87...
2026-05-27 07:46:10 | INFO     | Success: 22 ORFs found in Contig87.
2026-05-27 07:46:10 | DEBUG    | Searching ORFs in sequence Contig88...
2026-05-27 07:46:10 | INFO     | Success: 10 ORFs found in Contig88.
2026-05-27 07:46:10 | DEBUG    | Searching ORFs in sequence Contig89...
2026-05-27 07:46:10 | INFO     | Success: 1 ORFs found in Contig89.
2026-05-27 07:46:10 | DEBUG    | Searching ORFs in sequence Contig90...
2026-05-27 07:46:10 | INFO     | Success: 0 ORFs found in Contig90.
2026-05-27 07:46:10 | DEBUG    | Searching ORFs in sequence Contig91...
2026-05-27 07:46:10 | INFO     | Success: 1 ORFs found in Contig91.
2026-05-27 07:46:10 | DEBUG    | Searching ORFs in sequence Contig92...
2026-05-27 07:46:10 | INFO     | Success: 2 ORFs found in Contig92.
2026-05-27 07:46:10 | DEBUG    | Searching ORFs in sequence Contig93...
2026-05-27 07:46:10 | INFO     | Success: 15 ORFs found in Contig93.
2026-05-27 07:46:10 | DEBUG    | Searching ORFs in sequence Contig94...
2026-05-27 07:46:10 | INFO     | Success: 3 ORFs found in Contig94.
2026-05-27 07:46:10 | DEBUG    | Searching ORFs in sequence Contig95...
2026-05-27 07:46:10 | INFO     | Success: 2 ORFs found in Contig95.
2026-05-27 07:46:10 | DEBUG    | Searching ORFs in sequence Contig96...
2026-05-27 07:46:10 | INFO     | Success: 2 ORFs found in Contig96.
2026-05-27 07:46:10 | DEBUG    | Searching ORFs in sequence Contig97...
2026-05-27 07:46:10 | INFO     | Success: 4 ORFs found in Contig97.
2026-05-27 07:46:10 | DEBUG    | Searching ORFs in sequence Contig98...
2026-05-27 07:46:10 | INFO     | Success: 8 ORFs found in Contig98.
2026-05-27 07:46:10 | DEBUG    | Searching ORFs in sequence Contig99...
2026-05-27 07:46:10 | INFO     | Success: 1 ORFs found in Contig99.
2026-05-27 07:46:10 | DEBUG    | Searching ORFs in sequence Contig100...
2026-05-27 07:46:10 | INFO     | Success: 6 ORFs found in Contig100.
2026-05-27 07:46:10 | DEBUG    | Searching ORFs in sequence Contig101...
2026-05-27 07:46:10 | INFO     | Success: 8 ORFs found in Contig101.
2026-05-27 07:46:10 | DEBUG    | Searching ORFs in sequence Contig102...
2026-05-27 07:46:10 | INFO     | Success: 4 ORFs found in Contig102.
2026-05-27 07:46:10 | DEBUG    | Searching ORFs in sequence Contig103...
2026-05-27 07:46:10 | INFO     | Success: 2 ORFs found in Contig103.
2026-05-27 07:46:10 | DEBUG    | Searching ORFs in sequence Contig104...
2026-05-27 07:46:10 | INFO     | Success: 4 ORFs found in Contig104.
2026-05-27 07:46:10 | DEBUG    | Searching ORFs in sequence Contig105...
2026-05-27 07:46:10 | INFO     | Success: 1 ORFs found in Contig105.
2026-05-27 07:46:10 | DEBUG    | Searching ORFs in sequence Contig106...
2026-05-27 07:46:10 | INFO     | Success: 1 ORFs found in Contig106.
2026-05-27 07:46:10 | DEBUG    | Searching ORFs in sequence Contig107...
2026-05-27 07:46:10 | INFO     | Success: 3 ORFs found in Contig107.
2026-05-27 07:46:10 | DEBUG    | Searching ORFs in sequence Contig108...
2026-05-27 07:46:10 | INFO     | Success: 2 ORFs found in Contig108.
2026-05-27 07:46:10 | DEBUG    | Searching ORFs in sequence Contig109...
2026-05-27 07:46:10 | INFO     | Success: 2 ORFs found in Contig109.
2026-05-27 07:46:10 | DEBUG    | Searching ORFs in sequence Contig110...
2026-05-27 07:46:10 | INFO     | Success: 2 ORFs found in Contig110.
2026-05-27 07:46:10 | DEBUG    | Searching ORFs in sequence Contig111...
2026-05-27 07:46:10 | INFO     | Success: 4 ORFs found in Contig111.
2026-05-27 07:46:10 | DEBUG    | Searching ORFs in sequence Contig112...
2026-05-27 07:46:10 | INFO     | Success: 15 ORFs found in Contig112.
2026-05-27 07:46:10 | DEBUG    | Searching ORFs in sequence Contig113...
2026-05-27 07:46:10 | INFO     | Success: 8 ORFs found in Contig113.
2026-05-27 07:46:10 | DEBUG    | Searching ORFs in sequence Contig114...
2026-05-27 07:46:10 | INFO     | Success: 2 ORFs found in Contig114.
2026-05-27 07:46:10 | DEBUG    | Searching ORFs in sequence Contig115...
2026-05-27 07:46:10 | INFO     | Success: 14 ORFs found in Contig115.
2026-05-27 07:46:10 | DEBUG    | Searching ORFs in sequence Contig116...
2026-05-27 07:46:10 | INFO     | Success: 20 ORFs found in Contig116.
2026-05-27 07:46:10 | DEBUG    | Searching ORFs in sequence Contig117...
2026-05-27 07:46:10 | INFO     | Success: 3 ORFs found in Contig117.
2026-05-27 07:46:10 | DEBUG    | Searching ORFs in sequence Contig118...
2026-05-27 07:46:10 | INFO     | Success: 2 ORFs found in Contig118.
2026-05-27 07:46:10 | DEBUG    | Searching ORFs in sequence Contig119...
2026-05-27 07:46:10 | INFO     | Success: 1 ORFs found in Contig119.
2026-05-27 07:46:10 | DEBUG    | Searching ORFs in sequence Contig120...
2026-05-27 07:46:10 | INFO     | Success: 2 ORFs found in Contig120.
2026-05-27 07:46:10 | DEBUG    | Searching ORFs in sequence Contig121...
2026-05-27 07:46:10 | INFO     | Success: 1 ORFs found in Contig121.
2026-05-27 07:46:10 | DEBUG    | Searching ORFs in sequence Contig122...
2026-05-27 07:46:10 | INFO     | Success: 7 ORFs found in Contig122.
2026-05-27 07:46:10 | DEBUG    | Searching ORFs in sequence Contig123...
2026-05-27 07:46:10 | INFO     | Success: 12 ORFs found in Contig123.
2026-05-27 07:46:10 | DEBUG    | Searching ORFs in sequence Contig124...
2026-05-27 07:46:10 | INFO     | Success: 17 ORFs found in Contig124.
2026-05-27 07:46:10 | DEBUG    | Searching ORFs in sequence Contig125...
2026-05-27 07:46:10 | INFO     | Success: 20 ORFs found in Contig125.
2026-05-27 07:46:10 | DEBUG    | Searching ORFs in sequence Contig126...
2026-05-27 07:46:10 | INFO     | Success: 7 ORFs found in Contig126.
2026-05-27 07:46:10 | DEBUG    | Searching ORFs in sequence Contig127...
2026-05-27 07:46:10 | INFO     | Success: 4 ORFs found in Contig127.
2026-05-27 07:46:10 | DEBUG    | Searching ORFs in sequence Contig128...
2026-05-27 07:46:10 | INFO     | Success: 9 ORFs found in Contig128.
2026-05-27 07:46:10 | DEBUG    | Searching ORFs in sequence Contig129...
2026-05-27 07:46:10 | INFO     | Success: 2 ORFs found in Contig129.
2026-05-27 07:46:10 | DEBUG    | Searching ORFs in sequence Contig130...
2026-05-27 07:46:10 | INFO     | Success: 2 ORFs found in Contig130.
2026-05-27 07:46:10 | DEBUG    | Searching ORFs in sequence Contig131...
2026-05-27 07:46:10 | INFO     | Success: 3 ORFs found in Contig131.
2026-05-27 07:46:10 | DEBUG    | Searching ORFs in sequence Contig132...
2026-05-27 07:46:10 | INFO     | Success: 11 ORFs found in Contig132.
2026-05-27 07:46:10 | DEBUG    | Searching ORFs in sequence Contig133...
2026-05-27 07:46:10 | INFO     | Success: 4 ORFs found in Contig133.
2026-05-27 07:46:10 | DEBUG    | Searching ORFs in sequence Contig134...
2026-05-27 07:46:10 | INFO     | Success: 9 ORFs found in Contig134.
2026-05-27 07:46:10 | DEBUG    | Searching ORFs in sequence Contig135...
2026-05-27 07:46:10 | INFO     | Success: 6 ORFs found in Contig135.
2026-05-27 07:46:10 | DEBUG    | Searching ORFs in sequence Contig136...
2026-05-27 07:46:10 | INFO     | Success: 8 ORFs found in Contig136.
2026-05-27 07:46:10 | DEBUG    | Searching ORFs in sequence Contig137...
2026-05-27 07:46:10 | INFO     | Success: 6 ORFs found in Contig137.
2026-05-27 07:46:10 | DEBUG    | Searching ORFs in sequence Contig138...
2026-05-27 07:46:10 | INFO     | Success: 3 ORFs found in Contig138.
2026-05-27 07:46:10 | DEBUG    | Searching ORFs in sequence Contig139...
2026-05-27 07:46:10 | INFO     | Success: 4 ORFs found in Contig139.
2026-05-27 07:46:10 | DEBUG    | Searching ORFs in sequence Contig140...
2026-05-27 07:46:10 | INFO     | Success: 1 ORFs found in Contig140.
2026-05-27 07:46:10 | DEBUG    | Searching ORFs in sequence Contig141...
2026-05-27 07:46:10 | INFO     | Success: 19 ORFs found in Contig141.
2026-05-27 07:46:10 | DEBUG    | Searching ORFs in sequence Contig142...
2026-05-27 07:46:10 | INFO     | Success: 4 ORFs found in Contig142.
2026-05-27 07:46:10 | DEBUG    | Searching ORFs in sequence Contig143...
2026-05-27 07:46:10 | INFO     | Success: 6 ORFs found in Contig143.
2026-05-27 07:46:10 | DEBUG    | Searching ORFs in sequence Contig144...
2026-05-27 07:46:10 | INFO     | Success: 7 ORFs found in Contig144.
2026-05-27 07:46:10 | DEBUG    | Searching ORFs in sequence Contig145...
2026-05-27 07:46:10 | INFO     | Success: 2 ORFs found in Contig145.
2026-05-27 07:46:10 | DEBUG    | Searching ORFs in sequence Contig146...
2026-05-27 07:46:10 | INFO     | Success: 4 ORFs found in Contig146.
2026-05-27 07:46:10 | DEBUG    | Searching ORFs in sequence Contig147...
2026-05-27 07:46:10 | INFO     | Success: 11 ORFs found in Contig147.
2026-05-27 07:46:10 | DEBUG    | Searching ORFs in sequence Contig148...
2026-05-27 07:46:10 | INFO     | Success: 5 ORFs found in Contig148.
2026-05-27 07:46:10 | DEBUG    | Searching ORFs in sequence Contig149...
2026-05-27 07:46:10 | INFO     | Success: 2 ORFs found in Contig149.
2026-05-27 07:46:10 | DEBUG    | Searching ORFs in sequence Contig150...
2026-05-27 07:46:10 | INFO     | Success: 0 ORFs found in Contig150.
2026-05-27 07:46:10 | DEBUG    | Searching ORFs in sequence Contig151...
2026-05-27 07:46:10 | INFO     | Success: 4 ORFs found in Contig151.
2026-05-27 07:46:10 | DEBUG    | Searching ORFs in sequence Contig152...
2026-05-27 07:46:10 | INFO     | Success: 3 ORFs found in Contig152.
2026-05-27 07:46:10 | DEBUG    | Searching ORFs in sequence Contig153...
2026-05-27 07:46:10 | INFO     | Success: 4 ORFs found in Contig153.
2026-05-27 07:46:10 | DEBUG    | Searching ORFs in sequence Contig154...
2026-05-27 07:46:10 | INFO     | Success: 23 ORFs found in Contig154.
2026-05-27 07:46:10 | DEBUG    | Searching ORFs in sequence Contig155...
2026-05-27 07:46:10 | INFO     | Success: 21 ORFs found in Contig155.
2026-05-27 07:46:10 | DEBUG    | Searching ORFs in sequence Contig156...
2026-05-27 07:46:10 | INFO     | Success: 20 ORFs found in Contig156.
2026-05-27 07:46:10 | DEBUG    | Searching ORFs in sequence Contig157...
2026-05-27 07:46:10 | INFO     | Success: 8 ORFs found in Contig157.
2026-05-27 07:46:10 | DEBUG    | Searching ORFs in sequence Contig158...
2026-05-27 07:46:10 | INFO     | Success: 19 ORFs found in Contig158.
2026-05-27 07:46:10 | DEBUG    | Searching ORFs in sequence Contig159...
2026-05-27 07:46:10 | INFO     | Success: 21 ORFs found in Contig159.
2026-05-27 07:46:10 | DEBUG    | Searching ORFs in sequence Contig160...
2026-05-27 07:46:10 | INFO     | Success: 8 ORFs found in Contig160.
2026-05-27 07:46:10 | DEBUG    | Searching ORFs in sequence Contig161...
2026-05-27 07:46:10 | INFO     | Success: 2 ORFs found in Contig161.
2026-05-27 07:46:10 | DEBUG    | Searching ORFs in sequence Contig162...
2026-05-27 07:46:10 | INFO     | Success: 4 ORFs found in Contig162.
2026-05-27 07:46:10 | DEBUG    | Searching ORFs in sequence Contig163...
2026-05-27 07:46:10 | INFO     | Success: 7 ORFs found in Contig163.
2026-05-27 07:46:10 | DEBUG    | Searching ORFs in sequence Contig164...
2026-05-27 07:46:10 | INFO     | Success: 3 ORFs found in Contig164.
2026-05-27 07:46:10 | DEBUG    | Searching ORFs in sequence Contig165...
2026-05-27 07:46:10 | INFO     | Success: 11 ORFs found in Contig165.
2026-05-27 07:46:10 | DEBUG    | Searching ORFs in sequence Contig166...
2026-05-27 07:46:10 | INFO     | Success: 3 ORFs found in Contig166.
2026-05-27 07:46:10 | DEBUG    | Searching ORFs in sequence Contig167...
2026-05-27 07:46:10 | INFO     | Success: 5 ORFs found in Contig167.
2026-05-27 07:46:10 | DEBUG    | Searching ORFs in sequence Contig168...
2026-05-27 07:46:10 | INFO     | Success: 5 ORFs found in Contig168.
2026-05-27 07:46:10 | DEBUG    | Searching ORFs in sequence Contig169...
2026-05-27 07:46:10 | INFO     | Success: 4 ORFs found in Contig169.
2026-05-27 07:46:10 | DEBUG    | Searching ORFs in sequence Contig170...
2026-05-27 07:46:10 | INFO     | Success: 17 ORFs found in Contig170.
2026-05-27 07:46:10 | DEBUG    | Searching ORFs in sequence Contig171...
2026-05-27 07:46:10 | INFO     | Success: 11 ORFs found in Contig171.
2026-05-27 07:46:10 | DEBUG    | Searching ORFs in sequence Contig172...
2026-05-27 07:46:10 | INFO     | Success: 2 ORFs found in Contig172.
2026-05-27 07:46:10 | DEBUG    | Searching ORFs in sequence Contig173...
2026-05-27 07:46:10 | INFO     | Success: 3 ORFs found in Contig173.
2026-05-27 07:46:10 | DEBUG    | Searching ORFs in sequence Contig174...
2026-05-27 07:46:10 | INFO     | Success: 12 ORFs found in Contig174.
2026-05-27 07:46:10 | DEBUG    | Searching ORFs in sequence Contig175...
2026-05-27 07:46:10 | INFO     | Success: 4 ORFs found in Contig175.
2026-05-27 07:46:10 | DEBUG    | Searching ORFs in sequence Contig176...
2026-05-27 07:46:10 | INFO     | Success: 2 ORFs found in Contig176.
2026-05-27 07:46:10 | DEBUG    | Searching ORFs in sequence Contig177...
2026-05-27 07:46:10 | INFO     | Success: 9 ORFs found in Contig177.
2026-05-27 07:46:10 | DEBUG    | Searching ORFs in sequence Contig178...
2026-05-27 07:46:10 | INFO     | Success: 16 ORFs found in Contig178.
2026-05-27 07:46:10 | DEBUG    | Searching ORFs in sequence Contig179...
2026-05-27 07:46:10 | INFO     | Success: 1 ORFs found in Contig179.
2026-05-27 07:46:10 | DEBUG    | Searching ORFs in sequence Contig180...
2026-05-27 07:46:10 | INFO     | Success: 4 ORFs found in Contig180.
2026-05-27 07:46:10 | DEBUG    | Searching ORFs in sequence Contig181...
2026-05-27 07:46:10 | INFO     | Success: 0 ORFs found in Contig181.
2026-05-27 07:46:10 | DEBUG    | Searching ORFs in sequence Contig182...
2026-05-27 07:46:10 | INFO     | Success: 22 ORFs found in Contig182.
2026-05-27 07:46:10 | DEBUG    | Searching ORFs in sequence Contig183...
2026-05-27 07:46:10 | INFO     | Success: 5 ORFs found in Contig183.
2026-05-27 07:46:10 | DEBUG    | Searching ORFs in sequence Contig184...
2026-05-27 07:46:10 | INFO     | Success: 4 ORFs found in Contig184.
2026-05-27 07:46:10 | DEBUG    | Searching ORFs in sequence Contig185...
2026-05-27 07:46:10 | INFO     | Success: 2 ORFs found in Contig185.
2026-05-27 07:46:10 | DEBUG    | Searching ORFs in sequence Contig186...
2026-05-27 07:46:10 | INFO     | Success: 8 ORFs found in Contig186.
2026-05-27 07:46:10 | DEBUG    | Searching ORFs in sequence Contig187...
2026-05-27 07:46:10 | INFO     | Success: 3 ORFs found in Contig187.
2026-05-27 07:46:10 | DEBUG    | Searching ORFs in sequence Contig188...
2026-05-27 07:46:10 | INFO     | Success: 8 ORFs found in Contig188.
2026-05-27 07:46:10 | DEBUG    | Searching ORFs in sequence Contig189...
2026-05-27 07:46:10 | INFO     | Success: 3 ORFs found in Contig189.
2026-05-27 07:46:10 | DEBUG    | Searching ORFs in sequence Contig190...
2026-05-27 07:46:10 | INFO     | Success: 3 ORFs found in Contig190.
2026-05-27 07:46:10 | DEBUG    | Searching ORFs in sequence Contig191...
2026-05-27 07:46:10 | INFO     | Success: 6 ORFs found in Contig191.
2026-05-27 07:46:10 | DEBUG    | Searching ORFs in sequence Contig192...
2026-05-27 07:46:10 | INFO     | Success: 1 ORFs found in Contig192.
2026-05-27 07:46:10 | DEBUG    | Searching ORFs in sequence Contig193...
2026-05-27 07:46:10 | INFO     | Success: 7 ORFs found in Contig193.
2026-05-27 07:46:10 | DEBUG    | Searching ORFs in sequence Contig194...
2026-05-27 07:46:10 | INFO     | Success: 1 ORFs found in Contig194.
2026-05-27 07:46:10 | DEBUG    | Searching ORFs in sequence Contig195...
2026-05-27 07:46:10 | INFO     | Success: 4 ORFs found in Contig195.
2026-05-27 07:46:10 | DEBUG    | Searching ORFs in sequence Contig196...
2026-05-27 07:46:10 | INFO     | Success: 4 ORFs found in Contig196.
2026-05-27 07:46:10 | DEBUG    | Searching ORFs in sequence Contig197...
2026-05-27 07:46:10 | INFO     | Success: 9 ORFs found in Contig197.
2026-05-27 07:46:10 | DEBUG    | Searching ORFs in sequence Contig198...
2026-05-27 07:46:10 | INFO     | Success: 1 ORFs found in Contig198.
2026-05-27 07:46:10 | DEBUG    | Searching ORFs in sequence Contig199...
2026-05-27 07:46:10 | INFO     | Success: 5 ORFs found in Contig199.
2026-05-27 07:46:10 | DEBUG    | Searching ORFs in sequence Contig200...
2026-05-27 07:46:10 | INFO     | Success: 8 ORFs found in Contig200.
2026-05-27 07:46:10 | DEBUG    | Searching ORFs in sequence Contig201...
2026-05-27 07:46:10 | INFO     | Success: 9 ORFs found in Contig201.
2026-05-27 07:46:10 | DEBUG    | Searching ORFs in sequence Contig202...
2026-05-27 07:46:10 | INFO     | Success: 3 ORFs found in Contig202.
2026-05-27 07:46:10 | DEBUG    | Searching ORFs in sequence Contig203...
2026-05-27 07:46:10 | INFO     | Success: 3 ORFs found in Contig203.
2026-05-27 07:46:10 | DEBUG    | Searching ORFs in sequence Contig204...
2026-05-27 07:46:10 | INFO     | Success: 2 ORFs found in Contig204.
2026-05-27 07:46:10 | DEBUG    | Searching ORFs in sequence Contig205...
2026-05-27 07:46:10 | INFO     | Success: 4 ORFs found in Contig205.
2026-05-27 07:46:10 | DEBUG    | Searching ORFs in sequence Contig206...
2026-05-27 07:46:10 | INFO     | Success: 4 ORFs found in Contig206.
2026-05-27 07:46:10 | DEBUG    | Searching ORFs in sequence Contig207...
2026-05-27 07:46:10 | INFO     | Success: 8 ORFs found in Contig207.
2026-05-27 07:46:10 | DEBUG    | Searching ORFs in sequence Contig208...
2026-05-27 07:46:10 | INFO     | Success: 6 ORFs found in Contig208.
2026-05-27 07:46:10 | DEBUG    | Searching ORFs in sequence Contig209...
2026-05-27 07:46:10 | INFO     | Success: 0 ORFs found in Contig209.
2026-05-27 07:46:10 | DEBUG    | Searching ORFs in sequence Contig210...
2026-05-27 07:46:10 | INFO     | Success: 9 ORFs found in Contig210.
2026-05-27 07:46:10 | DEBUG    | Searching ORFs in sequence Contig211...
2026-05-27 07:46:10 | INFO     | Success: 1 ORFs found in Contig211.
2026-05-27 07:46:10 | DEBUG    | Searching ORFs in sequence Contig212...
2026-05-27 07:46:10 | INFO     | Success: 5 ORFs found in Contig212.
2026-05-27 07:46:10 | DEBUG    | Searching ORFs in sequence Contig213...
2026-05-27 07:46:10 | INFO     | Success: 2 ORFs found in Contig213.
2026-05-27 07:46:10 | DEBUG    | Searching ORFs in sequence Contig214...
2026-05-27 07:46:10 | INFO     | Success: 2 ORFs found in Contig214.
2026-05-27 07:46:10 | DEBUG    | Searching ORFs in sequence Contig215...
2026-05-27 07:46:10 | INFO     | Success: 11 ORFs found in Contig215.
2026-05-27 07:46:10 | DEBUG    | Searching ORFs in sequence Contig216...
2026-05-27 07:46:10 | INFO     | Success: 9 ORFs found in Contig216.
2026-05-27 07:46:10 | DEBUG    | Searching ORFs in sequence Contig217...
2026-05-27 07:46:10 | INFO     | Success: 7 ORFs found in Contig217.
2026-05-27 07:46:10 | DEBUG    | Searching ORFs in sequence Contig218...
2026-05-27 07:46:10 | INFO     | Success: 7 ORFs found in Contig218.
2026-05-27 07:46:10 | DEBUG    | Searching ORFs in sequence Contig219...
2026-05-27 07:46:10 | INFO     | Success: 8 ORFs found in Contig219.
2026-05-27 07:46:10 | DEBUG    | Searching ORFs in sequence Contig220...
2026-05-27 07:46:10 | INFO     | Success: 7 ORFs found in Contig220.
2026-05-27 07:46:10 | DEBUG    | Searching ORFs in sequence Contig221...
2026-05-27 07:46:10 | INFO     | Success: 4 ORFs found in Contig221.
2026-05-27 07:46:10 | DEBUG    | Searching ORFs in sequence Contig222...
2026-05-27 07:46:10 | INFO     | Success: 2 ORFs found in Contig222.
2026-05-27 07:46:10 | DEBUG    | Searching ORFs in sequence Contig223...
2026-05-27 07:46:10 | INFO     | Success: 3 ORFs found in Contig223.
2026-05-27 07:46:10 | DEBUG    | Searching ORFs in sequence Contig224...
2026-05-27 07:46:10 | INFO     | Success: 3 ORFs found in Contig224.
2026-05-27 07:46:10 | DEBUG    | Searching ORFs in sequence Contig225...
2026-05-27 07:46:10 | INFO     | Success: 4 ORFs found in Contig225.
2026-05-27 07:46:10 | DEBUG    | Searching ORFs in sequence Contig226...
2026-05-27 07:46:10 | INFO     | Success: 16 ORFs found in Contig226.
2026-05-27 07:46:10 | DEBUG    | Searching ORFs in sequence Contig227...
2026-05-27 07:46:10 | INFO     | Success: 15 ORFs found in Contig227.
2026-05-27 07:46:10 | DEBUG    | Searching ORFs in sequence Contig228...
2026-05-27 07:46:10 | INFO     | Success: 14 ORFs found in Contig228.
2026-05-27 07:46:10 | DEBUG    | Searching ORFs in sequence Contig229...
2026-05-27 07:46:10 | INFO     | Success: 8 ORFs found in Contig229.
2026-05-27 07:46:10 | DEBUG    | Searching ORFs in sequence Contig230...
2026-05-27 07:46:10 | INFO     | Success: 8 ORFs found in Contig230.
2026-05-27 07:46:10 | DEBUG    | Searching ORFs in sequence Contig231...
2026-05-27 07:46:10 | INFO     | Success: 3 ORFs found in Contig231.
2026-05-27 07:46:10 | DEBUG    | Searching ORFs in sequence Contig232...
2026-05-27 07:46:10 | INFO     | Success: 1 ORFs found in Contig232.
2026-05-27 07:46:10 | DEBUG    | Searching ORFs in sequence Contig233...
2026-05-27 07:46:10 | INFO     | Success: 5 ORFs found in Contig233.
2026-05-27 07:46:10 | DEBUG    | Searching ORFs in sequence Contig234...
2026-05-27 07:46:10 | INFO     | Success: 27 ORFs found in Contig234.
2026-05-27 07:46:10 | DEBUG    | Searching ORFs in sequence Contig235...
2026-05-27 07:46:10 | INFO     | Success: 43 ORFs found in Contig235.
2026-05-27 07:46:10 | DEBUG    | Searching ORFs in sequence Contig236...
2026-05-27 07:46:10 | INFO     | Success: 7 ORFs found in Contig236.
2026-05-27 07:46:10 | DEBUG    | Searching ORFs in sequence Contig237...
2026-05-27 07:46:10 | INFO     | Success: 19 ORFs found in Contig237.
2026-05-27 07:46:10 | DEBUG    | Searching ORFs in sequence Contig238...
2026-05-27 07:46:10 | INFO     | Success: 3 ORFs found in Contig238.
2026-05-27 07:46:10 | DEBUG    | Searching ORFs in sequence Contig239...
2026-05-27 07:46:10 | INFO     | Success: 4 ORFs found in Contig239.
2026-05-27 07:46:10 | DEBUG    | Searching ORFs in sequence Contig240...
2026-05-27 07:46:10 | INFO     | Success: 30 ORFs found in Contig240.
2026-05-27 07:46:10 | DEBUG    | Searching ORFs in sequence Contig241...
2026-05-27 07:46:10 | INFO     | Success: 6 ORFs found in Contig241.
2026-05-27 07:46:10 | DEBUG    | Searching ORFs in sequence Contig242...
2026-05-27 07:46:10 | INFO     | Success: 4 ORFs found in Contig242.
2026-05-27 07:46:10 | DEBUG    | Searching ORFs in sequence Contig243...
2026-05-27 07:46:10 | INFO     | Success: 8 ORFs found in Contig243.
2026-05-27 07:46:10 | DEBUG    | Searching ORFs in sequence Contig244...
2026-05-27 07:46:10 | INFO     | Success: 8 ORFs found in Contig244.
2026-05-27 07:46:10 | DEBUG    | Searching ORFs in sequence Contig245...
2026-05-27 07:46:10 | INFO     | Success: 7 ORFs found in Contig245.
2026-05-27 07:46:10 | DEBUG    | Searching ORFs in sequence Contig246...
2026-05-27 07:46:10 | INFO     | Success: 9 ORFs found in Contig246.
2026-05-27 07:46:10 | DEBUG    | Searching ORFs in sequence Contig247...
2026-05-27 07:46:10 | INFO     | Success: 10 ORFs found in Contig247.
2026-05-27 07:46:10 | DEBUG    | Searching ORFs in sequence Contig248...
2026-05-27 07:46:10 | INFO     | Success: 1 ORFs found in Contig248.
2026-05-27 07:46:10 | DEBUG    | Searching ORFs in sequence Contig249...
2026-05-27 07:46:10 | INFO     | Success: 12 ORFs found in Contig249.
2026-05-27 07:46:10 | DEBUG    | Searching ORFs in sequence Contig250...
2026-05-27 07:46:10 | INFO     | Success: 4 ORFs found in Contig250.
2026-05-27 07:46:10 | DEBUG    | Searching ORFs in sequence Contig251...
2026-05-27 07:46:10 | INFO     | Success: 2 ORFs found in Contig251.
2026-05-27 07:46:10 | DEBUG    | Searching ORFs in sequence Contig252...
2026-05-27 07:46:10 | INFO     | Success: 28 ORFs found in Contig252.
2026-05-27 07:46:10 | DEBUG    | Searching ORFs in sequence Contig253...
2026-05-27 07:46:10 | INFO     | Success: 80 ORFs found in Contig253.
2026-05-27 07:46:10 | DEBUG    | Searching ORFs in sequence Contig254...
2026-05-27 07:46:10 | INFO     | Success: 14 ORFs found in Contig254.
2026-05-27 07:46:10 | DEBUG    | Searching ORFs in sequence Contig255...
2026-05-27 07:46:10 | INFO     | Success: 7 ORFs found in Contig255.
2026-05-27 07:46:10 | DEBUG    | Searching ORFs in sequence Contig256...
2026-05-27 07:46:10 | INFO     | Success: 6 ORFs found in Contig256.
2026-05-27 07:46:10 | DEBUG    | Searching ORFs in sequence Contig257...
2026-05-27 07:46:10 | INFO     | Success: 11 ORFs found in Contig257.
2026-05-27 07:46:10 | DEBUG    | Searching ORFs in sequence Contig258...
2026-05-27 07:46:10 | INFO     | Success: 23 ORFs found in Contig258.
2026-05-27 07:46:10 | DEBUG    | Searching ORFs in sequence Contig259...
2026-05-27 07:46:10 | INFO     | Success: 8 ORFs found in Contig259.
2026-05-27 07:46:10 | DEBUG    | Searching ORFs in sequence Contig260...
2026-05-27 07:46:10 | INFO     | Success: 5 ORFs found in Contig260.
2026-05-27 07:46:10 | DEBUG    | Searching ORFs in sequence Contig261...
2026-05-27 07:46:10 | INFO     | Success: 5 ORFs found in Contig261.
2026-05-27 07:46:10 | DEBUG    | Searching ORFs in sequence Contig262...
2026-05-27 07:46:10 | INFO     | Success: 4 ORFs found in Contig262.
2026-05-27 07:46:10 | DEBUG    | Searching ORFs in sequence Contig263...
2026-05-27 07:46:10 | INFO     | Success: 15 ORFs found in Contig263.
2026-05-27 07:46:10 | DEBUG    | Searching ORFs in sequence Contig264...
2026-05-27 07:46:10 | INFO     | Success: 10 ORFs found in Contig264.
2026-05-27 07:46:10 | DEBUG    | Searching ORFs in sequence Contig265...
2026-05-27 07:46:10 | INFO     | Success: 12 ORFs found in Contig265.
2026-05-27 07:46:10 | DEBUG    | Searching ORFs in sequence Contig266...
2026-05-27 07:46:10 | INFO     | Success: 28 ORFs found in Contig266.
2026-05-27 07:46:10 | DEBUG    | Searching ORFs in sequence Contig267...
2026-05-27 07:46:10 | INFO     | Success: 7 ORFs found in Contig267.
2026-05-27 07:46:10 | DEBUG    | Searching ORFs in sequence Contig268...
2026-05-27 07:46:10 | INFO     | Success: 18 ORFs found in Contig268.
2026-05-27 07:46:10 | DEBUG    | Searching ORFs in sequence Contig269...
2026-05-27 07:46:10 | INFO     | Success: 13 ORFs found in Contig269.
2026-05-27 07:46:10 | DEBUG    | Searching ORFs in sequence Contig270...
2026-05-27 07:46:10 | INFO     | Success: 6 ORFs found in Contig270.
2026-05-27 07:46:10 | DEBUG    | Searching ORFs in sequence Contig271...
2026-05-27 07:46:10 | INFO     | Success: 4 ORFs found in Contig271.
2026-05-27 07:46:10 | DEBUG    | Searching ORFs in sequence Contig272...
2026-05-27 07:46:10 | INFO     | Success: 2 ORFs found in Contig272.
2026-05-27 07:46:10 | DEBUG    | Searching ORFs in sequence Contig273...
2026-05-27 07:46:10 | INFO     | Success: 1 ORFs found in Contig273.
2026-05-27 07:46:10 | DEBUG    | Searching ORFs in sequence Contig274...
2026-05-27 07:46:10 | INFO     | Success: 26 ORFs found in Contig274.
2026-05-27 07:46:10 | DEBUG    | Searching ORFs in sequence Contig275...
2026-05-27 07:46:10 | INFO     | Success: 3 ORFs found in Contig275.
2026-05-27 07:46:10 | DEBUG    | Searching ORFs in sequence Contig276...
2026-05-27 07:46:10 | INFO     | Success: 18 ORFs found in Contig276.
2026-05-27 07:46:10 | DEBUG    | Searching ORFs in sequence Contig277...
2026-05-27 07:46:10 | INFO     | Success: 5 ORFs found in Contig277.
2026-05-27 07:46:10 | DEBUG    | Searching ORFs in sequence Contig278...
2026-05-27 07:46:10 | INFO     | Success: 10 ORFs found in Contig278.
2026-05-27 07:46:10 | DEBUG    | Searching ORFs in sequence Contig279...
2026-05-27 07:46:10 | INFO     | Success: 6 ORFs found in Contig279.
2026-05-27 07:46:10 | DEBUG    | Searching ORFs in sequence Contig280...
2026-05-27 07:46:10 | INFO     | Success: 3 ORFs found in Contig280.
2026-05-27 07:46:10 | DEBUG    | Searching ORFs in sequence Contig281...
2026-05-27 07:46:10 | INFO     | Success: 5 ORFs found in Contig281.
2026-05-27 07:46:10 | DEBUG    | Searching ORFs in sequence Contig282...
2026-05-27 07:46:10 | INFO     | Success: 15 ORFs found in Contig282.
2026-05-27 07:46:10 | DEBUG    | Searching ORFs in sequence Contig283...
2026-05-27 07:46:10 | INFO     | Success: 7 ORFs found in Contig283.
2026-05-27 07:46:10 | DEBUG    | Searching ORFs in sequence Contig284...
2026-05-27 07:46:10 | INFO     | Success: 5 ORFs found in Contig284.
2026-05-27 07:46:10 | DEBUG    | Searching ORFs in sequence Contig285...
2026-05-27 07:46:10 | INFO     | Success: 5 ORFs found in Contig285.
2026-05-27 07:46:10 | DEBUG    | Searching ORFs in sequence Contig286...
2026-05-27 07:46:10 | INFO     | Success: 15 ORFs found in Contig286.
2026-05-27 07:46:10 | DEBUG    | Searching ORFs in sequence Contig287...
2026-05-27 07:46:10 | INFO     | Success: 7 ORFs found in Contig287.
2026-05-27 07:46:10 | DEBUG    | Searching ORFs in sequence Contig288...
2026-05-27 07:46:10 | INFO     | Success: 31 ORFs found in Contig288.
2026-05-27 07:46:10 | DEBUG    | Searching ORFs in sequence Contig289...
2026-05-27 07:46:10 | INFO     | Success: 28 ORFs found in Contig289.
2026-05-27 07:46:10 | DEBUG    | Searching ORFs in sequence Contig290...
2026-05-27 07:46:10 | INFO     | Success: 27 ORFs found in Contig290.
2026-05-27 07:46:10 | DEBUG    | Searching ORFs in sequence Contig291...
2026-05-27 07:46:10 | INFO     | Success: 28 ORFs found in Contig291.
2026-05-27 07:46:10 | DEBUG    | Searching ORFs in sequence Contig292...
2026-05-27 07:46:10 | INFO     | Success: 0 ORFs found in Contig292.
2026-05-27 07:46:10 | DEBUG    | Searching ORFs in sequence Contig293...
2026-05-27 07:46:10 | INFO     | Success: 12 ORFs found in Contig293.
2026-05-27 07:46:10 | DEBUG    | Searching ORFs in sequence Contig294...
2026-05-27 07:46:10 | INFO     | Success: 7 ORFs found in Contig294.
2026-05-27 07:46:10 | DEBUG    | Searching ORFs in sequence Contig295...
2026-05-27 07:46:10 | INFO     | Success: 15 ORFs found in Contig295.
2026-05-27 07:46:10 | DEBUG    | Searching ORFs in sequence Contig296...
2026-05-27 07:46:10 | INFO     | Success: 18 ORFs found in Contig296.
2026-05-27 07:46:10 | DEBUG    | Searching ORFs in sequence Contig297...
2026-05-27 07:46:10 | INFO     | Success: 1 ORFs found in Contig297.
2026-05-27 07:46:10 | DEBUG    | Searching ORFs in sequence Contig298...
2026-05-27 07:46:10 | INFO     | Success: 1 ORFs found in Contig298.
2026-05-27 07:46:10 | DEBUG    | Searching ORFs in sequence Contig299...
2026-05-27 07:46:10 | INFO     | Success: 0 ORFs found in Contig299.
2026-05-27 07:46:10 | DEBUG    | Searching ORFs in sequence Contig300...
2026-05-27 07:46:10 | INFO     | Success: 3 ORFs found in Contig300.
2026-05-27 07:46:10 | DEBUG    | Searching ORFs in sequence Contig301...
2026-05-27 07:46:10 | INFO     | Success: 11 ORFs found in Contig301.
2026-05-27 07:46:10 | DEBUG    | Searching ORFs in sequence Contig302...
2026-05-27 07:46:10 | INFO     | Success: 9 ORFs found in Contig302.
2026-05-27 07:46:10 | DEBUG    | Searching ORFs in sequence Contig303...
2026-05-27 07:46:10 | INFO     | Success: 19 ORFs found in Contig303.
2026-05-27 07:46:10 | DEBUG    | Searching ORFs in sequence Contig304...
2026-05-27 07:46:10 | INFO     | Success: 10 ORFs found in Contig304.
2026-05-27 07:46:10 | DEBUG    | Searching ORFs in sequence Contig305...
2026-05-27 07:46:10 | INFO     | Success: 8 ORFs found in Contig305.
2026-05-27 07:46:10 | DEBUG    | Searching ORFs in sequence Contig306...
2026-05-27 07:46:10 | INFO     | Success: 3 ORFs found in Contig306.
2026-05-27 07:46:10 | DEBUG    | Searching ORFs in sequence Contig307...
2026-05-27 07:46:10 | INFO     | Success: 3 ORFs found in Contig307.
2026-05-27 07:46:10 | DEBUG    | Searching ORFs in sequence Contig308...
2026-05-27 07:46:10 | INFO     | Success: 0 ORFs found in Contig308.
2026-05-27 07:46:10 | DEBUG    | Searching ORFs in sequence Contig309...
2026-05-27 07:46:10 | INFO     | Success: 5 ORFs found in Contig309.
2026-05-27 07:46:10 | DEBUG    | Searching ORFs in sequence Contig310...
2026-05-27 07:46:10 | INFO     | Success: 9 ORFs found in Contig310.
2026-05-27 07:46:10 | DEBUG    | Searching ORFs in sequence Contig311...
2026-05-27 07:46:10 | INFO     | Success: 2 ORFs found in Contig311.
2026-05-27 07:46:10 | DEBUG    | Searching ORFs in sequence Contig312...
2026-05-27 07:46:10 | INFO     | Success: 5 ORFs found in Contig312.
2026-05-27 07:46:10 | DEBUG    | Searching ORFs in sequence Contig313...
2026-05-27 07:46:10 | INFO     | Success: 4 ORFs found in Contig313.
2026-05-27 07:46:10 | DEBUG    | Searching ORFs in sequence Contig314...
2026-05-27 07:46:10 | INFO     | Success: 3 ORFs found in Contig314.
2026-05-27 07:46:10 | DEBUG    | Searching ORFs in sequence Contig315...
2026-05-27 07:46:10 | INFO     | Success: 8 ORFs found in Contig315.
2026-05-27 07:46:10 | DEBUG    | Searching ORFs in sequence Contig316...
2026-05-27 07:46:10 | INFO     | Success: 2 ORFs found in Contig316.
2026-05-27 07:46:10 | DEBUG    | Searching ORFs in sequence Contig317...
2026-05-27 07:46:10 | INFO     | Success: 12 ORFs found in Contig317.
2026-05-27 07:46:10 | DEBUG    | Searching ORFs in sequence Contig318...
2026-05-27 07:46:10 | INFO     | Success: 10 ORFs found in Contig318.
2026-05-27 07:46:10 | DEBUG    | Searching ORFs in sequence Contig319...
2026-05-27 07:46:10 | INFO     | Success: 9 ORFs found in Contig319.
2026-05-27 07:46:10 | DEBUG    | Searching ORFs in sequence Contig320...
2026-05-27 07:46:10 | INFO     | Success: 11 ORFs found in Contig320.
2026-05-27 07:46:10 | DEBUG    | Searching ORFs in sequence Contig321...
2026-05-27 07:46:10 | INFO     | Success: 6 ORFs found in Contig321.
2026-05-27 07:46:10 | DEBUG    | Searching ORFs in sequence Contig322...
2026-05-27 07:46:10 | INFO     | Success: 8 ORFs found in Contig322.
2026-05-27 07:46:10 | DEBUG    | Searching ORFs in sequence Contig323...
2026-05-27 07:46:10 | INFO     | Success: 4 ORFs found in Contig323.
2026-05-27 07:46:10 | DEBUG    | Searching ORFs in sequence Contig324...
2026-05-27 07:46:10 | INFO     | Success: 7 ORFs found in Contig324.
2026-05-27 07:46:10 | DEBUG    | Searching ORFs in sequence Contig325...
2026-05-27 07:46:10 | INFO     | Success: 7 ORFs found in Contig325.
2026-05-27 07:46:10 | DEBUG    | Searching ORFs in sequence Contig326...
2026-05-27 07:46:10 | INFO     | Success: 1 ORFs found in Contig326.
2026-05-27 07:46:10 | DEBUG    | Searching ORFs in sequence Contig327...
2026-05-27 07:46:10 | INFO     | Success: 4 ORFs found in Contig327.
2026-05-27 07:46:10 | DEBUG    | Searching ORFs in sequence Contig328...
2026-05-27 07:46:10 | INFO     | Success: 12 ORFs found in Contig328.
2026-05-27 07:46:10 | DEBUG    | Searching ORFs in sequence Contig329...
2026-05-27 07:46:10 | INFO     | Success: 7 ORFs found in Contig329.
2026-05-27 07:46:10 | DEBUG    | Searching ORFs in sequence Contig330...
2026-05-27 07:46:10 | INFO     | Success: 8 ORFs found in Contig330.
2026-05-27 07:46:10 | DEBUG    | Searching ORFs in sequence Contig331...
2026-05-27 07:46:10 | INFO     | Success: 7 ORFs found in Contig331.
2026-05-27 07:46:10 | DEBUG    | Searching ORFs in sequence Contig332...
2026-05-27 07:46:10 | INFO     | Success: 1 ORFs found in Contig332.
2026-05-27 07:46:10 | DEBUG    | Searching ORFs in sequence Contig333...
2026-05-27 07:46:10 | INFO     | Success: 4 ORFs found in Contig333.
2026-05-27 07:46:10 | DEBUG    | Searching ORFs in sequence Contig334...
2026-05-27 07:46:10 | INFO     | Success: 7 ORFs found in Contig334.
2026-05-27 07:46:10 | DEBUG    | Searching ORFs in sequence Contig335...
2026-05-27 07:46:10 | INFO     | Success: 7 ORFs found in Contig335.
2026-05-27 07:46:10 | DEBUG    | Searching ORFs in sequence Contig336...
2026-05-27 07:46:10 | INFO     | Success: 11 ORFs found in Contig336.
2026-05-27 07:46:10 | DEBUG    | Searching ORFs in sequence Contig337...
2026-05-27 07:46:10 | INFO     | Success: 5 ORFs found in Contig337.
2026-05-27 07:46:10 | DEBUG    | Searching ORFs in sequence Contig338...
2026-05-27 07:46:10 | INFO     | Success: 1 ORFs found in Contig338.
2026-05-27 07:46:10 | DEBUG    | Searching ORFs in sequence Contig339...
2026-05-27 07:46:10 | INFO     | Success: 0 ORFs found in Contig339.
2026-05-27 07:46:10 | DEBUG    | Searching ORFs in sequence Contig340...
2026-05-27 07:46:10 | INFO     | Success: 14 ORFs found in Contig340.
2026-05-27 07:46:10 | DEBUG    | Searching ORFs in sequence Contig341...
2026-05-27 07:46:10 | INFO     | Success: 28 ORFs found in Contig341.
2026-05-27 07:46:10 | DEBUG    | Searching ORFs in sequence Contig342...
2026-05-27 07:46:10 | INFO     | Success: 30 ORFs found in Contig342.
2026-05-27 07:46:10 | DEBUG    | Searching ORFs in sequence Contig343...
2026-05-27 07:46:10 | INFO     | Success: 7 ORFs found in Contig343.
2026-05-27 07:46:10 | DEBUG    | Searching ORFs in sequence Contig344...
2026-05-27 07:46:10 | INFO     | Success: 12 ORFs found in Contig344.
2026-05-27 07:46:10 | DEBUG    | Searching ORFs in sequence Contig345...
2026-05-27 07:46:10 | INFO     | Success: 1 ORFs found in Contig345.
2026-05-27 07:46:10 | DEBUG    | Searching ORFs in sequence Contig346...
2026-05-27 07:46:10 | INFO     | Success: 20 ORFs found in Contig346.
2026-05-27 07:46:10 | DEBUG    | Searching ORFs in sequence Contig347...
2026-05-27 07:46:10 | INFO     | Success: 9 ORFs found in Contig347.
2026-05-27 07:46:10 | DEBUG    | Searching ORFs in sequence Contig348...
2026-05-27 07:46:10 | INFO     | Success: 3 ORFs found in Contig348.
2026-05-27 07:46:10 | DEBUG    | Searching ORFs in sequence Contig349...
2026-05-27 07:46:10 | INFO     | Success: 2 ORFs found in Contig349.
2026-05-27 07:46:10 | DEBUG    | Searching ORFs in sequence Contig350...
2026-05-27 07:46:10 | INFO     | Success: 7 ORFs found in Contig350.
2026-05-27 07:46:10 | DEBUG    | Searching ORFs in sequence Contig351...
2026-05-27 07:46:10 | INFO     | Success: 5 ORFs found in Contig351.
2026-05-27 07:46:10 | DEBUG    | Searching ORFs in sequence Contig352...
2026-05-27 07:46:10 | INFO     | Success: 2 ORFs found in Contig352.
2026-05-27 07:46:10 | DEBUG    | Searching ORFs in sequence Contig353...
2026-05-27 07:46:10 | INFO     | Success: 3 ORFs found in Contig353.
2026-05-27 07:46:10 | DEBUG    | Searching ORFs in sequence Contig354...
2026-05-27 07:46:10 | INFO     | Success: 16 ORFs found in Contig354.
2026-05-27 07:46:10 | DEBUG    | Searching ORFs in sequence Contig355...
2026-05-27 07:46:10 | INFO     | Success: 11 ORFs found in Contig355.
2026-05-27 07:46:10 | DEBUG    | Searching ORFs in sequence Contig356...
2026-05-27 07:46:10 | INFO     | Success: 5 ORFs found in Contig356.
2026-05-27 07:46:10 | DEBUG    | Searching ORFs in sequence Contig357...
2026-05-27 07:46:10 | INFO     | Success: 2 ORFs found in Contig357.
2026-05-27 07:46:10 | DEBUG    | Searching ORFs in sequence Contig358...
2026-05-27 07:46:10 | INFO     | Success: 3 ORFs found in Contig358.
2026-05-27 07:46:10 | DEBUG    | Searching ORFs in sequence Contig359...
2026-05-27 07:46:10 | INFO     | Success: 4 ORFs found in Contig359.
2026-05-27 07:46:10 | DEBUG    | Searching ORFs in sequence Contig360...
2026-05-27 07:46:10 | INFO     | Success: 5 ORFs found in Contig360.
2026-05-27 07:46:10 | DEBUG    | Searching ORFs in sequence Contig361...
2026-05-27 07:46:10 | INFO     | Success: 2 ORFs found in Contig361.
2026-05-27 07:46:10 | DEBUG    | Searching ORFs in sequence Contig362...
2026-05-27 07:46:10 | INFO     | Success: 6 ORFs found in Contig362.
2026-05-27 07:46:10 | DEBUG    | Searching ORFs in sequence Contig363...
2026-05-27 07:46:10 | INFO     | Success: 7 ORFs found in Contig363.
2026-05-27 07:46:10 | DEBUG    | Searching ORFs in sequence Contig364...
2026-05-27 07:46:10 | INFO     | Success: 2 ORFs found in Contig364.
2026-05-27 07:46:10 | DEBUG    | Searching ORFs in sequence Contig365...
2026-05-27 07:46:10 | INFO     | Success: 1 ORFs found in Contig365.
2026-05-27 07:46:10 | DEBUG    | Searching ORFs in sequence Contig366...
2026-05-27 07:46:10 | INFO     | Success: 9 ORFs found in Contig366.
2026-05-27 07:46:10 | DEBUG    | Searching ORFs in sequence Contig367...
2026-05-27 07:46:10 | INFO     | Success: 8 ORFs found in Contig367.
2026-05-27 07:46:10 | DEBUG    | Searching ORFs in sequence Contig368...
2026-05-27 07:46:10 | INFO     | Success: 12 ORFs found in Contig368.
2026-05-27 07:46:10 | DEBUG    | Searching ORFs in sequence Contig369...
2026-05-27 07:46:10 | INFO     | Success: 2 ORFs found in Contig369.
2026-05-27 07:46:10 | DEBUG    | Searching ORFs in sequence Contig370...
2026-05-27 07:46:10 | INFO     | Success: 1 ORFs found in Contig370.
2026-05-27 07:46:10 | DEBUG    | Searching ORFs in sequence Contig371...
2026-05-27 07:46:10 | INFO     | Success: 2 ORFs found in Contig371.
2026-05-27 07:46:10 | DEBUG    | Searching ORFs in sequence Contig372...
2026-05-27 07:46:10 | INFO     | Success: 2 ORFs found in Contig372.
2026-05-27 07:46:10 | DEBUG    | Searching ORFs in sequence Contig373...
2026-05-27 07:46:10 | INFO     | Success: 7 ORFs found in Contig373.
2026-05-27 07:46:10 | DEBUG    | Searching ORFs in sequence Contig374...
2026-05-27 07:46:10 | INFO     | Success: 2 ORFs found in Contig374.
2026-05-27 07:46:10 | DEBUG    | Searching ORFs in sequence Contig375...
2026-05-27 07:46:10 | INFO     | Success: 4 ORFs found in Contig375.
2026-05-27 07:46:10 | DEBUG    | Searching ORFs in sequence Contig376...
2026-05-27 07:46:10 | INFO     | Success: 0 ORFs found in Contig376.
2026-05-27 07:46:10 | DEBUG    | Searching ORFs in sequence Contig377...
2026-05-27 07:46:10 | INFO     | Success: 5 ORFs found in Contig377.
2026-05-27 07:46:10 | DEBUG    | Searching ORFs in sequence Contig378...
2026-05-27 07:46:10 | INFO     | Success: 2 ORFs found in Contig378.
2026-05-27 07:46:10 | DEBUG    | Searching ORFs in sequence Contig379...
2026-05-27 07:46:10 | INFO     | Success: 1 ORFs found in Contig379.
2026-05-27 07:46:10 | DEBUG    | Searching ORFs in sequence Contig380...
2026-05-27 07:46:10 | INFO     | Success: 2 ORFs found in Contig380.
2026-05-27 07:46:10 | DEBUG    | Searching ORFs in sequence Contig381...
2026-05-27 07:46:10 | INFO     | Success: 12 ORFs found in Contig381.
2026-05-27 07:46:10 | DEBUG    | Searching ORFs in sequence Contig382...
2026-05-27 07:46:10 | INFO     | Success: 9 ORFs found in Contig382.
2026-05-27 07:46:10 | DEBUG    | Searching ORFs in sequence Contig383...
2026-05-27 07:46:10 | INFO     | Success: 12 ORFs found in Contig383.
2026-05-27 07:46:10 | DEBUG    | Searching ORFs in sequence Contig384...
2026-05-27 07:46:10 | INFO     | Success: 7 ORFs found in Contig384.
2026-05-27 07:46:10 | DEBUG    | Searching ORFs in sequence Contig385...
2026-05-27 07:46:10 | INFO     | Success: 54 ORFs found in Contig385.
2026-05-27 07:46:10 | DEBUG    | Searching ORFs in sequence Contig386...
2026-05-27 07:46:10 | INFO     | Success: 8 ORFs found in Contig386.
2026-05-27 07:46:10 | DEBUG    | Searching ORFs in sequence Contig387...
2026-05-27 07:46:10 | INFO     | Success: 2 ORFs found in Contig387.
2026-05-27 07:46:10 | DEBUG    | Searching ORFs in sequence Contig388...
2026-05-27 07:46:10 | INFO     | Success: 1 ORFs found in Contig388.
2026-05-27 07:46:10 | DEBUG    | Searching ORFs in sequence Contig389...
2026-05-27 07:46:10 | INFO     | Success: 1 ORFs found in Contig389.
2026-05-27 07:46:10 | DEBUG    | Searching ORFs in sequence Contig390...
2026-05-27 07:46:10 | INFO     | Success: 5 ORFs found in Contig390.
2026-05-27 07:46:10 | DEBUG    | Searching ORFs in sequence Contig391...
2026-05-27 07:46:10 | INFO     | Success: 11 ORFs found in Contig391.
2026-05-27 07:46:10 | DEBUG    | Searching ORFs in sequence Contig392...
2026-05-27 07:46:10 | INFO     | Success: 1 ORFs found in Contig392.
2026-05-27 07:46:10 | DEBUG    | Searching ORFs in sequence Contig393...
2026-05-27 07:46:10 | INFO     | Success: 7 ORFs found in Contig393.
2026-05-27 07:46:10 | DEBUG    | Searching ORFs in sequence Contig394...
2026-05-27 07:46:10 | INFO     | Success: 21 ORFs found in Contig394.
2026-05-27 07:46:10 | DEBUG    | Searching ORFs in sequence Contig395...
2026-05-27 07:46:10 | INFO     | Success: 11 ORFs found in Contig395.
2026-05-27 07:46:10 | DEBUG    | Searching ORFs in sequence Contig396...
2026-05-27 07:46:10 | INFO     | Success: 1 ORFs found in Contig396.
2026-05-27 07:46:10 | DEBUG    | Searching ORFs in sequence Contig397...
2026-05-27 07:46:10 | INFO     | Success: 3 ORFs found in Contig397.
2026-05-27 07:46:10 | DEBUG    | Searching ORFs in sequence Contig398...
2026-05-27 07:46:10 | INFO     | Success: 10 ORFs found in Contig398.
2026-05-27 07:46:10 | DEBUG    | Searching ORFs in sequence Contig399...
2026-05-27 07:46:10 | INFO     | Success: 5 ORFs found in Contig399.
2026-05-27 07:46:10 | DEBUG    | Searching ORFs in sequence Contig400...
2026-05-27 07:46:10 | INFO     | Success: 18 ORFs found in Contig400.
2026-05-27 07:46:10 | DEBUG    | Searching ORFs in sequence Contig401...
2026-05-27 07:46:10 | INFO     | Success: 24 ORFs found in Contig401.
2026-05-27 07:46:10 | DEBUG    | Searching ORFs in sequence Contig402...
2026-05-27 07:46:10 | INFO     | Success: 14 ORFs found in Contig402.
2026-05-27 07:46:10 | DEBUG    | Searching ORFs in sequence Contig403...
2026-05-27 07:46:10 | INFO     | Success: 2 ORFs found in Contig403.
2026-05-27 07:46:10 | DEBUG    | Searching ORFs in sequence Contig404...
2026-05-27 07:46:10 | INFO     | Success: 10 ORFs found in Contig404.
2026-05-27 07:46:10 | DEBUG    | Searching ORFs in sequence Contig405...
2026-05-27 07:46:10 | INFO     | Success: 27 ORFs found in Contig405.
2026-05-27 07:46:10 | DEBUG    | Searching ORFs in sequence Contig406...
2026-05-27 07:46:10 | INFO     | Success: 14 ORFs found in Contig406.
2026-05-27 07:46:10 | DEBUG    | Searching ORFs in sequence Contig407...
2026-05-27 07:46:10 | INFO     | Success: 14 ORFs found in Contig407.
2026-05-27 07:46:10 | DEBUG    | Searching ORFs in sequence Contig408...
2026-05-27 07:46:10 | INFO     | Success: 5 ORFs found in Contig408.
2026-05-27 07:46:10 | DEBUG    | Searching ORFs in sequence Contig409...
2026-05-27 07:46:10 | INFO     | Success: 8 ORFs found in Contig409.
2026-05-27 07:46:10 | DEBUG    | Searching ORFs in sequence Contig410...
2026-05-27 07:46:10 | INFO     | Success: 3 ORFs found in Contig410.
2026-05-27 07:46:10 | DEBUG    | Searching ORFs in sequence Contig411...
2026-05-27 07:46:10 | INFO     | Success: 1 ORFs found in Contig411.
2026-05-27 07:46:10 | DEBUG    | Searching ORFs in sequence Contig412...
2026-05-27 07:46:10 | INFO     | Success: 7 ORFs found in Contig412.
2026-05-27 07:46:10 | DEBUG    | Searching ORFs in sequence Contig413...
2026-05-27 07:46:10 | INFO     | Success: 3 ORFs found in Contig413.
2026-05-27 07:46:10 | DEBUG    | Searching ORFs in sequence Contig414...
2026-05-27 07:46:10 | INFO     | Success: 0 ORFs found in Contig414.
2026-05-27 07:46:10 | DEBUG    | Searching ORFs in sequence Contig415...
2026-05-27 07:46:10 | INFO     | Success: 4 ORFs found in Contig415.
2026-05-27 07:46:10 | DEBUG    | Searching ORFs in sequence Contig416...
2026-05-27 07:46:10 | INFO     | Success: 7 ORFs found in Contig416.
2026-05-27 07:46:10 | DEBUG    | Searching ORFs in sequence Contig417...
2026-05-27 07:46:10 | INFO     | Success: 10 ORFs found in Contig417.
2026-05-27 07:46:10 | DEBUG    | Searching ORFs in sequence Contig418...
2026-05-27 07:46:10 | INFO     | Success: 10 ORFs found in Contig418.
2026-05-27 07:46:10 | DEBUG    | Searching ORFs in sequence Contig419...
2026-05-27 07:46:10 | INFO     | Success: 6 ORFs found in Contig419.
2026-05-27 07:46:10 | DEBUG    | Searching ORFs in sequence Contig420...
2026-05-27 07:46:10 | INFO     | Success: 7 ORFs found in Contig420.
2026-05-27 07:46:10 | DEBUG    | Searching ORFs in sequence Contig421...
2026-05-27 07:46:10 | INFO     | Success: 4 ORFs found in Contig421.
2026-05-27 07:46:10 | DEBUG    | Searching ORFs in sequence Contig422...
2026-05-27 07:46:10 | INFO     | Success: 6 ORFs found in Contig422.
2026-05-27 07:46:10 | DEBUG    | Searching ORFs in sequence Contig423...
2026-05-27 07:46:10 | INFO     | Success: 1 ORFs found in Contig423.
2026-05-27 07:46:10 | DEBUG    | Searching ORFs in sequence Contig424...
2026-05-27 07:46:10 | INFO     | Success: 4 ORFs found in Contig424.
2026-05-27 07:46:10 | DEBUG    | Searching ORFs in sequence Contig425...
2026-05-27 07:46:10 | INFO     | Success: 10 ORFs found in Contig425.
2026-05-27 07:46:10 | DEBUG    | Searching ORFs in sequence Contig426...
2026-05-27 07:46:10 | INFO     | Success: 2 ORFs found in Contig426.
2026-05-27 07:46:10 | DEBUG    | Searching ORFs in sequence Contig427...
2026-05-27 07:46:10 | INFO     | Success: 5 ORFs found in Contig427.
2026-05-27 07:46:10 | DEBUG    | Searching ORFs in sequence Contig428...
2026-05-27 07:46:10 | INFO     | Success: 1 ORFs found in Contig428.
2026-05-27 07:46:10 | DEBUG    | Searching ORFs in sequence Contig429...
2026-05-27 07:46:10 | INFO     | Success: 8 ORFs found in Contig429.
2026-05-27 07:46:10 | DEBUG    | Searching ORFs in sequence Contig430...
2026-05-27 07:46:10 | INFO     | Success: 1 ORFs found in Contig430.
2026-05-27 07:46:10 | DEBUG    | Searching ORFs in sequence Contig431...
2026-05-27 07:46:10 | INFO     | Success: 2 ORFs found in Contig431.
2026-05-27 07:46:10 | DEBUG    | Searching ORFs in sequence Contig432...
2026-05-27 07:46:10 | INFO     | Success: 1 ORFs found in Contig432.
2026-05-27 07:46:10 | DEBUG    | Searching ORFs in sequence Contig433...
2026-05-27 07:46:10 | INFO     | Success: 5 ORFs found in Contig433.
2026-05-27 07:46:10 | DEBUG    | Searching ORFs in sequence Contig434...
2026-05-27 07:46:10 | INFO     | Success: 1 ORFs found in Contig434.
2026-05-27 07:46:10 | DEBUG    | Searching ORFs in sequence Contig435...
2026-05-27 07:46:10 | INFO     | Success: 6 ORFs found in Contig435.
2026-05-27 07:46:10 | DEBUG    | Searching ORFs in sequence Contig436...
2026-05-27 07:46:10 | INFO     | Success: 3 ORFs found in Contig436.
2026-05-27 07:46:10 | DEBUG    | Searching ORFs in sequence Contig437...
2026-05-27 07:46:10 | INFO     | Success: 4 ORFs found in Contig437.
2026-05-27 07:46:10 | DEBUG    | Searching ORFs in sequence Contig438...
2026-05-27 07:46:10 | INFO     | Success: 3 ORFs found in Contig438.
2026-05-27 07:46:10 | DEBUG    | Searching ORFs in sequence Contig439...
2026-05-27 07:46:10 | INFO     | Success: 8 ORFs found in Contig439.
2026-05-27 07:46:10 | DEBUG    | Searching ORFs in sequence Contig440...
2026-05-27 07:46:10 | INFO     | Success: 4 ORFs found in Contig440.
2026-05-27 07:46:10 | DEBUG    | Searching ORFs in sequence Contig441...
2026-05-27 07:46:10 | INFO     | Success: 4 ORFs found in Contig441.
2026-05-27 07:46:10 | DEBUG    | Searching ORFs in sequence Contig442...
2026-05-27 07:46:10 | INFO     | Success: 5 ORFs found in Contig442.
2026-05-27 07:46:10 | DEBUG    | Searching ORFs in sequence Contig443...
2026-05-27 07:46:10 | INFO     | Success: 7 ORFs found in Contig443.
2026-05-27 07:46:10 | DEBUG    | Searching ORFs in sequence Contig444...
2026-05-27 07:46:10 | INFO     | Success: 5 ORFs found in Contig444.
2026-05-27 07:46:10 | DEBUG    | Searching ORFs in sequence Contig445...
2026-05-27 07:46:10 | INFO     | Success: 18 ORFs found in Contig445.
2026-05-27 07:46:10 | DEBUG    | Searching ORFs in sequence Contig446...
2026-05-27 07:46:10 | INFO     | Success: 6 ORFs found in Contig446.
2026-05-27 07:46:10 | DEBUG    | Searching ORFs in sequence Contig447...
2026-05-27 07:46:10 | INFO     | Success: 1 ORFs found in Contig447.
2026-05-27 07:46:10 | DEBUG    | Searching ORFs in sequence Contig448...
2026-05-27 07:46:10 | INFO     | Success: 3 ORFs found in Contig448.
2026-05-27 07:46:10 | DEBUG    | Searching ORFs in sequence Contig449...
2026-05-27 07:46:10 | INFO     | Success: 10 ORFs found in Contig449.
2026-05-27 07:46:10 | DEBUG    | Searching ORFs in sequence Contig450...
2026-05-27 07:46:10 | INFO     | Success: 20 ORFs found in Contig450.
2026-05-27 07:46:10 | DEBUG    | Searching ORFs in sequence Contig451...
2026-05-27 07:46:10 | INFO     | Success: 6 ORFs found in Contig451.
2026-05-27 07:46:10 | DEBUG    | Searching ORFs in sequence Contig452...
2026-05-27 07:46:10 | INFO     | Success: 7 ORFs found in Contig452.
2026-05-27 07:46:10 | DEBUG    | Searching ORFs in sequence Contig453...
2026-05-27 07:46:10 | INFO     | Success: 20 ORFs found in Contig453.
2026-05-27 07:46:10 | DEBUG    | Searching ORFs in sequence Contig454...
2026-05-27 07:46:10 | INFO     | Success: 8 ORFs found in Contig454.
2026-05-27 07:46:10 | DEBUG    | Searching ORFs in sequence Contig455...
2026-05-27 07:46:10 | INFO     | Success: 14 ORFs found in Contig455.
2026-05-27 07:46:10 | DEBUG    | Searching ORFs in sequence Contig456...
2026-05-27 07:46:10 | INFO     | Success: 2 ORFs found in Contig456.
2026-05-27 07:46:10 | DEBUG    | Searching ORFs in sequence Contig457...
2026-05-27 07:46:10 | INFO     | Success: 2 ORFs found in Contig457.
2026-05-27 07:46:10 | DEBUG    | Searching ORFs in sequence Contig458...
2026-05-27 07:46:10 | INFO     | Success: 12 ORFs found in Contig458.
2026-05-27 07:46:10 | DEBUG    | Searching ORFs in sequence Contig459...
2026-05-27 07:46:10 | INFO     | Success: 14 ORFs found in Contig459.
2026-05-27 07:46:10 | DEBUG    | Searching ORFs in sequence Contig460...
2026-05-27 07:46:10 | INFO     | Success: 1 ORFs found in Contig460.
2026-05-27 07:46:10 | DEBUG    | Searching ORFs in sequence Contig461...
2026-05-27 07:46:10 | INFO     | Success: 1 ORFs found in Contig461.
2026-05-27 07:46:10 | DEBUG    | Searching ORFs in sequence Contig462...
2026-05-27 07:46:10 | INFO     | Success: 1 ORFs found in Contig462.
2026-05-27 07:46:10 | DEBUG    | Searching ORFs in sequence Contig463...
2026-05-27 07:46:10 | INFO     | Success: 19 ORFs found in Contig463.
2026-05-27 07:46:10 | DEBUG    | Searching ORFs in sequence Contig464...
2026-05-27 07:46:10 | INFO     | Success: 15 ORFs found in Contig464.
2026-05-27 07:46:10 | DEBUG    | Searching ORFs in sequence Contig465...
2026-05-27 07:46:10 | INFO     | Success: 12 ORFs found in Contig465.
2026-05-27 07:46:10 | DEBUG    | Searching ORFs in sequence Contig466...
2026-05-27 07:46:10 | INFO     | Success: 8 ORFs found in Contig466.
2026-05-27 07:46:10 | DEBUG    | Searching ORFs in sequence Contig467...
2026-05-27 07:46:10 | INFO     | Success: 6 ORFs found in Contig467.
2026-05-27 07:46:10 | DEBUG    | Searching ORFs in sequence Contig468...
2026-05-27 07:46:10 | INFO     | Success: 4 ORFs found in Contig468.
2026-05-27 07:46:10 | DEBUG    | Searching ORFs in sequence Contig469...
2026-05-27 07:46:10 | INFO     | Success: 10 ORFs found in Contig469.
2026-05-27 07:46:10 | DEBUG    | Searching ORFs in sequence Contig470...
2026-05-27 07:46:10 | INFO     | Success: 17 ORFs found in Contig470.
2026-05-27 07:46:10 | DEBUG    | Searching ORFs in sequence Contig471...
2026-05-27 07:46:10 | INFO     | Success: 3 ORFs found in Contig471.
2026-05-27 07:46:10 | DEBUG    | Searching ORFs in sequence Contig472...
2026-05-27 07:46:10 | INFO     | Success: 1 ORFs found in Contig472.
2026-05-27 07:46:10 | DEBUG    | Searching ORFs in sequence Contig473...
2026-05-27 07:46:10 | INFO     | Success: 4 ORFs found in Contig473.
2026-05-27 07:46:10 | DEBUG    | Searching ORFs in sequence Contig474...
2026-05-27 07:46:10 | INFO     | Success: 5 ORFs found in Contig474.
2026-05-27 07:46:10 | DEBUG    | Searching ORFs in sequence Contig475...
2026-05-27 07:46:10 | INFO     | Success: 7 ORFs found in Contig475.
2026-05-27 07:46:10 | DEBUG    | Searching ORFs in sequence Contig476...
2026-05-27 07:46:10 | INFO     | Success: 7 ORFs found in Contig476.
2026-05-27 07:46:10 | DEBUG    | Searching ORFs in sequence Contig477...
2026-05-27 07:46:10 | INFO     | Success: 10 ORFs found in Contig477.
2026-05-27 07:46:10 | DEBUG    | Searching ORFs in sequence Contig478...
2026-05-27 07:46:10 | INFO     | Success: 20 ORFs found in Contig478.
2026-05-27 07:46:10 | DEBUG    | Searching ORFs in sequence Contig479...
2026-05-27 07:46:10 | INFO     | Success: 17 ORFs found in Contig479.
2026-05-27 07:46:10 | DEBUG    | Searching ORFs in sequence Contig480...
2026-05-27 07:46:10 | INFO     | Success: 9 ORFs found in Contig480.
2026-05-27 07:46:10 | DEBUG    | Searching ORFs in sequence Contig481...
2026-05-27 07:46:10 | INFO     | Success: 5 ORFs found in Contig481.
2026-05-27 07:46:10 | DEBUG    | Searching ORFs in sequence Contig482...
2026-05-27 07:46:10 | INFO     | Success: 8 ORFs found in Contig482.
2026-05-27 07:46:10 | DEBUG    | Searching ORFs in sequence Contig483...
2026-05-27 07:46:10 | INFO     | Success: 9 ORFs found in Contig483.
2026-05-27 07:46:10 | DEBUG    | Searching ORFs in sequence Contig484...
2026-05-27 07:46:10 | INFO     | Success: 9 ORFs found in Contig484.
2026-05-27 07:46:10 | DEBUG    | Searching ORFs in sequence Contig485...
2026-05-27 07:46:10 | INFO     | Success: 6 ORFs found in Contig485.
2026-05-27 07:46:10 | DEBUG    | Searching ORFs in sequence Contig486...
2026-05-27 07:46:10 | INFO     | Success: 5 ORFs found in Contig486.
2026-05-27 07:46:10 | DEBUG    | Searching ORFs in sequence Contig487...
2026-05-27 07:46:10 | INFO     | Success: 6 ORFs found in Contig487.
2026-05-27 07:46:10 | DEBUG    | Searching ORFs in sequence Contig488...
2026-05-27 07:46:10 | INFO     | Success: 5 ORFs found in Contig488.
2026-05-27 07:46:10 | DEBUG    | Searching ORFs in sequence Contig489...
2026-05-27 07:46:10 | INFO     | Success: 20 ORFs found in Contig489.
2026-05-27 07:46:10 | DEBUG    | Searching ORFs in sequence Contig490...
2026-05-27 07:46:10 | INFO     | Success: 15 ORFs found in Contig490.
2026-05-27 07:46:10 | DEBUG    | Searching ORFs in sequence Contig491...
2026-05-27 07:46:10 | INFO     | Success: 9 ORFs found in Contig491.
2026-05-27 07:46:10 | DEBUG    | Searching ORFs in sequence Contig492...
2026-05-27 07:46:10 | INFO     | Success: 7 ORFs found in Contig492.
2026-05-27 07:46:10 | DEBUG    | Searching ORFs in sequence Contig493...
2026-05-27 07:46:10 | INFO     | Success: 5 ORFs found in Contig493.
2026-05-27 07:46:10 | DEBUG    | Searching ORFs in sequence Contig494...
2026-05-27 07:46:10 | INFO     | Success: 2 ORFs found in Contig494.
2026-05-27 07:46:10 | DEBUG    | Searching ORFs in sequence Contig495...
2026-05-27 07:46:10 | INFO     | Success: 15 ORFs found in Contig495.
2026-05-27 07:46:10 | DEBUG    | Searching ORFs in sequence Contig496...
2026-05-27 07:46:10 | INFO     | Success: 13 ORFs found in Contig496.
2026-05-27 07:46:10 | DEBUG    | Searching ORFs in sequence Contig497...
2026-05-27 07:46:10 | INFO     | Success: 10 ORFs found in Contig497.
2026-05-27 07:46:10 | DEBUG    | Searching ORFs in sequence Contig498...
2026-05-27 07:46:10 | INFO     | Success: 2 ORFs found in Contig498.
2026-05-27 07:46:10 | DEBUG    | Searching ORFs in sequence Contig499...
2026-05-27 07:46:10 | INFO     | Success: 16 ORFs found in Contig499.
2026-05-27 07:46:10 | DEBUG    | Searching ORFs in sequence Contig500...
2026-05-27 07:46:10 | INFO     | Success: 5 ORFs found in Contig500.
2026-05-27 07:46:10 | DEBUG    | Searching ORFs in sequence Contig501...
2026-05-27 07:46:10 | INFO     | Success: 6 ORFs found in Contig501.
2026-05-27 07:46:10 | DEBUG    | Searching ORFs in sequence Contig502...
2026-05-27 07:46:10 | INFO     | Success: 22 ORFs found in Contig502.
2026-05-27 07:46:10 | DEBUG    | Searching ORFs in sequence Contig503...
2026-05-27 07:46:10 | INFO     | Success: 14 ORFs found in Contig503.
2026-05-27 07:46:10 | DEBUG    | Searching ORFs in sequence Contig504...
2026-05-27 07:46:10 | INFO     | Success: 8 ORFs found in Contig504.
2026-05-27 07:46:10 | DEBUG    | Searching ORFs in sequence Contig505...
2026-05-27 07:46:10 | INFO     | Success: 10 ORFs found in Contig505.
2026-05-27 07:46:10 | DEBUG    | Searching ORFs in sequence Contig506...
2026-05-27 07:46:10 | INFO     | Success: 12 ORFs found in Contig506.
2026-05-27 07:46:10 | DEBUG    | Searching ORFs in sequence Contig507...
2026-05-27 07:46:10 | INFO     | Success: 0 ORFs found in Contig507.
2026-05-27 07:46:10 | DEBUG    | Searching ORFs in sequence Contig508...
2026-05-27 07:46:10 | INFO     | Success: 32 ORFs found in Contig508.
2026-05-27 07:46:10 | DEBUG    | Searching ORFs in sequence Contig509...
2026-05-27 07:46:10 | INFO     | Success: 0 ORFs found in Contig509.
2026-05-27 07:46:10 | DEBUG    | Searching ORFs in sequence Contig510...
2026-05-27 07:46:10 | INFO     | Success: 0 ORFs found in Contig510.
2026-05-27 07:46:10 | DEBUG    | Searching ORFs in sequence Contig511...
2026-05-27 07:46:10 | INFO     | Success: 12 ORFs found in Contig511.
2026-05-27 07:46:10 | DEBUG    | Searching ORFs in sequence Contig512...
2026-05-27 07:46:10 | INFO     | Success: 7 ORFs found in Contig512.
2026-05-27 07:46:10 | DEBUG    | Searching ORFs in sequence Contig513...
2026-05-27 07:46:10 | INFO     | Success: 11 ORFs found in Contig513.
2026-05-27 07:46:10 | DEBUG    | Searching ORFs in sequence Contig514...
2026-05-27 07:46:10 | INFO     | Success: 11 ORFs found in Contig514.
2026-05-27 07:46:10 | DEBUG    | Searching ORFs in sequence Contig515...
2026-05-27 07:46:10 | INFO     | Success: 16 ORFs found in Contig515.
2026-05-27 07:46:10 | DEBUG    | Searching ORFs in sequence Contig516...
2026-05-27 07:46:10 | INFO     | Success: 24 ORFs found in Contig516.
2026-05-27 07:46:10 | DEBUG    | Searching ORFs in sequence Contig517...
2026-05-27 07:46:10 | INFO     | Success: 11 ORFs found in Contig517.
2026-05-27 07:46:10 | DEBUG    | Searching ORFs in sequence Contig518...
2026-05-27 07:46:10 | INFO     | Success: 9 ORFs found in Contig518.
2026-05-27 07:46:10 | DEBUG    | Searching ORFs in sequence Contig519...
2026-05-27 07:46:10 | INFO     | Success: 17 ORFs found in Contig519.
2026-05-27 07:46:10 | DEBUG    | Searching ORFs in sequence Contig520...
2026-05-27 07:46:10 | INFO     | Success: 7 ORFs found in Contig520.
2026-05-27 07:46:10 | DEBUG    | Searching ORFs in sequence Contig521...
2026-05-27 07:46:10 | INFO     | Success: 4 ORFs found in Contig521.
2026-05-27 07:46:10 | DEBUG    | Searching ORFs in sequence Contig522...
2026-05-27 07:46:10 | INFO     | Success: 9 ORFs found in Contig522.
2026-05-27 07:46:10 | DEBUG    | Searching ORFs in sequence Contig523...
2026-05-27 07:46:10 | INFO     | Success: 3 ORFs found in Contig523.
2026-05-27 07:46:10 | DEBUG    | Searching ORFs in sequence Contig524...
2026-05-27 07:46:10 | INFO     | Success: 10 ORFs found in Contig524.
2026-05-27 07:46:10 | DEBUG    | Searching ORFs in sequence Contig525...
2026-05-27 07:46:10 | INFO     | Success: 5 ORFs found in Contig525.
2026-05-27 07:46:10 | DEBUG    | Searching ORFs in sequence Contig526...
2026-05-27 07:46:10 | INFO     | Success: 14 ORFs found in Contig526.
2026-05-27 07:46:10 | DEBUG    | Searching ORFs in sequence Contig527...
2026-05-27 07:46:10 | INFO     | Success: 5 ORFs found in Contig527.
2026-05-27 07:46:10 | DEBUG    | Searching ORFs in sequence Contig528...
2026-05-27 07:46:10 | INFO     | Success: 16 ORFs found in Contig528.
2026-05-27 07:46:10 | DEBUG    | Searching ORFs in sequence Contig529...
2026-05-27 07:46:10 | INFO     | Success: 17 ORFs found in Contig529.
2026-05-27 07:46:10 | DEBUG    | Searching ORFs in sequence Contig530...
2026-05-27 07:46:10 | INFO     | Success: 26 ORFs found in Contig530.
2026-05-27 07:46:10 | DEBUG    | Searching ORFs in sequence Contig531...
2026-05-27 07:46:10 | INFO     | Success: 12 ORFs found in Contig531.
2026-05-27 07:46:10 | DEBUG    | Searching ORFs in sequence Contig532...
2026-05-27 07:46:10 | INFO     | Success: 49 ORFs found in Contig532.
2026-05-27 07:46:10 | DEBUG    | Searching ORFs in sequence Contig533...
2026-05-27 07:46:10 | INFO     | Success: 25 ORFs found in Contig533.
2026-05-27 07:46:10 | DEBUG    | Searching ORFs in sequence Contig534...
2026-05-27 07:46:10 | INFO     | Success: 31 ORFs found in Contig534.
2026-05-27 07:46:10 | DEBUG    | Searching ORFs in sequence Contig535...
2026-05-27 07:46:10 | INFO     | Success: 5 ORFs found in Contig535.
2026-05-27 07:46:10 | DEBUG    | Searching ORFs in sequence Contig536...
2026-05-27 07:46:10 | INFO     | Success: 8 ORFs found in Contig536.
2026-05-27 07:46:10 | DEBUG    | Searching ORFs in sequence Contig537...
2026-05-27 07:46:10 | INFO     | Success: 1 ORFs found in Contig537.
2026-05-27 07:46:10 | DEBUG    | Searching ORFs in sequence Contig538...
2026-05-27 07:46:10 | INFO     | Success: 0 ORFs found in Contig538.
2026-05-27 07:46:10 | DEBUG    | Searching ORFs in sequence Contig539...
2026-05-27 07:46:10 | INFO     | Success: 4 ORFs found in Contig539.
2026-05-27 07:46:10 | DEBUG    | Searching ORFs in sequence Contig540...
2026-05-27 07:46:10 | INFO     | Success: 6 ORFs found in Contig540.
2026-05-27 07:46:10 | DEBUG    | Searching ORFs in sequence Contig541...
2026-05-27 07:46:10 | INFO     | Success: 11 ORFs found in Contig541.
2026-05-27 07:46:10 | DEBUG    | Searching ORFs in sequence Contig542...
2026-05-27 07:46:10 | INFO     | Success: 12 ORFs found in Contig542.
2026-05-27 07:46:10 | DEBUG    | Searching ORFs in sequence Contig543...
2026-05-27 07:46:10 | INFO     | Success: 4 ORFs found in Contig543.
2026-05-27 07:46:10 | DEBUG    | Searching ORFs in sequence Contig544...
2026-05-27 07:46:10 | INFO     | Success: 18 ORFs found in Contig544.
2026-05-27 07:46:10 | DEBUG    | Searching ORFs in sequence Contig545...
2026-05-27 07:46:10 | INFO     | Success: 9 ORFs found in Contig545.
2026-05-27 07:46:10 | DEBUG    | Searching ORFs in sequence Contig546...
2026-05-27 07:46:10 | INFO     | Success: 3 ORFs found in Contig546.
2026-05-27 07:46:10 | DEBUG    | Searching ORFs in sequence Contig547...
2026-05-27 07:46:10 | INFO     | Success: 2 ORFs found in Contig547.
2026-05-27 07:46:10 | SUCCESS  | ORF finding done.
2026-05-27 07:46:11 | INFO     | Loading Diamond RefSeq → testFast/diamond/refseq.tsv
2026-05-27 07:46:11 | DEBUG    | diamond [refseq]: 307 hits processed.
2026-05-27 07:46:11 | SUCCESS  | RefSeq: 307 hits attached.
2026-05-27 07:46:11 | INFO     | Loading RVDB HMM → testFast/hmm/RVDB.tsv
2026-05-27 07:46:11 | SUCCESS  | 7102 metadata records loaded for RVDB.
2026-05-27 07:46:11 | SUCCESS  | RVDB: 717 hits attached.
2026-05-27 07:46:11 | INFO     | Loading Vfam HMM → testFast/hmm/Vfam.tsv
2026-05-27 07:46:11 | SUCCESS  | 39548 metadata records loaded for Vfam.
2026-05-27 07:46:11 | SUCCESS  | Vfam: 136 hits attached.
2026-05-27 07:46:11 | INFO     | Loading EggNOG HMM → testFast/hmm/EggNOG.tsv
2026-05-27 07:46:11 | SUCCESS  | 2010 metadata records loaded for EggNOG.
2026-05-27 07:46:11 | SUCCESS  | EggNOG: 145 hits attached.
2026-05-27 07:46:11 | INFO     | Loading Diamond NR → testFast/diamond/nr.tsv
2026-05-27 07:46:11 | DEBUG    | diamond [nr]: 505 hits processed.
2026-05-27 07:46:11 | SUCCESS  | NR: 505 hits attached.
2026-05-27 07:46:11 | INFO     | Loading Pfam HMM → testFast/hmm/Pfam.tsv
2026-05-27 07:46:11 | SUCCESS  | 23794 metadata records loaded for Pfam.
2026-05-27 07:46:11 | SUCCESS  | Pfam: 225 hits attached.
2026-05-27 07:46:11 | INFO     | Loading BLASTn → testFast/blastn/blastn.tsv
2026-05-27 07:46:11 | DEBUG    | BLASTn: 33 hit(s) attached across 9 sequence(s).
2026-05-27 07:46:11 | SUCCESS  | BLASTn: 33 hits attached.
2026-05-27 07:46:11 | INFO     | Annotating taxonomy...
2026-05-27 07:46:12 | SUCCESS  | TaxonomyLoader: 259993 scientific names, 9692 species names indexed from /home/gabriel/viralquest/data/viralTax.json.xz.
2026-05-27 07:46:12 | DEBUG    | No taxonomy match for 'Tjuloc virus' (seq: Contig224)
2026-05-27 07:46:12 | SUCCESS  | Taxonomy resolved for 80/547 sequences.
2026-05-27 07:46:12 | SUCCESS  | ViralFamilyLoader: 257 entries merged (257 high-token, 257 low-token).
2026-05-27 07:46:12 | DEBUG    | No ViralFamilyInfo for seq 'Contig73' (family=None, genus=Pandoravirus, order=None)
2026-05-27 07:46:12 | DEBUG    | No ViralFamilyInfo for seq 'Contig205' (family=Schizomimiviridae, genus=Kratosvirus, order=Imitervirales)
2026-05-27 07:46:12 | DEBUG    | No ViralFamilyInfo for seq 'Contig247' (family=Kyanoviridae, genus=Haifavirus, order=None)
2026-05-27 07:46:12 | DEBUG    | No ViralFamilyInfo for seq 'Contig252' (family=None, genus=None, order=None)
2026-05-27 07:46:12 | DEBUG    | No ViralFamilyInfo for seq 'Contig254' (family=None, genus=Pithovirus, order=None)
2026-05-27 07:46:12 | DEBUG    | No ViralFamilyInfo for seq 'Contig256' (family=None, genus=Lambdavirus, order=None)
2026-05-27 07:46:12 | DEBUG    | No ViralFamilyInfo for seq 'Contig335' (family=None, genus=None, order=None)
2026-05-27 07:46:12 | DEBUG    | No ViralFamilyInfo for seq 'Contig427' (family=Fervensviridae, genus=Deepoceanvirus, order=None)
2026-05-27 07:46:12 | DEBUG    | No ViralFamilyInfo for seq 'Contig484' (family=None, genus=Pandoravirus, order=None)
2026-05-27 07:46:12 | DEBUG    | No ViralFamilyInfo for seq 'Contig502' (family=None, genus=Pandoravirus, order=None)
2026-05-27 07:46:12 | SUCCESS  | ViralFamilyInfo annotated 70/547 sequences.
2026-05-27 07:46:12 | INFO     | Clustering sequences...
2026-05-27 07:46:12 | WARNING  | ClusterBuilder: 20 sequence(s) skipped — no BLASTx species.
2026-05-27 07:46:12 | SUCCESS  | ClusterBuilder: 53 cluster(s) from 81 sequence(s).
2026-05-27 07:46:13 | SUCCESS  | VQ_CLU_0001 | 'Abelson murine leukemia virus' | 2 seq(s) | representative: 'Contig317' (3793 nt)
2026-05-27 07:46:13 | SUCCESS  | VQ_CLU_0002 | 'Acanthamoeba polyphaga mimivirus' | 1 seq(s) | representative: 'Contig547' (1020 nt)
2026-05-27 07:46:13 | SUCCESS  | VQ_CLU_0003 | 'Adoxophyes orana granulovirus' | 1 seq(s) | representative: 'Contig523' (669 nt)
2026-05-27 07:46:13 | SUCCESS  | VQ_CLU_0004 | 'Alphaentomopoxvirus acuprea' | 1 seq(s) | representative: 'Contig319' (1532 nt)
2026-05-27 07:46:13 | SUCCESS  | VQ_CLU_0005 | 'Apis mellifera filamentous virus' | 1 seq(s) | representative: 'Contig335' (2375 nt)
2026-05-27 07:46:13 | SUCCESS  | VQ_CLU_0006 | 'Aureococcus anophagefferens virus' | 1 seq(s) | representative: 'Contig205' (824 nt)
2026-05-27 07:46:14 | SUCCESS  | VQ_CLU_0007 | 'Bathycoccus sp. RCC1105 virus BpV1' | 2 seq(s) | representative: 'Contig237' (4939 nt)
2026-05-27 07:46:14 | SUCCESS  | VQ_CLU_0008 | 'Big Cypress virus' | 1 seq(s) | representative: 'Contig252' (7591 nt)
2026-05-27 07:46:14 | SUCCESS  | VQ_CLU_0009 | 'Blacklegged tick chuvirus 2' | 1 seq(s) | representative: 'Contig341' (6109 nt)
2026-05-27 07:46:14 | SUCCESS  | VQ_CLU_0010 | 'Bodo saltans virus' | 4 seq(s) | representative: 'Contig154' (5776 nt)
2026-05-27 07:46:15 | SUCCESS  | VQ_CLU_0011 | 'Cafeteria roenbergensis virus BV-PW1' | 2 seq(s) | representative: 'Contig156' (6149 nt)
2026-05-27 07:46:15 | SUCCESS  | VQ_CLU_0012 | 'Canarypox virus' | 1 seq(s) | representative: 'Contig234' (8901 nt)
2026-05-27 07:46:15 | SUCCESS  | VQ_CLU_0013 | 'Cassava brown streak virus' | 1 seq(s) | representative: 'Contig444' (739 nt)
2026-05-27 07:46:16 | SUCCESS  | VQ_CLU_0014 | 'Chrysochromulina ericina virus' | 2 seq(s) | representative: 'Contig511' (3557 nt)
2026-05-27 07:46:16 | SUCCESS  | VQ_CLU_0015 | 'Cladosporium fulvum T-1 virus' | 1 seq(s) | representative: 'Contig193' (1603 nt)
2026-05-27 07:46:17 | SUCCESS  | VQ_CLU_0016 | 'Diachasmimorpha longicaudata entomopoxvirus' | 6 seq(s) | representative: 'Contig240' (8375 nt)
2026-05-27 07:46:17 | SUCCESS  | VQ_CLU_0017 | 'Diadromus pulchellus ascovirus 4a' | 3 seq(s) | representative: 'Contig453' (4121 nt)
2026-05-27 07:46:17 | SUCCESS  | VQ_CLU_0018 | 'Ectocarpus siliculosus virus 1' | 1 seq(s) | representative: 'Contig253' (19147 nt)
2026-05-27 07:46:17 | SUCCESS  | VQ_CLU_0019 | 'Escherichia phage DE3' | 1 seq(s) | representative: 'Contig256' (1366 nt)
2026-05-27 07:46:18 | SUCCESS  | VQ_CLU_0020 | 'Fadolivirus algeromassiliense' | 4 seq(s) | representative: 'Contig450' (3057 nt)
2026-05-27 07:46:18 | SUCCESS  | VQ_CLU_0021 | 'Feldmannia irregularis virus a' | 1 seq(s) | representative: 'Contig401' (7822 nt)
2026-05-27 07:46:18 | SUCCESS  | VQ_CLU_0022 | 'Feldmannia species virus' | 1 seq(s) | representative: 'Contig400' (6843 nt)
2026-05-27 07:46:18 | SUCCESS  | VQ_CLU_0023 | 'Feline sarcoma virus (STRAIN HARDY-ZUCKERMAN 4)' | 1 seq(s) | representative: 'Contig445' (3178 nt)
2026-05-27 07:46:19 | SUCCESS  | VQ_CLU_0024 | 'Flamingopox virus FGPVKD09' | 3 seq(s) | representative: 'Contig79' (910 nt)
2026-05-27 07:46:19 | SUCCESS  | VQ_CLU_0025 | 'Fowlpox virus' | 1 seq(s) | representative: 'Contig493' (1555 nt)
2026-05-27 07:46:19 | SUCCESS  | VQ_CLU_0026 | 'Gibbon ape leukemia virus' | 3 seq(s) | representative: 'Contig530' (7021 nt)
2026-05-27 07:46:19 | SUCCESS  | VQ_CLU_0027 | 'Ichnoviriform fugitivi' | 1 seq(s) | representative: 'Contig269' (3057 nt)
2026-05-27 07:46:19 | SUCCESS  | VQ_CLU_0028 | 'Lausannevirus' | 1 seq(s) | representative: 'Contig301' (4293 nt)
2026-05-27 07:46:19 | SUCCESS  | VQ_CLU_0029 | 'Malacosoma neustria nucleopolyhedrovirus' | 1 seq(s) | representative: 'Contig385' (11460 nt)
2026-05-27 07:46:19 | SUCCESS  | VQ_CLU_0030 | 'Methanocaldococcus fervens tailed virus 1' | 1 seq(s) | representative: 'Contig427' (1285 nt)
2026-05-27 07:46:19 | SUCCESS  | VQ_CLU_0031 | 'Moumouvirus goulette' | 1 seq(s) | representative: 'Contig393' (2575 nt)
2026-05-27 07:46:19 | SUCCESS  | VQ_CLU_0032 | 'Mus dunni endogenous virus' | 1 seq(s) | representative: 'Contig531' (3189 nt)
2026-05-27 07:46:20 | SUCCESS  | VQ_CLU_0033 | 'Orpheovirus IHUMI-LCC2' | 3 seq(s) | representative: 'Contig418' (2909 nt)
2026-05-27 07:46:21 | SUCCESS  | VQ_CLU_0034 | 'Oryctes rhinoceros nudivirus' | 2 seq(s) | representative: 'Contig491' (4009 nt)
2026-05-27 07:46:21 | SUCCESS  | VQ_CLU_0035 | 'Pandoravirus neocaledonia' | 1 seq(s) | representative: 'Contig502' (4969 nt)
2026-05-27 07:46:21 | SUCCESS  | VQ_CLU_0036 | 'Pandoravirus quercus' | 1 seq(s) | representative: 'Contig484' (2393 nt)
2026-05-27 07:46:21 | SUCCESS  | VQ_CLU_0037 | 'Pandoravirus salinus' | 1 seq(s) | representative: 'Contig73' (1748 nt)
2026-05-27 07:46:21 | SUCCESS  | VQ_CLU_0038 | 'Paramecium bursaria Chlorella virus NY2A' | 1 seq(s) | representative: 'Contig132' (2785 nt)
2026-05-27 07:46:21 | SUCCESS  | VQ_CLU_0039 | 'Pithovirus sibericum' | 1 seq(s) | representative: 'Contig254' (4957 nt)
2026-05-27 07:46:21 | SUCCESS  | VQ_CLU_0040 | 'Prochlorococcus phage P-TIM68' | 1 seq(s) | representative: 'Contig247' (1903 nt)
2026-05-27 07:46:21 | SUCCESS  | VQ_CLU_0041 | 'Robinvale bee virus 2' | 1 seq(s) | representative: 'Contig125' (4976 nt)
2026-05-27 07:46:21 | SUCCESS  | VQ_CLU_0042 | 'Sanya cydistomyia duplonotatay narnavirus 1' | 3 seq(s) | representative: 'Contig513' (2563 nt)
2026-05-27 07:46:21 | SUCCESS  | VQ_CLU_0043 | 'Tjuloc virus' | 1 seq(s) | representative: 'Contig224' (1840 nt)
2026-05-27 07:46:21 | SUCCESS  | VQ_CLU_0044 | 'Trichoplusia ni TED virus' | 1 seq(s) | representative: 'Contig194' (1356 nt)
2026-05-27 07:46:21 | SUCCESS  | VQ_CLU_0045 | 'Trichoplusia ni ascovirus 2c' | 1 seq(s) | representative: 'Contig320' (3169 nt)
2026-05-27 07:46:21 | SUCCESS  | VQ_CLU_0046 | 'Tupanvirus deep ocean' | 1 seq(s) | representative: 'Contig302' (3457 nt)
2026-05-27 07:46:22 | SUCCESS  | VQ_CLU_0047 | 'Tupanvirus soda lake' | 2 seq(s) | representative: 'Contig449' (1911 nt)
2026-05-27 07:46:22 | SUCCESS  | VQ_CLU_0048 | 'Turkeypox virus' | 1 seq(s) | representative: 'Contig113' (2391 nt)
2026-05-27 07:46:22 | SUCCESS  | VQ_CLU_0049 | 'Vespula vulgaris Partiti-like virus 1' | 1 seq(s) | representative: 'Contig337' (2261 nt)
2026-05-27 07:46:22 | SUCCESS  | VQ_CLU_0050 | 'Wiseana iridescent virus' | 1 seq(s) | representative: 'Contig100' (1848 nt)
2026-05-27 07:46:22 | SUCCESS  | VQ_CLU_0051 | 'Yaba monkey tumor virus' | 1 seq(s) | representative: 'Contig165' (2345 nt)
2026-05-27 07:46:23 | SUCCESS  | VQ_CLU_0052 | 'Yaba-like disease virus' | 2 seq(s) | representative: 'Contig282' (3515 nt)
2026-05-27 07:46:23 | SUCCESS  | VQ_CLU_0053 | 'brine shrimp flavi-like virus 1' | 1 seq(s) | representative: 'Contig274' (8713 nt)
2026-05-27 07:46:23 | INFO     | Exporting reports...
2026-05-27 07:46:23 | INFO     | Viral contigs FASTA (101 seqs) → devout/test_viral_contigs.fasta
2026-05-27 07:46:23 | INFO     | Exporter: 538 sequence(s) excluded — did not pass NR BLASTx viral confirmation.
2026-05-27 07:46:23 | SUCCESS  | Report written → 'devout/test_viralquest.json'  (9 sequences, 7 clusters).
2026-05-27 07:46:23 | SUCCESS  | Done — 101 viral sequences, 53 clusters.
  JSON  → devout/test_viralquest.json
  HTML  → devout/test_viralquest.html
  FASTA → devout/test_viral_contigs.fasta
